Viewing ID,Viewer ID,Pulse Permissions,Role,User Email,Start time,Start date,Sign up status,Finish time,Finish date,Geolocation,Accepted terms,Consent analytics,Completion percentage,Position,Language,Viewing path,Offline,Distribution,Points,"In a typical week, how physically active are you? (range)",Which types of sport do you take part in most often? (pickMany),What do you enjoy most about sport? (pickOne),Playing sport or being active helps me… - connect with people different from me (matrix),Playing sport or being active helps me… - feel more confident in myself (matrix),Playing sport or being active helps me… - feel like I belong (matrix),Playing sport or being active helps me… - deal with challenges in life (matrix),Playing sport or being active helps me… - stay calm when things get hard (matrix),Playing sport or being active helps me… - care more about the planet (matrix),Playing sport or being active helps me… - feel connected to nature (matrix),Playing sport or being active helps me… - believe I can make a difference (matrix),Does sport influence how hopeful you feel about your life? (range),How important is sport to supporting your mental well-being? (rating),Which skills are you developing through sport? (decision - No),Which skills are you developing through sport? (decision - ),Which skills are you developing through sport? (decision - Yes),"When things go wrong in your life, how confident are you that you can bounce back? (netPromoter)",How easy is it for you to access sport where you live? (range),What makes it difficult for you to take part in sport regularly? (pickOne),Adults involved in sport... (decision - No),Adults involved in sport... (decision - ),Adults involved in sport... (decision - Yes),Do events like the World Cup make you feel more connected to your local community? (pickOne),What would help more young people take part in sport where you live? (pickMany),Do you feel your voice is heard when decisions are made about sport in your community? (range),When were you born? (age),What country do you live in? (location),What gender do you identify as? (gender),"In a typical week, how physically active are you? dwell time",Which types of sport do you take part in most often? dwell time,What do you enjoy most about sport? dwell time,Playing sport or being active helps me… dwell time,Does sport influence how hopeful you feel about your life? dwell time,How important is sport to supporting your mental well-being? dwell time,Which skills are you developing through sport? dwell time,"When things go wrong in your life, how confident are you that you can bounce back? dwell time",How easy is it for you to access sport where you live? dwell time,What makes it difficult for you to take part in sport regularly? dwell time,Adults involved in sport... dwell time,Do events like the World Cup make you feel more connected to your local community? dwell time,What would help more young people take part in sport where you live? dwell time,Do you feel your voice is heard when decisions are made about sport in your community? dwell time,When were you born? dwell time,What country do you live in? dwell time,What gender do you identify as? dwell time,Transcriptions,Device type,Browser
QF-qIpTKe9Q,QF-qIoknODc,false,Anonymous,Guest,01:59:39 PM,29/05/2026,false,01:59:39 PM,29/05/2026,"",true,true,52.63,10/19,en,"[""1"", ""2"", ""3"", ""4"", 5, 6, 7, 8, 9, 10]",false,"",9,2+ hours a week,Informal play with friends ||| Gym or exercise,Spending time with friends,4,2,4,3,5,5,1,2,"Yes, a lot",Quite important,"[""Confidence ||| Leadership ||| Problem-solving ||| Focus ||| Teamwork""]",[],"[""Speaking up ||| Social Connections ||| Handling stress""]",Confident,Very easy,"",[],[],[],"","","","","","",2,2,2,8,2,3,10,3,2,0,0,0,0,0,0,0,0,"",Desktop,Chrome 148.0
QF-sTmCosjU,QF-sTk_a7cY,false,Anonymous,Guest,02:07:13 PM,29/05/2026,false,02:07:13 PM,29/05/2026,"",true,true,15.79,3/19,en,"[1, 2, 3]",false,"",2,2+ hours a week,Community sport club ||| Informal play with friends ||| Gym or exercise,"","","","","","","","","","","",[],[],[],"","","",[],[],[],"","","","","","",4,3,0,0,0,0,0,0,0,0,0,0,0,0,0,0,0,"",Desktop,Chrome 148.0
QGAXXBSWS0o,QGAXXAjoPuA,false,Anonymous,Guest,02:51:48 PM,29/05/2026,false,02:51:48 PM,29/05/2026,"",true,true,100.00,19/19,en,"[1, 2, 3, 4, 5, 6, 7, 8, 9, 10, 11, 12, 13, 14, 15, 16, 17, 18, 19]",false,"",34,2+ hours a week,Informal play with friends ||| Gym or exercise,Feeling healthy or strong,2,1,5,4,3,5,2,4,"Yes, a lot",Very important,[],[],"[""Teamwork ||| Leadership ||| Social Connections ||| Handling stress ||| Problem-solving ||| Confidence ||| Focus ||| Speaking up""]",Very confident,Very difficult,School or work pressure,[],[],"[""positively influence my experience ||| help me feel more confident ||| make me feel comfortable asking them for help ||| help create safe environments ||| make me feel included""]",Not really,Fun social activities ||| Supportive coaches ||| Free or low-cost activities,Always,2026-06-01,England,Male,8,15,10,45,9,6,18,6,5,6,13,7,12,8,0,0,0,"",Desktop,Chrome 148.0
QGCaZH_cjJk,QGCaZHV9hI8,false,Anonymous,Guest,05:13:57 PM,29/05/2026,false,05:13:57 PM,29/05/2026,"",true,true,100.00,19/19,en,"[1, 2, 3, 4, 5, 6, 7, 8, 9, 10, 12, 13, 14, 15, 16, 17, 18, 19]",false,"",33,2+ hours a week,Gym or exercise,Feeling confident,5,5,5,5,5,2,2,2,"Yes, a lot",Very important,[],[],"[""Problem-solving ||| Leadership ||| Focus ||| Handling stress ||| Speaking up ||| Social Connections ||| Confidence ||| Teamwork""]",Very confident,Quite easy,"",[],[],"[""make me feel comfortable asking them for help ||| help create safe environments ||| positively influence my experience ||| help me feel more confident ||| make me feel included""]","Yes, a lot",Feeling welcome ||| Free or low-cost activities ||| Better places to play,Rarely,1994-02-01,"New York City, United States",Female,7,7,6,31,5,4,27,7,5,0,9,5,17,6,0,0,0,"",Desktop,Chrome 148.0
QF-79pwxOkE,QF-79pLA5vY,false,Anonymous,Guest,06:12:25 PM,29/05/2026,false,06:12:25 PM,29/05/2026,"",true,true,100.00,19/19,en,"[1, 2, 3, 4, 5, 6, 7, 8, 9, 10, 11, 12, 13, 14, 15, 16, 17, 18, 19]",false,"",34,About 1–2 hours a week,Dance or movement ||| Informal play with friends,Having fun,5,4,2,3,3,3,4,2,"Yes, a lot",Quite important,"[""Handling stress ||| Leadership ||| Speaking up""]",[],"[""Problem-solving ||| Social Connections ||| Focus ||| Confidence ||| Teamwork""]",Very confident,Very difficult,Other (please share) [XYZ],"[""make me feel included""]",[],"[""help me feel more confident ||| positively influence my experience ||| help create safe environments ||| make me feel comfortable asking them for help""]",Not really,More choice in activities ||| Free or low-cost activities ||| Feeling welcome,Never,2003-05-15,Canada,Non-binary,14,121,38,75,14,13,19,11,9,13,154,8,23,7,0,0,0,"",Desktop,Chrome 145.0
QGD8j_QWQxM,QGD8j9iu6hg,false,Anonymous,Guest,06:58:10 PM,29/05/2026,false,06:58:10 PM,29/05/2026,"",true,true,5.26,1/19,en,[1],false,"",0,"","","","","","","","","","","","","",[],[],[],"","","",[],[],[],"","","","","","",0,0,0,0,0,0,0,0,0,0,0,0,0,0,0,0,0,"",Mobile,Safari 604.1
QGD9A7MPDvc,QGD9A6lJ7jM,false,Anonymous,Guest,07:03:02 PM,29/05/2026,false,07:03:02 PM,29/05/2026,"",true,true,100.00,19/19,en,"[1, 2, 3, 4, 5, 6, 7, 8, 9, 10, 12, 13, 14, 15, 16, 17, 18, 19]",false,"",33,2+ hours a week,Dance or movement ||| Gym or exercise,Feeling confident,4,4,3,4,4,3,3,4,Sometimes,Quite important,[],[],"[""Focus ||| Social Connections ||| Teamwork ||| Handling stress ||| Speaking up ||| Problem-solving ||| Confidence ||| Leadership""]",Confident,Quite easy,"",[],[],"[""help create safe environments ||| help me feel more confident ||| make me feel comfortable asking them for help ||| positively influence my experience ||| make me feel included""]","Yes, a lot",More choice in activities ||| Feeling welcome ||| Better places to play,Often,1995-01-10,"New York City, United States",Female,6,9,19,27,5,23,13,6,5,0,12,4,41,9,0,0,0,"",Mobile,Safari 604.1
QGEPCVBFlcE,QGEPCTODg-k,false,Anonymous,Guest,07:18:30 PM,29/05/2026,false,07:18:30 PM,29/05/2026,"",true,true,31.58,6/19,en,"[1, 2, 3, 4, 5, 6]",false,"",5,About 1–2 hours a week,Community sport club ||| Informal play with friends,Relaxing or reducing stress,5,1,5,5,5,5,5,5,Sometimes,"",[],[],[],"","","",[],[],[],"","","","","","",3,3,2,8,3,0,0,0,0,0,0,0,0,0,0,0,0,"",Desktop,Chrome 145.0
QGHSH03uBYk,QGHSH0JCr3w,false,Anonymous,Guest,10:52:45 PM,29/05/2026,false,"","","",true,false,"","",en,"",false,"",8,About 30–60 minutes a week,Online/virtual fitness ||| Gym or exercise,Relaxing or reducing stress,3,1,2,2,5,4,5,4,Sometimes,Quite important,[],[],"[""Speaking up ||| Teamwork ||| Confidence ||| Handling stress ||| Leadership ||| Problem-solving ||| Focus ||| Social Connections""]",Very confident,"","",[],[],[],"","","","","","",7,11,11,31,8,5,12,7,0,0,0,0,0,0,0,0,0,"",Desktop,Edge 148.0
QG65uHq8fz4,QG65uHJIspk,false,Anonymous,Guest,11:05:56 AM,01/06/2026,false,11:05:56 AM,01/06/2026,"",true,true,78.95,15/19,en,"[1, 2, 3, 4, 5, 6, 7, 8, 9, 10, 12, 13, 14, 15]",false,"",13,2+ hours a week,Online/virtual fitness,Spending time with friends,3,1,1,3,3,4,2,3,"Yes, a lot",Very important,"[""Speaking up ||| Focus ||| Handling stress ||| Teamwork""]",[],"[""Leadership ||| Confidence ||| Social Connections ||| Problem-solving""]",Very confident,Very easy,"",[],[],"[""help create safe environments ||| make me feel comfortable asking them for help ||| positively influence my experience ||| help me feel more confident ||| make me feel included""]","Yes, a lot",More choice in activities ||| Feeling welcome ||| Supportive coaches,Always,"","","",11,19,66,86,14,29,12,5,4,0,62,3,5,3,0,0,0,"",Desktop,Chrome 148.0
QHDdnPZIjqU,QHDdnOmyEp0,false,Anonymous,Guest,08:58:44 PM,01/06/2026,false,08:58:44 PM,01/06/2026,"",true,true,36.84,7/19,en,"[1, 2, 3, 4, 5, 6, 7]",false,"",6,Less than 30 minutes a week,Online/virtual fitness ||| Gym or exercise,Learning new skills,3,2,5,3,1,3,3,3,"Yes, a lot",Quite important,[],[],[],"","","",[],[],[],"","","","","","",7,5,4,8,7,3,0,0,0,0,0,0,0,0,0,0,0,"",Desktop,Chrome 145.0
QHFB4UOjpEg,QHFB4TsrF34,false,Anonymous,Guest,10:47:40 PM,01/06/2026,false,10:47:40 PM,01/06/2026,"",true,true,10.53,2/19,en,"[1, 2]",false,"",1,2+ hours a week,"","","","","","","","","","","","",[],[],[],"","","",[],[],[],"","","","","","",3,0,0,0,0,0,0,0,0,0,0,0,0,0,0,0,0,"",Desktop,Chrome 148.0
QHFRhpfBbjU,QHFRhpDx3WI,false,Anonymous,Guest,11:06:16 PM,01/06/2026,false,11:06:16 PM,01/06/2026,"",true,true,100.00,19/19,en,"[1, 2, 3, 4, 5, 6, 7, 8, 9, 10, 12, 13, 14, 15, 16, 17, 18, 19]",false,"",33,2+ hours a week,Informal play with friends ||| Gym or exercise ||| Community sport club,Being part of a team,3,5,2,3,4,1,5,4,"Yes, a lot",Very important,"[""Teamwork ||| Problem-solving ||| Focus""]",[],"[""Handling stress ||| Leadership ||| Speaking up ||| Social Connections ||| Confidence""]",Very confident,Very easy,"","[""make me feel comfortable asking them for help ||| help me feel more confident""]",[],"[""positively influence my experience ||| help create safe environments ||| make me feel included""]",Not really,Supportive coaches ||| Free or low-cost activities ||| Better places to play,Always,2026-04-01,England,Non-binary,3,3,3,8,11,4,11,4,3,0,11,5,3,5,0,0,0,"",Mobile,Safari 604.1
QHFT2Xd8srI,QHFT2W4rUvw,false,Anonymous,Guest,11:16:31 PM,01/06/2026,false,11:16:31 PM,01/06/2026,"",true,true,94.74,18/19,en,"[""1"", ""2"", ""3"", ""4"", ""5"", ""6"", ""7"", ""8"", ""9"", ""10"", ""12"", ""13"", ""14"", ""15"", ""16"", 17, 18]",false,"",33,2+ hours a week,Dance or movement ||| Informal play with friends ||| Gym or exercise,Relaxing or reducing stress,3,1,5,3,2,4,1,2,"Yes, a lot",Quite important,"[""Speaking up ||| Leadership ||| Problem-solving ||| Teamwork""]",[],"[""Confidence ||| Focus ||| Social Connections ||| Handling stress""]",Somewhat confident,Very easy,"","[""help create safe environments ||| make me feel comfortable asking them for help""]",[],"[""make me feel included ||| help me feel more confident ||| positively influence my experience""]",A little,Fun social activities ||| Supportive coaches ||| Feeling welcome,Always,2026-07-01,England,Other,3,3,3,9,4,4,10,4,3,0,10,3,5,4,0,0,0,"",Desktop,Chrome 148.0
QHXwawS3A8Q,QHXwav3yIuY,false,Anonymous,Guest,08:44:04 PM,02/06/2026,false,08:44:04 PM,02/06/2026,"",true,true,100.00,19/19,en,"[1, 2, 3, 4, 5, 6, 7, 8, 9, 10, 12, 13, 14, 15, 16, 17, 18, 19]",false,"",14,2+ hours a week,Informal play with friends ||| Gym or exercise ||| Community sport club,Learning new skills,4,1,2,2,3,5,5,3,"Yes, a lot",Very important,"[""Social Connections ||| Leadership ||| Confidence ||| Teamwork""]",[],"[""Focus ||| Handling stress ||| Speaking up ||| Problem-solving""]",Very confident,Very easy,"","[""help create safe environments ||| make me feel comfortable asking them for help""]",[],"[""help me feel more confident ||| positively influence my experience ||| make me feel included""]",A little,Fun social activities ||| Supportive coaches ||| Feeling welcome,Always,2026-08-01,Algeria,Non-binary,4,3,3,9,4,3,11,5,4,0,11,3,5,3,0,0,0,"",Desktop,Chrome 148.0
QHYzSXjNzWo,QHYzSXHxrsM,false,Anonymous,Guest,09:51:05 PM,02/06/2026,false,09:51:05 PM,02/06/2026,"",true,true,94.74,18/19,en,"[1, 2, 3, 4, 5, 6, 7, 8, 9, 10, 12, 13, 14, 15, 16, 17, 18]",false,"",13,2+ hours a week,Informal play with friends ||| Gym or exercise ||| Dance or movement,Learning new skills,3,3,5,3,2,1,5,4,"Yes, a lot",Very important,"[""Speaking up ||| Leadership ||| Confidence ||| Focus""]",[],"[""Problem-solving ||| Teamwork ||| Handling stress ||| Social Connections""]",Slightly confident,Very easy,"","[""make me feel included ||| help me feel more confident""]",[],"[""positively influence my experience ||| make me feel comfortable asking them for help ||| help create safe environments""]",Not sure,Feeling welcome ||| Fun social activities ||| Supportive coaches,Always,2026-03-01,Central African Republic,Prefer not to say,3,3,3,8,4,4,11,3,3,0,7,3,3,4,0,0,0,"",Desktop,Chrome 148.0
QHY7oHUEcGg,QHY7oG2GgV8,false,Anonymous,Guest,09:59:41 PM,02/06/2026,false,09:59:41 PM,02/06/2026,"",true,true,36.84,7/19,en,"[1, 2, 3, 4, 5, 6, 7]",false,"",6,About 1–2 hours a week,Informal play with friends ||| Community sport club,Being part of a team,5,3,2,2,5,4,1,2,Sometimes,Very important,[],[],[],"","","",[],[],[],"","","","","","",4,15,3,9,3,14,0,0,0,0,0,0,0,0,0,0,0,"",Mobile,Safari 604.1
QHZBLCWpfZg,QHZBLB3R5ZE,false,Anonymous,Guest,10:16:24 PM,02/06/2026,false,10:16:24 PM,02/06/2026,"",true,true,52.63,10/19,en,"[""1"", ""2"", ""3"", ""4"", 5, 6, 7, 8, 9, 10]",false,"",9,About 1–2 hours a week,Community sport club ||| Informal play with friends ||| Gym or exercise,Spending time with friends,"","","",3,"","",3,3,"Yes, a lot",Quite important,"[""Problem-solving""]",[],"[""Confidence ||| Teamwork ||| Leadership ||| Handling stress ||| Social Connections ||| Speaking up ||| Focus""]",Very confident,Very easy,"",[],[],[],"","","","","","",34,3,5,308,3,261,14,3,6,0,0,0,0,0,0,0,0,"",Desktop,Chrome 148.0
QHZzEaRjCMo,QHZzEZj9IsM,false,Anonymous,Guest,11:00:19 PM,02/06/2026,false,"","","",true,false,"","",en,"",false,"",8,2+ hours a week,Online/virtual fitness,Spending time with friends,4,3,5,3,3,2,1,4,Not at all,Neutral,[],[],"[""Teamwork ||| Social Connections ||| Handling stress ||| Focus ||| Leadership ||| Speaking up ||| Problem-solving ||| Confidence""]",Very confident,"","",[],[],[],"","","","","","",8,4,3,13,6,3,12,5,0,0,0,0,0,0,0,0,0,"",Desktop,Edge 148.0
QHaNsBtNAq8,QHaNsA7HXFo,false,Anonymous,Guest,11:28:51 PM,02/06/2026,false,11:28:51 PM,02/06/2026,"",true,true,31.58,6/19,en,"[1, 2, 3, 4, 5, 6]",false,"",5,About 1–2 hours a week,Dance or movement,Learning new skills,3,3,3,3,3,3,3,3,Sometimes,"",[],[],[],"","","",[],[],[],"","","","","","",3,3,2,8,2,0,0,0,0,0,0,0,0,0,0,0,0,"",Mobile,Safari 604.1
QHgwSojdEjo,QHgwSnwrsQw,false,Anonymous,Guest,07:11:01 AM,03/06/2026,false,07:11:01 AM,03/06/2026,"",true,true,78.95,15/19,en,"[1, 2, 3, 4, 5, 6, 7, 8, 9, 10, 12, 13, 14, 15]",false,"",13,2+ hours a week,Community sport club ||| Gym or exercise,Feeling healthy or strong,3,3,3,5,5,4,4,5,"Yes, a lot",Very important,[],[],"[""Confidence ||| Leadership ||| Teamwork ||| Problem-solving ||| Focus ||| Speaking up ||| Social Connections ||| Handling stress""]",Very confident,Very easy,"",[],[],"[""help create safe environments ||| help me feel more confident ||| make me feel comfortable asking them for help ||| make me feel included ||| positively influence my experience""]",A little,More choice in activities ||| Free or low-cost activities ||| Supportive coaches,Rarely,"","","",18,46,17,57,6,8,25,21,11,0,24,5,25,14,0,0,0,"",Mobile,Safari 604.1
QHmKMiKbqpE,QHmKMhjU8VU,false,Anonymous,Guest,01:23:38 PM,03/06/2026,false,01:23:38 PM,03/06/2026,"",true,true,5.26,1/19,en,[1],false,"",0,"","","","","","","","","","","","","",[],[],[],"","","",[],[],[],"","","","","","",0,0,0,0,0,0,0,0,0,0,0,0,0,0,0,0,0,"",Desktop,Chrome 148.0
QHmTTq7ZHFI,QHmTTqKsjU0,false,Anonymous,Guest,01:33:37 PM,03/06/2026,false,01:33:38 PM,03/06/2026,"",true,true,10.53,2/19,en,"[1, 2]",false,"",1,About 1–2 hours a week,"","","","","","","","","","","","",[],[],[],"","","",[],[],[],"","","","","","",8,0,0,0,0,0,0,0,0,0,0,0,0,0,0,0,0,"",Desktop,Chrome 148.0
QHmlXF6oF-Y,QHmlXFYcKfo,false,Anonymous,Guest,01:54:51 PM,03/06/2026,false,"","","",true,false,"","",en,"",false,"",13,2+ hours a week,Dance or movement,Having fun,3,5,2,3,4,5,1,2,"Yes, a lot",Neutral,[],[],"[""Focus ||| Social Connections ||| Problem-solving ||| Speaking up ||| Confidence ||| Leadership ||| Teamwork ||| Handling stress""]",Very confident,Very easy,"",[],[],"[""help me feel more confident ||| make me feel included ||| positively influence my experience ||| help create safe environments ||| make me feel comfortable asking them for help""]",Not really,Fun social activities ||| Feeling welcome ||| Better places to play,Always,"","","",8,3,5,10,6,3,12,4,3,0,9,4,5,4,0,0,0,"",Desktop,Edge 148.0
QHozXkY6Gmk,QHozXjyIGY0,false,Anonymous,Guest,04:28:31 PM,03/06/2026,false,04:28:31 PM,03/06/2026,"",true,true,5.26,1/19,en,[1],false,"",0,"","","","","","","","","","","","","",[],[],[],"","","",[],[],[],"","","","","","",0,0,0,0,0,0,0,0,0,0,0,0,0,0,0,0,0,"",Desktop,Edge 148.0
QHo22VK_ZxE,QHo22Uknu2U,false,Anonymous,Guest,04:33:20 PM,03/06/2026,false,04:33:20 PM,03/06/2026,"",true,true,15.79,3/19,en,"[1, 2, 3]",false,"",2,About 30–60 minutes a week,Dance or movement,"","","","","","","","","","","",[],[],[],"","","",[],[],[],"","","","","","",17,57,0,0,0,0,0,0,0,0,0,0,0,0,0,0,0,"",Desktop,Edge 148.0
QHoz3nxcrM0,QHoz3nJtyes,false,Anonymous,Guest,04:33:55 PM,03/06/2026,false,04:33:55 PM,03/06/2026,"",true,true,100.00,19/19,en,"[1, 2, 3, 4, 5, 6, 7, 8, 9, 10, 12, 13, 14, 15, 16, 17, 18, 19]",false,"",14,2+ hours a week,Gym or exercise,Relaxing or reducing stress,3,5,3,5,5,3,3,3,"Yes, a lot",Very important,"[""Speaking up""]",[],"[""Focus ||| Teamwork ||| Social Connections ||| Problem-solving ||| Leadership ||| Handling stress ||| Confidence""]",Confident,Quite easy,"","[""make me feel comfortable asking them for help ||| positively influence my experience ||| help me feel more confident ||| make me feel included""]",[],"[""help create safe environments""]",A little,More choice in activities ||| Free or low-cost activities ||| Better places to play,Always,1994-12-01,Brazil,Female,9,8,33,42,7,4,19,15,7,0,17,5,17,5,0,0,0,"",Desktop,Edge 148.0
QHmsIMNGsXU,QHmsILVk2pY,false,Anonymous,Guest,04:36:46 PM,03/06/2026,false,04:36:46 PM,03/06/2026,"",true,true,89.47,17/19,en,"[1, 2, 3, 4, 5, 6, 7, 8, 9, 10, 12, 13, 14, 15, 16, 17]",false,"",13,About 1–2 hours a week,Dance or movement ||| Gym or exercise,Spending time with friends,5,2,4,3,5,3,3,3,Sometimes,Neutral,"[""Speaking up ||| Focus""]",[],"[""Social Connections ||| Confidence ||| Leadership ||| Teamwork ||| Problem-solving ||| Handling stress""]",Confident,Quite easy,"",[],[],"[""make me feel comfortable asking them for help ||| positively influence my experience ||| make me feel included ||| help create safe environments ||| help me feel more confident""]",A little,Fun social activities ||| Supportive coaches ||| Better places to play,Always,1993-05-01,"Palestine, State of","",7,4,3,11,3,3,12,6,3,0,11,5,11,4,0,0,0,"",Desktop,Chrome 145.0
QHpe7RM523I,QHpe7QcW1IM,false,Anonymous,Guest,05:57:22 PM,03/06/2026,false,05:57:22 PM,03/06/2026,"",true,true,91.67,44/48,en,"[""1"", ""2"", ""3"", ""4"", ""5"", ""6"", ""7"", ""8"", ""9"", ""10"", 11, 12, 43, 44]",false,"",0,"","","","","","","","","","","","","",[],[],[],"","","",[],[],[],"","","",2026-03-01,"","",0,0,0,0,0,0,0,0,0,0,0,0,0,0,0,0,0,"",Desktop,Chrome 148.0
QHozcYiwanE,QHozcYA2PYU,false,Anonymous,Guest,06:07:12 PM,03/06/2026,false,06:07:13 PM,03/06/2026,"",true,true,100.00,19/19,en,"[1, 2, 3, 4, 5, 6, 7, 8, 9, 10, 12, 13, 14, 15, 16, 17, 18, 19]",false,"",14,Less than 30 minutes a week,I don’t regularly take part,Relaxing or reducing stress,3,1,2,5,4,3,2,1,Sometimes,Very important,[],[],"[""Speaking up ||| Confidence ||| Teamwork ||| Leadership ||| Social Connections ||| Handling stress ||| Problem-solving ||| Focus""]",Very confident,Quite easy,"",[],[],"[""make me feel comfortable asking them for help ||| make me feel included ||| positively influence my experience ||| help create safe environments ||| help me feel more confident""]",A little,Better places to play ||| More choice in activities ||| Fun social activities,Never,2002-09-01,Brazil,Female,5652,10,11,25,12,4,20,10,15,0,16,18,50,8,0,0,0,"",Desktop,Edge 148.0
QHr32Rwcguw,QHr32RP4sCE,false,Anonymous,Guest,08:04:29 PM,03/06/2026,false,08:04:29 PM,03/06/2026,"",true,true,94.74,18/19,en,"[1, 2, 3, 4, 5, 6, 7, 8, 9, 10, 12, 13, 14, 15, 16, 17, 18]",false,"",13,2+ hours a week,Gym or exercise ||| Dance or movement,Learning new skills,3,5,4,3,2,1,5,4,"Yes, a lot",Quite important,"[""Focus ||| Speaking up ||| Leadership ||| Teamwork""]",[],"[""Problem-solving ||| Confidence ||| Handling stress ||| Social Connections""]",Very confident,Very easy,"","[""make me feel comfortable asking them for help ||| help me feel more confident ||| positively influence my experience""]",[],"[""help create safe environments ||| make me feel included""]","Yes, a lot",Supportive coaches ||| Free or low-cost activities ||| Better places to play,Always,2026-04-01,Albania,Non-binary,3,2,3,7,3,3,12,4,2,0,7,3,6,5,0,0,0,"",Desktop,Chrome 148.0
QH7pqxd3DRM,QH7pqw35dJI,false,Anonymous,Guest,02:30:32 PM,04/06/2026,false,02:30:32 PM,04/06/2026,"",true,true,5.26,1/19,en,[1],false,"",0,"","","","","","","","","","","","","",[],[],[],"","","",[],[],[],"","","","","","",0,0,0,0,0,0,0,0,0,0,0,0,0,0,0,0,0,"",Mobile,Mozilla 5.0
QH7s4w8e9Y8,QH7s4wm_f8w,false,Anonymous,Guest,02:36:48 PM,04/06/2026,false,02:36:48 PM,04/06/2026,"",true,true,100.00,19/19,en,"[1, 2, 3, 4, 5, 6, 7, 8, 9, 10, 11, 12, 13, 14, 15, 16, 17, 18, 19]",false,"",15,About 1–2 hours a week,Dance or movement ||| Gym or exercise,Relaxing or reducing stress,3,4,3,4,4,3,3,4,Sometimes,Neutral,[],[],"[""Social Connections ||| Speaking up ||| Confidence ||| Handling stress ||| Teamwork ||| Leadership ||| Problem-solving ||| Focus""]",Confident,Difficult,Cost,"[""help me feel more confident ||| make me feel included""]",[],"[""positively influence my experience ||| help create safe environments ||| make me feel comfortable asking them for help""]",A little,Supportive coaches ||| Better places to play ||| Free or low-cost activities,Often,2002-05-01,Cameroon,Male,28,22,31,47,10,8,25,21,12,30,31,12,28,9,0,0,0,"",Mobile,Chrome 148.0
QH76KwylX2o,QH76KwZnbMY,false,Anonymous,Guest,02:47:08 PM,04/06/2026,false,02:47:08 PM,04/06/2026,"",true,true,100.00,19/19,en,"[1, 2, 3, 4, 5, 6, 7, 8, 9, 10, 12, 13, 14, 15, 16, 17, 18, 19]",false,"",14,About 1–2 hours a week,Gym or exercise ||| Dance or movement,Being part of a team,1,4,5,4,2,3,4,5,"Yes, a lot",Quite important,[],[],"[""Teamwork ||| Focus ||| Social Connections ||| Confidence ||| Problem-solving ||| Speaking up ||| Handling stress ||| Leadership""]",Somewhat confident,Quite easy,"","[""make me feel comfortable asking them for help""]",[],"[""help create safe environments ||| make me feel included ||| help me feel more confident ||| positively influence my experience""]","Yes, a lot",Free or low-cost activities ||| More choice in activities ||| Supportive coaches,Always,1999-03-01,Canada,Female,12,12,14,23,8,5,22,9,8,0,23,5,13,5,0,0,0,"",Mobile,Safari 604.1
QH75r5XVq34,QH75r4_N7vs,false,Anonymous,Guest,02:47:57 PM,04/06/2026,false,02:47:57 PM,04/06/2026,"",true,true,100.00,19/19,en,"[1, 2, 3, 4, 5, 6, 7, 8, 9, 10, 12, 13, 14, 15, 16, 17, 18, 19]",false,"",14,2+ hours a week,Community sport club ||| Informal play with friends ||| Physical education (PE) or school sport,Competing,4,3,2,5,5,4,4,5,Sometimes,Quite important,[],[],"[""Leadership ||| Problem-solving ||| Speaking up ||| Social Connections ||| Handling stress ||| Confidence ||| Teamwork ||| Focus""]",Confident,Quite easy,"","[""help me feel more confident ||| make me feel comfortable asking them for help""]",[],"[""positively influence my experience ||| make me feel included ||| help create safe environments""]",A little,Free or low-cost activities ||| Better places to play ||| Supportive coaches,Often,2010-09-01,Pakistan,Female,12,14,12,32,6,6,18,8,4,0,17,5,15,19,0,0,0,"",Desktop,Chrome 148.0
QH7_xbKHlUc,QH7_xa12WBg,false,Anonymous,Guest,02:50:36 PM,04/06/2026,false,"","","",true,false,"","",en,"",false,"",4,2+ hours a week,Community sport club ||| Online/virtual fitness ||| Physical education (PE) or school sport,Feeling confident,4,4,4,4,4,4,4,4,"","",[],[],[],"","","",[],[],[],"","","","","","",15,27,19,35,0,0,0,0,0,0,0,0,0,0,0,0,0,"",Mobile,Safari 604.1
QH8G9ajf7lE,QH8G9Z7u7_o,false,Anonymous,Guest,03:00:49 PM,04/06/2026,false,03:00:49 PM,04/06/2026,"",true,true,52.63,10/19,en,"[1, 2, 3, 4, 5, 6, 7, 8, 9, 10]",false,"",9,Less than 30 minutes a week,I don’t regularly take part,Having fun,5,4,3,5,5,5,5,4,Sometimes,Quite important,"[""Speaking up""]",[],"[""Focus ||| Social Connections ||| Problem-solving ||| Teamwork ||| Handling stress ||| Confidence ||| Leadership""]",Confident,Quite easy,"",[],[],[],"","","","","","",17,12,16,59,7,4,20,7,5,0,0,0,0,0,0,0,0,"",Mobile,Chrome 148.0
QH8TQw_1rjY,QH8TQwdc_lw,false,Anonymous,Guest,03:13:43 PM,04/06/2026,false,03:13:43 PM,04/06/2026,"",true,true,47.37,9/19,en,"[1, 2, 3, 4, 5, 6, 7, 8, 9]",false,"",8,2+ hours a week,Community sport club,Feeling confident,5,5,5,5,5,5,5,5,"Yes, a lot",Quite important,[],[],"[""Teamwork ||| Handling stress ||| Confidence ||| Social Connections ||| Speaking up ||| Focus ||| Leadership ||| Problem-solving""]",Confident,"","",[],[],[],"","","","","","",31,15,10,28,7,10,13,12,0,0,0,0,0,0,0,0,0,"",Mobile,Chrome 148.0
QH8fN2dfiRs,QH8fN2EM5s4,false,Anonymous,Guest,03:25:09 PM,04/06/2026,false,03:25:09 PM,04/06/2026,"",true,true,21.05,4/19,en,"[1, 2, 3, 4]",false,"",3,Less than 30 minutes a week,Community sport club,Being part of a team,"","","","","","","","","","",[],[],[],"","","",[],[],[],"","","","","","",6,6,9,0,0,0,0,0,0,0,0,0,0,0,0,0,0,"",Mobile,Safari 604.1
QH8mHHEJDA8,QH8mHGmaIgI,false,Anonymous,Guest,03:32:24 PM,04/06/2026,false,03:32:24 PM,04/06/2026,"",true,true,15.79,3/19,en,"[1, 2, 3]",false,"",2,About 30–60 minutes a week,Dance or movement,"","","","","","","","","","","",[],[],[],"","","",[],[],[],"","","","","","",12,12,0,0,0,0,0,0,0,0,0,0,0,0,0,0,0,"",Desktop,Chrome 148.0
QH9X0qRMMa0,QH9X0pvnWd8,false,Anonymous,Guest,04:29:38 PM,04/06/2026,false,04:29:38 PM,04/06/2026,"",true,true,100.00,19/19,en,"[1, 2, 3, 4, 5, 6, 7, 8, 9, 10, 12, 13, 14, 15, 16, 17, 18, 19]",false,"",14,2+ hours a week,Gym or exercise ||| Informal play with friends ||| Dance or movement,Relaxing or reducing stress,5,4,5,5,5,5,5,5,"Yes, a lot",Very important,[],[],"[""Problem-solving ||| Teamwork ||| Speaking up ||| Handling stress ||| Confidence ||| Focus ||| Social Connections ||| Leadership""]",Slightly confident,Quite easy,"",[],[],"[""help me feel more confident ||| make me feel included ||| positively influence my experience ||| help create safe environments ||| make me feel comfortable asking them for help""]","Yes, a lot",Better places to play ||| Feeling welcome ||| Free or low-cost activities,Always,1997-04-01,Indonesia,Male,17,16,8,27,5,4,18,9,5,0,15,6,12,9,0,0,0,"",Mobile,Chrome 148.0
QH9aSnWaWdY,QH9aSm2_Pt8,false,Anonymous,Guest,04:35:32 PM,04/06/2026,false,04:35:32 PM,04/06/2026,"",true,false,"","",en,"",false,"",14,About 30–60 minutes a week,Gym or exercise ||| Informal play with friends,Feeling healthy or strong,5,3,3,4,5,3,3,4,Very little,Quite important,"[""Speaking up ||| Social Connections ||| Leadership""]",[],"[""Focus ||| Problem-solving ||| Handling stress ||| Teamwork ||| Confidence""]",Very confident,Very easy,"",[],[],"[""make me feel comfortable asking them for help ||| make me feel included ||| help create safe environments ||| positively influence my experience ||| help me feel more confident""]",Not really,Free or low-cost activities ||| Feeling welcome ||| Better places to play,Sometimes,1996-01-01,Peru,Female,8,19,43,158,11,8,25,13,9,0,19,7,23,7,0,0,0,"",Desktop,Chrome 148.0
QH_Ng6qPf4Y,QH_Ng6EcRnI,false,Anonymous,Guest,05:28:16 PM,04/06/2026,false,05:28:16 PM,04/06/2026,"",true,false,"","",en,"",false,"",14,Less than 30 minutes a week,Gym or exercise,Relaxing or reducing stress,5,3,4,5,4,5,4,5,Sometimes,Very important,[],[],"[""Problem-solving ||| Confidence ||| Focus ||| Social Connections ||| Speaking up ||| Handling stress ||| Leadership ||| Teamwork""]",Confident,Very easy,"",[],[],"[""positively influence my experience ||| make me feel comfortable asking them for help ||| help create safe environments ||| help me feel more confident ||| make me feel included""]","Yes, a lot",More choice in activities ||| Fun social activities ||| Free or low-cost activities,Never,Invalid date,Canada,Female,10,23,14,28,10,4,14,11,5,0,16,10,18,9,0,0,0,"",Mobile,Safari 604.1
QH_esIP1a9Q,QH_esHmcgwg,false,Anonymous,Guest,05:50:04 PM,04/06/2026,false,05:50:04 PM,04/06/2026,"",true,false,"","",en,"",false,"",14,2+ hours a week,Community sport club,Having fun,5,4,4,4,4,4,4,4,"Yes, a lot",Quite important,"[""Focus""]",[],"[""Handling stress ||| Social Connections ||| Speaking up ||| Confidence ||| Leadership ||| Problem-solving ||| Teamwork""]",Somewhat confident,Very easy,"","[""help me feel more confident ||| positively influence my experience ||| make me feel comfortable asking them for help""]",[],"[""make me feel included ||| help create safe environments""]","Yes, a lot",Better places to play ||| Feeling welcome ||| Fun social activities,Often,1993-07-01,[OTHER] Spain,Male,17,22,9,49,11,6,38,14,8,0,44,9,28,9,0,0,0,"",Mobile,Safari 604.1
QH_jlIGHUhQ,QH_jlHlIiOA,false,Anonymous,Guest,05:52:02 PM,04/06/2026,false,05:52:02 PM,04/06/2026,"",true,false,"","",en,"",false,"",14,About 1–2 hours a week,Informal play with friends ||| Physical education (PE) or school sport ||| Gym or exercise,Learning new skills,5,5,5,5,5,5,5,5,"Yes, a lot",Very important,[],[],"[""Leadership ||| Social Connections ||| Focus ||| Speaking up ||| Handling stress ||| Teamwork ||| Confidence ||| Problem-solving""]",Confident,Quite easy,"",[],[],"[""positively influence my experience ||| help create safe environments ||| make me feel included ||| make me feel comfortable asking them for help ||| help me feel more confident""]",A little,Better places to play ||| More choice in activities ||| Free or low-cost activities,Sometimes,2002-01-01,"Micronesia, Federated States of",Male,10,9,11,19,7,5,16,8,8,0,9,8,15,10,0,0,0,"",Mobile,Safari 604.1
QH-Hi3U8WnY,QH-Hi25foSo,false,Anonymous,Guest,06:33:11 PM,04/06/2026,false,06:33:12 PM,04/06/2026,"",true,true,100.00,19/19,en,"[1, 2, 3, 4, 5, 6, 7, 8, 9, 10, 12, 13, 14, 15, 16, 17, 18, 19]",false,"",14,2+ hours a week,Gym or exercise,Having fun,5,5,5,5,5,5,5,5,"Yes, a lot",Very important,[],[],"[""Leadership ||| Focus ||| Problem-solving ||| Social Connections ||| Speaking up ||| Handling stress ||| Teamwork ||| Confidence""]",Very confident,Very easy,"",[],[],"[""make me feel included ||| help create safe environments ||| help me feel more confident ||| make me feel comfortable asking them for help ||| positively influence my experience""]","Yes, a lot",Supportive coaches ||| Fun social activities ||| Better places to play,Always,1988-08-01,Ethiopia,Male,14,22,11,40,8,11,21,11,9,0,17,13,23,7,0,0,0,"",Mobile,Chrome 148.0
QH-o1anR6mo,QH-o1ZtUChw,false,Anonymous,Guest,07:05:16 PM,04/06/2026,false,"","","",true,false,"","",en,"",false,"",0,"","","","","","","","","","","","","",[],[],[],"","","",[],[],[],"","","","","","",0,0,0,0,0,0,0,0,0,0,0,0,0,0,0,0,0,"",Desktop,Chrome 148.0
QIAJrWjulX4,QIAJrV1-Ufg,false,Anonymous,Guest,07:43:16 PM,04/06/2026,false,07:43:16 PM,04/06/2026,"",true,true,100.00,19/19,en,"[1, 2, 3, 4, 5, 6, 7, 8, 9, 10, 12, 13, 14, 15, 16, 17, 18, 19]",false,"",14,2+ hours a week,Informal play with friends ||| Physical education (PE) or school sport,Spending time with friends,3,3,4,4,3,2,4,4,Sometimes,Quite important,"[""Speaking up""]",[],"[""Social Connections ||| Leadership ||| Teamwork ||| Handling stress ||| Focus ||| Confidence ||| Problem-solving""]",Confident,Very easy,"",[],[],"[""make me feel included ||| make me feel comfortable asking them for help ||| help me feel more confident ||| positively influence my experience ||| help create safe environments""]","Yes, a lot",Free or low-cost activities ||| Better places to play ||| More choice in activities,Sometimes,2010-10-01,United States,Male,9,12,8,29,8,6,13,6,4,0,7,4,12,3,0,0,0,"",Mobile,Safari 604.1
QIAz9rC_PzY,QIAz9qhUe58,false,Anonymous,Guest,08:34:32 PM,04/06/2026,false,08:34:32 PM,04/06/2026,"",true,false,"","",en,"",false,"",14,2+ hours a week,Informal play with friends,Competing,5,5,4,5,3,3,2,5,"Yes, a lot",Very important,[],[],"[""Social Connections ||| Leadership ||| Focus ||| Speaking up ||| Handling stress ||| Confidence ||| Problem-solving ||| Teamwork""]",Confident,Very easy,"",[],[],"[""help create safe environments ||| make me feel included ||| help me feel more confident ||| positively influence my experience ||| make me feel comfortable asking them for help""]","Yes, a lot",Fun social activities ||| Feeling welcome ||| More choice in activities,Rarely,Invalid date,Morocco,Male,100,33,22,67,13,16,26,25,10,0,23,10,29,12,0,0,0,"",Mobile,Safari 604.1
QIBqi23Xf7E,QIBqi2PAU4A,false,Anonymous,Guest,09:26:32 PM,04/06/2026,false,"","","",true,false,"","",en,"",false,"",1,2+ hours a week,"","","","","","","","","","","","",[],[],[],"","","",[],[],[],"","","","","","",11,0,0,0,0,0,0,0,0,0,0,0,0,0,0,0,0,"",Mobile,Chrome 148.0
QIB7JuPHyjc,QIB7JtTF93E,false,Anonymous,Guest,09:50:43 PM,04/06/2026,false,09:50:43 PM,04/06/2026,"",true,true,100.00,19/19,en,"[1, 2, 3, 4, 5, 6, 7, 8, 9, 10, 12, 13, 14, 15, 16, 17, 18, 19]",false,"",14,About 1–2 hours a week,Gym or exercise ||| Physical education (PE) or school sport ||| Online/virtual fitness,Having fun,5,3,4,3,3,4,4,3,Sometimes,Neutral,[],[],"[""Teamwork ||| Confidence ||| Leadership ||| Handling stress ||| Social Connections ||| Speaking up ||| Focus ||| Problem-solving""]",Somewhat confident,Quite easy,"","[""help create safe environments""]",[],"[""help me feel more confident ||| make me feel included ||| positively influence my experience ||| make me feel comfortable asking them for help""]",A little,Fun social activities ||| More choice in activities ||| Free or low-cost activities,Often,2006-11-01,Kenya,Male,10,25,15,92,13,8,68,10,23,0,19,32,26,7,0,0,0,"",Mobile,Safari 604.1
QICWG_ccpio,QICWG9m0tnc,false,Anonymous,Guest,10:18:39 PM,04/06/2026,false,10:18:39 PM,04/06/2026,"",true,true,100.00,19/19,en,"[1, 2, 3, 4, 5, 6, 7, 8, 9, 10, 11, 12, 13, 14, 15, 16, 17, 18, 19]",false,"",15,Less than 30 minutes a week,I don’t regularly take part,Feeling healthy or strong,4,5,2,2,3,1,2,1,"No, I don't take part in sport",Neutral,"[""Confidence ||| Handling stress""]",[],"[""Speaking up ||| Social Connections ||| Problem-solving ||| Leadership ||| Teamwork ||| Focus""]",Very confident,Difficult,School or work pressure,"[""help me feel more confident ||| make me feel included ||| positively influence my experience""]",[],"[""make me feel comfortable asking them for help ||| help create safe environments""]",Not sure,Feeling welcome ||| Better places to play ||| Free or low-cost activities,Rarely,Invalid date,United States,Female,11,12,13,53,15,6,21,11,12,15,25,5,11,8,0,0,0,"",Mobile,Safari 604.1
QIDAC7wCWME,QIDAC7BORcc,false,Anonymous,Guest,11:02:51 PM,04/06/2026,false,11:02:51 PM,04/06/2026,"",true,true,100.00,19/19,en,"[1, 2, 3, 4, 5, 6, 7, 8, 9, 10, 11, 12, 13, 14, 15, 16, 17, 18, 19]",false,"",15,I’m not active at the moment,I don’t regularly take part ||| Online/virtual fitness ||| Dance or movement ||| Gym or exercise ||| Informal play with friends ||| Community sport club,Feeling confident,5,1,5,5,5,5,5,5,"Yes, a lot",Very important,[],[],"[""Social Connections ||| Leadership ||| Confidence ||| Focus ||| Speaking up ||| Handling stress ||| Problem-solving ||| Teamwork""]",Very confident,No access,School or work pressure,"[""help me feel more confident ||| make me feel included ||| help create safe environments ||| make me feel comfortable asking them for help ||| positively influence my experience""]",[],[],"Yes, a lot",Fun social activities ||| Free or low-cost activities ||| Better places to play,Never,2008-11-01,Egypt,Male,6,20,26,31,7,4,14,8,6,5,17,5,17,6,0,0,0,"",Mobile,Mozilla 5.0
QIDaehzM8es,QIDaeg4-iWQ,false,Anonymous,Guest,11:32:52 PM,04/06/2026,false,11:32:52 PM,04/06/2026,"",true,false,"","",en,"",false,"",14,About 1–2 hours a week,Dance or movement ||| Community sport club ||| Informal play with friends,Being part of a team,5,5,3,4,4,4,5,3,Sometimes,Neutral,[],[],"[""Teamwork ||| Leadership ||| Confidence ||| Problem-solving ||| Social Connections ||| Handling stress ||| Speaking up ||| Focus""]",Somewhat confident,Quite easy,"",[],[],"[""help me feel more confident ||| help create safe environments ||| make me feel comfortable asking them for help ||| make me feel included ||| positively influence my experience""]","Yes, a lot",More choice in activities ||| Free or low-cost activities ||| Better places to play,Never,2000-08-01,France,Female,6,24,34,30,16,11,25,19,6,0,21,6,17,6,0,0,0,"",Mobile,Safari 604.1
QIDzfjKaxWA,QIDzfil91rc,false,Anonymous,Guest,11:56:20 PM,04/06/2026,false,11:56:20 PM,04/06/2026,"",true,true,21.05,4/19,en,"[1, 2, 3, 4]",false,"",3,2+ hours a week,Gym or exercise,Feeling healthy or strong,"","","","","","","","","","",[],[],[],"","","",[],[],[],"","","","","","",8,7,9,0,0,0,0,0,0,0,0,0,0,0,0,0,0,"",Desktop,Chrome 148.0
QIHUbVNXEhw,QIHUbUY8VLs,false,Anonymous,Guest,04:07:27 AM,05/06/2026,false,04:07:27 AM,05/06/2026,"",true,true,5.26,1/19,en,[1],false,"",0,"","","","","","","","","","","","","",[],[],[],"","","",[],[],[],"","","","","","",0,0,0,0,0,0,0,0,0,0,0,0,0,0,0,0,0,"",Mobile,Chrome 138.0
QIHbCUEeOII,QIHbCTpV2Ho,false,Anonymous,Guest,04:09:56 AM,05/06/2026,false,04:09:56 AM,05/06/2026,"",true,true,10.53,2/19,en,"[1, 2]",false,"",1,2+ hours a week,"","","","","","","","","","","","",[],[],[],"","","",[],[],[],"","","","","","",45,0,0,0,0,0,0,0,0,0,0,0,0,0,0,0,0,"",Mobile,Chrome 138.0
QII20H6bVNU,QII20HbRR3g,false,Anonymous,Guest,06:03:53 AM,05/06/2026,false,06:03:53 AM,05/06/2026,"",true,true,100.00,19/19,en,"[""1"", ""2"", ""3"", ""4"", ""5"", ""6"", ""7"", ""8"", ""9"", ""10"", ""12"", ""13"", ""14"", ""15"", ""16"", ""17"", ""18"", 19]",false,"",15,2+ hours a week,Physical education (PE) or school sport,Having fun,5,5,5,4,4,5,5,4,Sometimes,Quite important,[],[],"[""Problem-solving ||| Teamwork ||| Confidence ||| Focus ||| Handling stress ||| Speaking up ||| Leadership ||| Social Connections""]",Somewhat confident,Very easy,"",[],[],"[""help create safe environments ||| positively influence my experience ||| help me feel more confident ||| make me feel comfortable asking them for help ||| make me feel included""]",A little,More choice in activities ||| Free or low-cost activities ||| Better places to play,Often,1995-06-01,Tanzania,Male,22,13,11,37,10,19,26,49,43,0,27,42,115,21,0,0,0,"",Mobile,Chrome 148.0
QIJf7dMgqjg,QIJf7co7tEw,false,Anonymous,Guest,06:39:02 AM,05/06/2026,false,06:39:02 AM,05/06/2026,"",true,true,100.00,19/19,en,"[1, 2, 3, 4, 5, 6, 7, 8, 9, 10, 11, 12, 13, 14, 15, 16, 17, 18, 19]",false,"",15,About 1–2 hours a week,I don’t regularly take part,Being part of a team,2,2,2,3,3,4,4,4,Sometimes,Quite important,[],[],"[""Handling stress ||| Confidence ||| Focus ||| Problem-solving ||| Teamwork ||| Social Connections ||| Leadership ||| Speaking up""]",Very confident,Difficult,School or work pressure,[],[],"[""help me feel more confident ||| positively influence my experience ||| help create safe environments ||| make me feel included ||| make me feel comfortable asking them for help""]",Not sure,Free or low-cost activities ||| More choice in activities ||| Feeling welcome,Never,2008-03-01,India,Male,13,27,17,32,8,10,18,11,28,8,19,33,24,10,0,0,0,"",Mobile,Chrome 148.0
QIMaP_rCrxo,QIMaP99C6B0,false,Anonymous,Guest,10:03:16 AM,05/06/2026,false,10:03:17 AM,05/06/2026,"",true,true,100.00,19/19,en,"[1, 2, 3, 4, 5, 6, 7, 8, 9, 10, 12, 13, 14, 15, 16, 17, 18, 19]",false,"",14,2+ hours a week,Community sport club ||| Informal play with friends,Learning new skills,5,5,5,5,5,5,5,5,"Yes, a lot",Very important,[],[],"[""Leadership ||| Problem-solving ||| Social Connections ||| Handling stress ||| Speaking up ||| Teamwork ||| Confidence ||| Focus""]",Somewhat confident,Quite easy,"",[],[],"[""make me feel included ||| help create safe environments ||| positively influence my experience ||| make me feel comfortable asking them for help ||| help me feel more confident""]","Yes, a lot",Better places to play ||| Free or low-cost activities ||| Feeling welcome,Rarely,2003-01-01,[OTHER] Tanzania,Male,12,22,30,56,16,10,20,21,9,0,24,8,26,9,0,0,0,"",Mobile,Safari 604.1
QIOOw5lipfw,QIOOw43f--4,false,Anonymous,Guest,12:07:51 PM,05/06/2026,false,12:07:51 PM,05/06/2026,"",true,true,100.00,19/19,en,"[1, 2, 3, 4, 5, 6, 7, 8, 9, 10, 12, 13, 14, 15, 16, 17, 18, 19]",false,"",14,About 1–2 hours a week,Gym or exercise,Relaxing or reducing stress,3,4,3,4,4,3,4,4,"Yes, a lot",Quite important,[],[],"[""Problem-solving ||| Teamwork ||| Leadership ||| Handling stress ||| Social Connections ||| Focus ||| Confidence ||| Speaking up""]",Slightly confident,Quite easy,"",[],[],"[""help create safe environments ||| positively influence my experience ||| make me feel comfortable asking them for help ||| help me feel more confident ||| make me feel included""]",A little,Better places to play ||| Free or low-cost activities ||| More choice in activities,Sometimes,1980-01-01,Cyprus,Male,12,8,14,26,8,4,23,9,5,0,14,9,17,6,0,0,0,"",Mobile,Mozilla 5.0
QIO4snd2TJo,QIO4sm4R9_g,false,Anonymous,Guest,12:54:16 PM,05/06/2026,false,12:54:16 PM,05/06/2026,"",true,true,52.63,10/19,en,"[1, 2, 3, 4, 5, 6, 7, 8, 9, 10]",false,"",9,2+ hours a week,Dance or movement ||| Gym or exercise ||| Informal play with friends ||| Community sport club,Feeling healthy or strong,5,4,5,3,3,3,4,3,"Yes, a lot",Very important,"[""Speaking up ||| Leadership""]",[],"[""Handling stress ||| Social Connections ||| Focus ||| Problem-solving ||| Teamwork ||| Confidence""]",Confident,Very easy,"",[],[],[],"","","","","","",13,35,21,50,14,10,26,23,23,0,0,0,0,0,0,0,0,"",Desktop,Chrome 148.0
QIUkpDXJoFU,QIUkpC28y14,false,Anonymous,Guest,07:30:44 PM,05/06/2026,false,"","","",true,false,"","",en,"",false,"",9,2+ hours a week,Community sport club,Having fun,5,4,4,3,2,2,4,2,Sometimes,Quite important,"[""Handling stress ||| Speaking up""]",[],"[""Focus ||| Confidence ||| Problem-solving ||| Teamwork ||| Social Connections ||| Leadership""]",Confident,Very easy,"",[],[],[],"","","","","","",-110,-101,-104,-68,-115,-115,-99,-112,-112,0,0,0,0,0,0,0,0,"",Desktop,Chrome 148.0
QIctREwYl5M,QIctREFoVL0,false,Anonymous,Guest,04:56:51 AM,06/06/2026,false,04:56:51 AM,06/06/2026,"",true,true,10.53,2/19,en,"[1, 2]",false,"",1,2+ hours a week,"","","","","","","","","","","","",[],[],[],"","","",[],[],[],"","","","","","",10,0,0,0,0,0,0,0,0,0,0,0,0,0,0,0,0,"",Mobile,Safari 604.1
QIt5toqSESo,QIt5tnl5L10,false,Anonymous,Guest,01:01:46 AM,07/06/2026,false,01:01:46 AM,07/06/2026,"",true,true,100.00,19/19,en,"[1, 2, 3, 4, 5, 6, 7, 8, 9, 10, 11, 12, 13, 14, 15, 16, 17, 18, 19]",false,"",15,2+ hours a week,Dance or movement,Having fun,1,5,2,2,3,4,5,1,Sometimes,Very important,"[""Leadership ||| Speaking up ||| Handling stress""]",[],"[""Problem-solving ||| Focus ||| Social Connections ||| Teamwork ||| Confidence""]",Very confident,Difficult,Cost,[],[],"[""help me feel more confident ||| help create safe environments ||| make me feel included ||| make me feel comfortable asking them for help ||| positively influence my experience""]","Yes, a lot",More choice in activities ||| Supportive coaches ||| Feeling welcome,Often,Invalid date,United States,Female,14,9,9,30,5,3,16,6,5,4,9,5,11,6,0,0,0,"",Desktop,Safari 605.1
QI3OY26vZjE,QI3OY00GNRQ,false,Anonymous,Guest,11:50:23 AM,07/06/2026,false,11:50:23 AM,07/06/2026,"",true,true,5.26,1/19,en,[1],false,"",0,"","","","","","","","","","","","","",[],[],[],"","","",[],[],[],"","","","","","",0,0,0,0,0,0,0,0,0,0,0,0,0,0,0,0,0,"",Mobile,Safari 604.1
QI3vtUAL3ns,QI3vtTeEH6A,false,Anonymous,Guest,12:31:40 PM,07/06/2026,false,12:31:40 PM,07/06/2026,"",true,true,100.00,19/19,en,"[1, 2, 3, 4, 5, 6, 7, 8, 9, 10, 12, 13, 14, 15, 16, 17, 18, 19]",false,"",14,About 1–2 hours a week,Dance or movement ||| Physical education (PE) or school sport,Having fun,5,2,2,2,3,5,5,5,Very little,Quite important,"[""Speaking up ||| Handling stress""]",[],"[""Problem-solving ||| Social Connections ||| Leadership ||| Focus ||| Confidence ||| Teamwork""]",Somewhat confident,Very easy,"",[],[],"[""help me feel more confident ||| make me feel included ||| make me feel comfortable asking them for help ||| positively influence my experience ||| help create safe environments""]","Yes, a lot",Better places to play ||| More choice in activities ||| Feeling welcome,Never,2011-01-01,Bangladesh,Female,9,37,24,38,9,9,22,9,5,0,12,6,27,9,0,0,0,"",Desktop,Edge 148.0
QI4CxW0AY9E,QI4CxWX19Oc,false,Anonymous,Guest,12:47:38 PM,07/06/2026,false,"","","",true,false,"","",en,"",false,"",0,"","","","","","","","","","","","","",[],[],[],"","","",[],[],[],"","","","","","",0,0,0,0,0,0,0,0,0,0,0,0,0,0,0,0,0,"",Mobile,Chrome 148.0
QI4cR7qlIpo,QI4cR688buQ,false,Anonymous,Guest,01:19:40 PM,07/06/2026,false,01:19:40 PM,07/06/2026,"",true,true,31.58,6/19,en,"[1, 2, 3, 4, 5, 6]",false,"",5,2+ hours a week,Informal play with friends,Being part of a team,4,4,4,2,4,4,4,4,Sometimes,"",[],[],[],"","","",[],[],[],"","","","","","",33,17,14,53,5,0,0,0,0,0,0,0,0,0,0,0,0,"",Desktop,Chrome 148.0
QI4lvIXC5YY,QI4lvH2UNvQ,false,Anonymous,Guest,01:32:43 PM,07/06/2026,false,01:32:43 PM,07/06/2026,"",true,true,100.00,19/19,en,"[1, 2, 3, 4, 5, 6, 7, 8, 9, 10, 12, 13, 14, 15, 16, 17, 18, 19]",false,"",14,2+ hours a week,Gym or exercise,Relaxing or reducing stress,5,5,5,5,5,5,5,5,"Yes, a lot",Very important,[],[],"[""Speaking up ||| Handling stress ||| Leadership ||| Focus ||| Social Connections ||| Teamwork ||| Problem-solving ||| Confidence""]",Very confident,Quite easy,"",[],[],"[""help me feel more confident ||| help create safe environments ||| positively influence my experience ||| make me feel comfortable asking them for help ||| make me feel included""]","Yes, a lot",Fun social activities ||| More choice in activities ||| Free or low-cost activities,Sometimes,2000-08-01,El Salvador,Female,19,27,16,67,11,10,32,12,15,0,22,12,29,14,0,0,0,"",Mobile,Chrome 148.0
QI5X41q0_28,QI5X406t-zM,false,Anonymous,Guest,02:32:03 PM,07/06/2026,false,02:32:03 PM,07/06/2026,"",true,false,"","",en,"",false,"",15,2+ hours a week,Dance or movement ||| Gym or exercise,Feeling healthy or strong,4,5,4,4,4,3,3,4,Sometimes,Very important,"[""Teamwork""]",[],"[""Problem-solving ||| Handling stress ||| Leadership ||| Social Connections ||| Confidence ||| Speaking up ||| Focus""]",Very confident,Difficult,Other (please share) [It's multiple things as time and space to do so. ],"[""help me feel more confident ||| make me feel included ||| help create safe environments ||| make me feel comfortable asking them for help""]",[],"[""positively influence my experience""]",Not really,Free or low-cost activities ||| Fun social activities ||| Better places to play,Never,2001-03-01,Grenada,Female,-82,-74,-71,-30,-83,-86,-51,-67,-84,-6,57,-78,-45,-80,0,0,0,"",Mobile,Chrome 148.0
QI6RlCn45CE,QI6RlB4AvQo,false,Anonymous,Guest,03:46:14 PM,07/06/2026,false,03:46:14 PM,07/06/2026,"",true,true,100.00,19/19,en,"[""1"", ""2"", ""3"", ""4"", ""5"", ""6"", ""7"", ""8"", ""9"", ""10"", ""11"", ""12"", ""13"", ""14"", ""15"", ""16"", ""17"", ""18"", 19]",false,"",17,About 1–2 hours a week,Informal play with friends ||| Online/virtual fitness ||| Community sport club ||| Physical education (PE) or school sport,Learning new skills,4,4,4,5,5,5,5,5,Sometimes,Quite important,[],[],"[""Confidence ||| Leadership ||| Handling stress ||| Focus ||| Problem-solving ||| Teamwork ||| Speaking up ||| Social Connections""]",Confident,Difficult,Other (please share) [Money and school and work pressure ],[],[],"[""make me feel comfortable asking them for help ||| help me feel more confident ||| make me feel included ||| help create safe environments ||| positively influence my experience""]",Not sure,Supportive coaches ||| More choice in activities ||| Free or low-cost activities,Sometimes,2008-09-01,India,Female,21,43,62,601,28,46,40,30,36,65,59,34,78,26,0,0,0,"",Mobile,Chrome 148.0
QI7N0wvFE80,QI7N0wC62oc,false,Anonymous,Guest,04:29:27 PM,07/06/2026,false,04:29:27 PM,07/06/2026,"",true,true,5.26,1/19,en,[1],false,"",0,"","","","","","","","","","","","","",[],[],[],"","","",[],[],[],"","","","","","",0,0,0,0,0,0,0,0,0,0,0,0,0,0,0,0,0,"",Mobile,Chrome 148.0
QI76YViCQys,QI76YUz4eEg,false,Anonymous,Guest,05:20:41 PM,07/06/2026,false,05:20:41 PM,07/06/2026,"",true,true,100.00,19/19,en,"[1, 2, 3, 4, 5, 6, 7, 8, 9, 10, 12, 13, 14, 15, 16, 17, 18, 19]",false,"",14,2+ hours a week,Gym or exercise,Competing,3,1,2,1,5,4,4,2,"Yes, a lot",Very important,[],[],"[""Handling stress ||| Confidence ||| Focus ||| Problem-solving ||| Teamwork ||| Social Connections ||| Leadership ||| Speaking up""]",Somewhat confident,Quite easy,"",[],[],"[""help me feel more confident ||| help create safe environments ||| make me feel included ||| make me feel comfortable asking them for help ||| positively influence my experience""]","Yes, a lot",Free or low-cost activities ||| More choice in activities ||| Better places to play,Sometimes,2005-02-01,[OTHER] Saint Lucia,Male,5,3,11,13,5,9,14,10,4,0,14,4,15,6,0,0,0,"",Mobile,Safari 604.1
QI8Hzp8plo0,QI8Hzpan_JE,false,Anonymous,Guest,05:32:53 PM,07/06/2026,false,"","","",true,false,"","",en,"",false,"",0,"","","","","","","","","","","","","",[],[],[],"","","",[],[],[],"","","","","","",0,0,0,0,0,0,0,0,0,0,0,0,0,0,0,0,0,"",Mobile,Chrome 148.0
QI_IWQ3KldM,QI_IWQTZarY,false,Anonymous,Guest,08:02:00 PM,07/06/2026,false,08:02:00 PM,07/06/2026,"",true,true,100.00,19/19,en,"[1, 2, 3, 4, 5, 6, 7, 8, 9, 10, 12, 13, 14, 15, 16, 17, 18, 19]",false,"",14,2+ hours a week,Informal play with friends ||| Community sport club,Relaxing or reducing stress,5,5,5,5,1,1,5,5,"Yes, a lot",Very important,[],[],"[""Confidence ||| Focus ||| Leadership ||| Speaking up ||| Handling stress ||| Social Connections ||| Teamwork ||| Problem-solving""]",Very confident,Very easy,"","[""help create safe environments""]",[],"[""make me feel included ||| make me feel comfortable asking them for help ||| positively influence my experience ||| help me feel more confident""]","Yes, a lot",Free or low-cost activities ||| Supportive coaches ||| More choice in activities,Always,2006-01-01,Bangladesh,Male,29,42,20,101,23,9,36,24,24,0,30,12,39,12,0,0,0,"",Desktop,Chrome 149.0
QI_RxZYO7fo,QI_RxY59AnE,false,Anonymous,Guest,08:03:32 PM,07/06/2026,false,08:03:32 PM,07/06/2026,"",true,true,5.26,1/19,en,[1],false,"",0,"","","","","","","","","","","","","",[],[],[],"","","",[],[],[],"","","","","","",0,0,0,0,0,0,0,0,0,0,0,0,0,0,0,0,0,"",Desktop,Chrome 149.0
QJCmwIGqiyE,QJCmwHbXi9Y,false,Anonymous,Guest,01:06:51 AM,08/06/2026,false,01:06:51 AM,08/06/2026,"",true,true,26.32,5/19,en,"[1, 2, 3, 4, 5]",false,"",4,About 30–60 minutes a week,Informal play with friends,Feeling confident,5,4,4,5,3,5,5,5,"","",[],[],[],"","","",[],[],[],"","","","","","",8,8,7,24,0,0,0,0,0,0,0,0,0,0,0,0,0,"",Mobile,Safari 604.1
QJC2yAXEvvE,QJC2x-wbIxE,false,Anonymous,Guest,01:24:14 AM,08/06/2026,false,01:24:14 AM,08/06/2026,"",true,true,5.26,1/19,en,[1],false,"",0,"","","","","","","","","","","","","",[],[],[],"","","",[],[],[],"","","","","","",0,0,0,0,0,0,0,0,0,0,0,0,0,0,0,0,0,"",Desktop,Edge 148.0
QJFDaQPjVMk,QJFDaPiasGU,false,Anonymous,Guest,04:02:44 AM,08/06/2026,false,04:02:44 AM,08/06/2026,"",true,true,100.00,19/19,en,"[1, 2, 3, 4, 5, 6, 7, 8, 9, 10, 11, 12, 13, 14, 15, 16, 17, 18, 19]",false,"",15,2+ hours a week,Physical education (PE) or school sport,Feeling healthy or strong,5,5,5,4,5,5,5,5,"Yes, a lot",Quite important,"[""Speaking up""]",[],"[""Problem-solving ||| Leadership ||| Focus ||| Social Connections ||| Teamwork ||| Confidence ||| Handling stress""]",Confident,Difficult,Cost,"[""help create safe environments ||| make me feel comfortable asking them for help""]",[],"[""make me feel included ||| help me feel more confident ||| positively influence my experience""]","Yes, a lot",Free or low-cost activities ||| Feeling welcome ||| Better places to play,Sometimes,2001-04-01,Pakistan,Female,15,16,20,37,19,9,25,11,14,8,24,11,23,12,0,0,0,"",Desktop,Chrome 148.0
QJHAFH9ztYA,QJHAFHR97gw,false,Anonymous,Guest,06:13:26 AM,08/06/2026,false,"","","",true,false,"","",en,"",false,"",0,"","","","","","","","","","","","","",[],[],[],"","","",[],[],[],"","","","","","",0,0,0,0,0,0,0,0,0,0,0,0,0,0,0,0,0,"",Mobile,Chrome 146.0
QJHA0e55xtI,QJHA0eew4mg,false,Anonymous,Guest,06:19:28 AM,08/06/2026,false,06:19:28 AM,08/06/2026,"",true,false,"","",en,"",false,"",14,2+ hours a week,I don’t regularly take part,Learning new skills,3,3,3,5,3,2,5,5,Very little,Neutral,[],[],"[""Teamwork ||| Social Connections ||| Leadership ||| Problem-solving ||| Confidence ||| Focus ||| Speaking up ||| Handling stress""]",Very confident,Quite easy,"",[],[],"[""make me feel included ||| positively influence my experience ||| make me feel comfortable asking them for help ||| help create safe environments ||| help me feel more confident""]",Not sure,Free or low-cost activities ||| Fun social activities ||| More choice in activities,Often,2008-07-01,India,Male,26,22,21,51,30,9,21,16,10,0,25,9,23,12,0,0,0,"",Mobile,Chrome 146.0
QJMGzwDUVx4,QJMGzvhEdYA,false,Anonymous,Guest,12:11:07 PM,08/06/2026,false,12:11:07 PM,08/06/2026,"",true,true,26.32,5/19,en,"[1, 2, 3, 4, 5]",false,"",4,About 1–2 hours a week,Dance or movement,Relaxing or reducing stress,3,1,2,3,4,5,1,2,"","",[],[],[],"","","",[],[],[],"","","","","","",7,15,11,27,0,0,0,0,0,0,0,0,0,0,0,0,0,"",Mobile,Safari 604.1
QJM775GGOKE,QJM774b54u8,false,Anonymous,Guest,01:10:39 PM,08/06/2026,false,01:10:39 PM,08/06/2026,"",true,true,52.63,10/19,en,"[1, 2, 3, 4, 5, 6, 7, 8, 9, 10]",false,"",9,2+ hours a week,Dance or movement ||| Informal play with friends,Spending time with friends,5,1,4,3,2,5,3,1,"Yes, a lot",Neutral,"[""Focus ||| Handling stress ||| Social Connections ||| Teamwork""]",[],"[""Leadership ||| Problem-solving ||| Speaking up ||| Confidence""]",Confident,Very easy,"",[],[],[],"","","","","","",22,5,5,18,16,26,21,16,12,0,0,0,0,0,0,0,0,"",Mobile,Safari 604.1
QJPP4pydIuk,QJPP4pSmyY4,false,Anonymous,Guest,03:54:27 PM,08/06/2026,false,03:54:27 PM,08/06/2026,"",true,true,100.00,19/19,en,"[1, 2, 3, 4, 5, 6, 7, 8, 9, 10, 12, 13, 14, 15, 16, 17, 18, 19]",false,"",14,Less than 30 minutes a week,Community sport club,Relaxing or reducing stress,5,5,5,5,5,3,3,3,"Yes, a lot",Very important,"[""Speaking up ||| Problem-solving""]",[],"[""Focus ||| Confidence ||| Leadership ||| Social Connections ||| Teamwork ||| Handling stress""]",Confident,Quite easy,"",[],[],"[""make me feel included ||| make me feel comfortable asking them for help ||| help create safe environments ||| positively influence my experience ||| help me feel more confident""]","Yes, a lot",Free or low-cost activities ||| Feeling welcome ||| Better places to play,Sometimes,1991-01-01,United States,Male,12,13,17,46,6,7,23,19,7,0,12,15,36,10,0,0,0,"",Desktop,Edge 148.0
QJQ-J6a_fMA,QJQ-J5qNYd8,false,Anonymous,Guest,05:51:29 PM,08/06/2026,false,05:51:29 PM,08/06/2026,"",true,true,10.53,2/19,en,"[1, 2]",false,"",1,About 30–60 minutes a week,"","","","","","","","","","","","",[],[],[],"","","",[],[],[],"","","","","","",7,0,0,0,0,0,0,0,0,0,0,0,0,0,0,0,0,"",Desktop,Chrome 148.0
QJSNcJAKzvI,QJSNcIXVE8s,false,Anonymous,Guest,07:26:11 PM,08/06/2026,false,07:26:11 PM,08/06/2026,"",true,true,100.00,19/19,en,"[""1"", ""2"", ""3"", ""4"", ""5"", ""6"", ""7"", ""8"", ""9"", ""10"", ""12"", ""13"", ""14"", ""15"", ""16"", ""17"", ""18"", 19]",false,"",14,About 30–60 minutes a week,Online/virtual fitness ||| Physical education (PE) or school sport,Feeling confident,5,1,5,5,4,5,4,5,Very little,Neutral,[],[],"[""Teamwork ||| Focus ||| Handling stress ||| Social Connections ||| Problem-solving ||| Confidence ||| Speaking up ||| Leadership""]",Confident,Quite easy,"",[],[],"[""positively influence my experience ||| help me feel more confident ||| help create safe environments ||| make me feel comfortable asking them for help ||| make me feel included""]",A little,Free or low-cost activities ||| More choice in activities ||| Feeling welcome,Rarely,Invalid date,[OTHER] Palestine,Female,20,20,45,91,35,26,31,27,27,0,26,31,39,18,0,0,0,"",Mobile,Safari 604.1
QJSurjnMWOg,QJSuri9CeEw,false,Anonymous,Guest,07:53:14 PM,08/06/2026,false,07:53:14 PM,08/06/2026,"",true,true,5.26,1/19,en,[1],false,"",0,"","","","","","","","","","","","","",[],[],[],"","","",[],[],[],"","","","","","",0,0,0,0,0,0,0,0,0,0,0,0,0,0,0,0,0,"",Desktop,Chrome 148.0
QJaJaU9pPZo,QJaJaUQhY7E,false,Anonymous,Guest,04:31:48 AM,09/06/2026,false,04:31:48 AM,09/06/2026,"",true,true,5.26,1/19,en,[1],false,"",0,"","","","","","","","","","","","","",[],[],[],"","","",[],[],[],"","","","","","",0,0,0,0,0,0,0,0,0,0,0,0,0,0,0,0,0,"",Desktop,Chrome 148.0
QJeb_e7fjT4,QJeb_eZec8I,false,Anonymous,Guest,09:37:09 AM,09/06/2026,false,09:37:09 AM,09/06/2026,"",true,true,100.00,19/19,en,"[1, 2, 3, 4, 5, 6, 7, 8, 9, 10, 11, 12, 13, 14, 15, 16, 17, 18, 19]",false,"",15,About 30–60 minutes a week,Informal play with friends ||| Gym or exercise,Having fun,5,4,4,5,3,5,4,5,Sometimes,Very important,"[""Leadership ||| Speaking up""]",[],"[""Social Connections ||| Focus ||| Confidence ||| Problem-solving ||| Handling stress ||| Teamwork""]",Very confident,Difficult,School or work pressure,[],[],"[""positively influence my experience ||| make me feel comfortable asking them for help ||| make me feel included ||| help me feel more confident ||| help create safe environments""]","Yes, a lot",Better places to play ||| Free or low-cost activities ||| Supportive coaches,Sometimes,2004-05-01,Pakistan,Male,26,20,19,52,11,10,24,14,11,26,17,10,30,17,0,0,0,"",Mobile,Chrome 148.0
QJgawc-ATjE,QJgawcO3J2Y,false,Anonymous,Guest,11:53:23 AM,09/06/2026,false,11:53:23 AM,09/06/2026,"",true,true,10.53,2/19,en,"[1, 2]",false,"",1,About 1–2 hours a week,"","","","","","","","","","","","",[],[],[],"","","",[],[],[],"","","","","","",182,0,0,0,0,0,0,0,0,0,0,0,0,0,0,0,0,"",Desktop,Edge 149.0
QJgkokTtosE,QJgkogfKe_s,false,Anonymous,Guest,12:00:59 PM,09/06/2026,false,"","","",true,false,"","",en,"",false,"",0,"","","","","","","","","","","","","",[],[],[],"","","",[],[],[],"","","","","","",0,0,0,0,0,0,0,0,0,0,0,0,0,0,0,0,0,"",Mobile,Chrome 149.0
QJglqt9IAiM,QJglqta2yQs,false,Anonymous,Guest,12:02:06 PM,09/06/2026,false,12:02:06 PM,09/06/2026,"",true,true,10.53,2/19,en,"[1, 2]",false,"",1,2+ hours a week,"","","","","","","","","","","","",[],[],[],"","","",[],[],[],"","","","","","",6,0,0,0,0,0,0,0,0,0,0,0,0,0,0,0,0,"",Desktop,Chrome 148.0
QJgpnEdNux8,QJgpnEGAOi8,false,Anonymous,Guest,12:06:16 PM,09/06/2026,false,12:06:16 PM,09/06/2026,"",true,true,10.53,2/19,en,"[1, 2]",false,"",1,2+ hours a week,"","","","","","","","","","","","",[],[],[],"","","",[],[],[],"","","","","","",3,0,0,0,0,0,0,0,0,0,0,0,0,0,0,0,0,"",Mobile,Safari 604.1
QJgrXNmLbpE,QJgrXNHZqXM,false,Anonymous,Guest,12:08:10 PM,09/06/2026,false,12:08:10 PM,09/06/2026,"",true,true,10.53,2/19,en,"[1, 2]",false,"",1,About 1–2 hours a week,"","","","","","","","","","","","",[],[],[],"","","",[],[],[],"","","","","","",1,0,0,0,0,0,0,0,0,0,0,0,0,0,0,0,0,"",Mobile,Chrome 148.0
QJg6IdeaQ3Q,QJg6Icuam2U,false,Anonymous,Guest,12:24:32 PM,09/06/2026,false,12:24:32 PM,09/06/2026,"",true,true,10.53,2/19,en,"[1, 2]",false,"",1,2+ hours a week,"","","","","","","","","","","","",[],[],[],"","","",[],[],[],"","","","","","",2,0,0,0,0,0,0,0,0,0,0,0,0,0,0,0,0,"",Mobile,Safari 604.1
QJim5jOL4Qo,QJim5iK8s6w,false,Anonymous,Guest,02:24:15 PM,09/06/2026,false,"","","",true,false,"","",en,"",false,"",6,2+ hours a week,Informal play with friends ||| Gym or exercise,Feeling healthy or strong,1,1,1,1,1,1,1,1,"Yes, a lot",Very important,[],[],[],"","","",[],[],[],"","","","","","",9,18,15,18,3,3,0,0,0,0,0,0,0,0,0,0,0,"",Desktop,Edge 149.0
QJjMoCt7OHE,QJjMoCNshA8,false,Anonymous,Guest,03:04:54 PM,09/06/2026,false,03:04:54 PM,09/06/2026,"",true,true,15.79,3/19,en,"[1, 2, 3]",false,"",2,Less than 30 minutes a week,I don’t regularly take part,"","","","","","","","","","","",[],[],[],"","","",[],[],[],"","","","","","",7,30,0,0,0,0,0,0,0,0,0,0,0,0,0,0,0,"",Desktop,Edge 149.0
QJm9zNxQWKA,QJm9zNJu5E4,false,Anonymous,Guest,08:32:27 PM,09/06/2026,false,08:32:27 PM,09/06/2026,"",true,true,21.05,4/19,en,"[1, 2, 3, 4]",false,"",3,About 1–2 hours a week,Informal play with friends,Learning new skills,"","","","","","","","","","",[],[],[],"","","",[],[],[],"","","","","","",5,3860,3,0,0,0,0,0,0,0,0,0,0,0,0,0,0,"",Desktop,Chrome 148.0
QJqOPCHo1DA,QJqOPBUUMas,false,Anonymous,Guest,11:15:39 PM,09/06/2026,false,11:15:39 PM,09/06/2026,"",true,true,10.53,2/19,en,"[1, 2]",false,"",1,About 30–60 minutes a week,"","","","","","","","","","","","",[],[],[],"","","",[],[],[],"","","","","","",10,0,0,0,0,0,0,0,0,0,0,0,0,0,0,0,0,"",Desktop,Chrome 148.0
QJwpMseX6js,QJwpMrn6GOk,false,Anonymous,Guest,07:13:51 AM,10/06/2026,false,06:52:51 AM,10/06/2026,"",true,true,100.00,19/19,en,"[1, 2, 3, 4, 5, 6, 7, 8, 9, 10, 12, 13, 14, 15, 16, 17, 18, 19]",false,"",14,2+ hours a week,Gym or exercise,Feeling healthy or strong,2,5,3,3,2,1,5,3,"Yes, a lot",Very important,"[""Speaking up ||| Teamwork""]",[],"[""Problem-solving ||| Confidence ||| Handling stress ||| Social Connections ||| Leadership ||| Focus""]",Confident,Quite easy,"","[""make me feel included""]",[],"[""positively influence my experience ||| help create safe environments ||| make me feel comfortable asking them for help ||| help me feel more confident""]","Yes, a lot",Free or low-cost activities ||| Feeling welcome ||| Better places to play,Never,Invalid date,Kenya,Female,16,9,52,88,32,28,47,25,12,0,49,11,37,16,0,0,0,"",Desktop,Safari 605.1
QJxROaKpe2k,QJxROZpxGE4,false,Anonymous,Guest,07:38:56 AM,10/06/2026,false,07:38:56 AM,10/06/2026,"",true,true,78.95,15/19,en,"[1, 2, 3, 4, 5, 6, 7, 8, 9, 10, 12, 13, 14, 15]",false,"",13,2+ hours a week,Gym or exercise,Feeling healthy or strong,"","","",1,"","","",1,"Yes, a lot",Very important,[],[],"[""Focus ||| Problem-solving ||| Handling stress ||| Speaking up ||| Confidence ||| Social Connections ||| Teamwork ||| Leadership""]",Very confident,Very easy,"",[],[],"[""make me feel comfortable asking them for help ||| make me feel included ||| help me feel more confident ||| help create safe environments ||| positively influence my experience""]","Yes, a lot",More choice in activities ||| Free or low-cost activities ||| Better places to play,Never,"","","",54,73,48,43,16,117,101,27,20,0,67,16,29,17,0,0,0,"",Desktop,Safari 605.1
QJyWRb2zwek,QJyWRbD6BZ4,false,Anonymous,Guest,08:44:18 AM,10/06/2026,false,"","","",true,false,"","",en,"",false,"",3,2+ hours a week,Community sport club,Learning new skills,"","","","","","","","","","",[],[],[],"","","",[],[],[],"","","","","","",11,10,27,0,0,0,0,0,0,0,0,0,0,0,0,0,0,"",Desktop,Chrome 149.0
QJyjbKzNZtY,QJyjbKInZJY,false,Anonymous,Guest,08:58:33 AM,10/06/2026,false,"","","",true,false,"","",en,"",false,"",0,"","","","","","","","","","","","","",[],[],[],"","","",[],[],[],"","","","","","",0,0,0,0,0,0,0,0,0,0,0,0,0,0,0,0,0,"",Desktop,Edge 149.0
QJyjOf3f8mM,QJyjOfMt1eU,false,Anonymous,Guest,09:27:52 AM,10/06/2026,false,"","","",true,false,"","",en,"",false,"",12,2+ hours a week,Gym or exercise ||| Informal play with friends,Being part of a team,5,5,5,5,5,5,5,5,"Yes, a lot",Very important,[],[],"[""Teamwork ||| Focus ||| Social Connections ||| Leadership ||| Problem-solving ||| Handling stress ||| Speaking up ||| Confidence""]",Very confident,Very difficult,Other (please share) [no safe spaces for women],[],[],"[""help create safe environments ||| positively influence my experience ||| make me feel comfortable asking them for help ||| make me feel included ||| help me feel more confident""]",A little,"","","","","",13,13,14,23,6,10,1644,20,7,35,15,8,0,0,0,0,0,"",Desktop,Chrome 147.0
QJzCbjXBkdQ,QJzCbil2OB8,false,Anonymous,Guest,09:31:38 AM,10/06/2026,false,09:31:39 AM,10/06/2026,"",true,true,5.26,1/19,en,[1],false,"",0,"","","","","","","","","","","","","",[],[],[],"","","",[],[],[],"","","","","","",0,0,0,0,0,0,0,0,0,0,0,0,0,0,0,0,0,"",Mobile,Chrome 148.0
QJzCfGtiQFo,QJzCfGDAzPE,false,Anonymous,Guest,09:32:16 AM,10/06/2026,false,09:32:16 AM,10/06/2026,"",true,true,5.26,1/19,en,[1],false,"",0,"","","","","","","","","","","","","",[],[],[],"","","",[],[],[],"","","","","","",0,0,0,0,0,0,0,0,0,0,0,0,0,0,0,0,0,"",Mobile,Mozilla 5.0
QJzdl5dPCaQ,QJzdl5BRCaI,false,Anonymous,Guest,10:01:27 AM,10/06/2026,false,"","","",true,false,"","",en,"",false,"",0,"","","","","","","","","","","","","",[],[],[],"","","",[],[],[],"","","","","","",0,0,0,0,0,0,0,0,0,0,0,0,0,0,0,0,0,"",Mobile,Chrome 143.0
QJ0Lbn3k5cc,QJ0LbnZnFck,false,Anonymous,Guest,10:58:17 AM,10/06/2026,false,10:58:17 AM,10/06/2026,"",true,true,10.53,2/19,en,"[1, 2]",false,"",1,2+ hours a week,"","","","","","","","","","","","",[],[],[],"","","",[],[],[],"","","","","","",274,0,0,0,0,0,0,0,0,0,0,0,0,0,0,0,0,"",Desktop,Chrome 149.0
QJ0W3nBBe1U,QJ0W3mWO6t8,false,Anonymous,Guest,11:10:47 AM,10/06/2026,false,11:10:47 AM,10/06/2026,"",true,true,100.00,19/19,en,"[1, 2, 3, 4, 5, 6, 7, 8, 9, 10, 12, 13, 14, 15, 16, 17, 18, 19]",false,"",14,2+ hours a week,Community sport club ||| Informal play with friends ||| Physical education (PE) or school sport,Relaxing or reducing stress,5,5,5,5,5,3,3,5,"Yes, a lot",Very important,[],[],"[""Teamwork ||| Handling stress ||| Speaking up ||| Problem-solving ||| Leadership ||| Confidence ||| Focus ||| Social Connections""]",Confident,Quite easy,"",[],[],"[""positively influence my experience ||| make me feel comfortable asking them for help ||| make me feel included ||| help create safe environments ||| help me feel more confident""]",Not sure,Supportive coaches ||| Fun social activities ||| More choice in activities,Rarely,1988-08-01,"Congo, Democratic Republic of the",Male,18,31,28,48,10,10,30,20,15,0,30,33,31,16,0,0,0,"",Mobile,Chrome 148.0
QJ251QmHrfc,QJ251QAqXoY,false,Anonymous,Guest,02:06:27 PM,10/06/2026,false,02:06:27 PM,10/06/2026,"",true,true,100.00,19/19,en,"[1, 2, 3, 4, 5, 6, 7, 8, 9, 10, 12, 13, 14, 15, 16, 17, 18, 19]",false,"",14,2+ hours a week,Community sport club,Being part of a team,5,5,5,5,5,2,4,4,"Yes, a lot",Very important,[],[],"[""Social Connections ||| Confidence ||| Speaking up ||| Focus ||| Handling stress ||| Leadership ||| Problem-solving ||| Teamwork""]",Very confident,Quite easy,"",[],[],"[""make me feel included ||| help create safe environments ||| make me feel comfortable asking them for help ||| help me feel more confident ||| positively influence my experience""]",Not really,Better places to play ||| More choice in activities ||| Free or low-cost activities,Often,1985-08-01,Mexico,Female,12,10,19,76,6,5,14,10,7,0,24,7,15,6,0,0,0,"",Mobile,Chrome 148.0
QJ3fiHn8OLk,QJ3fiG6bT_Q,false,Anonymous,Guest,02:44:27 PM,10/06/2026,false,02:44:27 PM,10/06/2026,"",true,true,26.32,5/19,en,"[1, 2, 3, 4, 5]",false,"",4,About 1–2 hours a week,Informal play with friends ||| Online/virtual fitness,Relaxing or reducing stress,2,5,5,5,5,5,5,2,"","",[],[],[],"","","",[],[],[],"","","","","","",16,13,16,36,0,0,0,0,0,0,0,0,0,0,0,0,0,"",Desktop,Safari 605.1
QJ3p-1qQq_E,QJ3p-0_0Trw,false,Anonymous,Guest,02:54:54 PM,10/06/2026,false,"","","",true,false,"","",en,"",false,"",1,"","","","","","","","","","","","","",[],[],[],"","","",[],[],[],"","","","","","",0,0,0,0,0,0,0,0,0,0,0,0,0,0,0,0,0,"",Mobile,Mozilla 5.0
QJ48nXrJHaA,QJ48nXIthZI,false,Anonymous,Guest,04:30:28 PM,10/06/2026,false,04:30:29 PM,10/06/2026,"",true,true,100.00,19/19,en,"[1, 2, 3, 4, 5, 6, 7, 8, 9, 10, 12, 13, 14, 15, 16, 17, 18, 19]",false,"",14,Less than 30 minutes a week,Physical education (PE) or school sport,Being part of a team,2,5,1,5,3,5,5,5,Sometimes,Very important,[],[],"[""Problem-solving ||| Focus ||| Handling stress ||| Teamwork ||| Speaking up ||| Confidence ||| Social Connections ||| Leadership""]",Confident,Very easy,"","[""help me feel more confident ||| make me feel comfortable asking them for help ||| positively influence my experience""]",[],"[""make me feel included ||| help create safe environments""]","Yes, a lot",Fun social activities ||| Feeling welcome ||| Free or low-cost activities,Often,2008-05-01,India,Male,11,8,12,36,10,4,19,12,4,0,18,4,29,8,0,0,0,"",Desktop,Chrome 149.0
QJ5UElbVoDk,QJ5UEka0Yf4,false,Anonymous,Guest,04:56:05 PM,10/06/2026,false,04:56:05 PM,10/06/2026,"",true,false,"","",en,"",false,"",14,2+ hours a week,Community sport club,Relaxing or reducing stress,5,4,3,4,4,5,5,5,"Yes, a lot",Very important,[],[],"[""Social Connections ||| Confidence ||| Teamwork ||| Speaking up ||| Leadership ||| Focus ||| Problem-solving ||| Handling stress""]",Confident,Quite easy,"",[],[],"[""make me feel included ||| make me feel comfortable asking them for help ||| help create safe environments ||| help me feel more confident ||| positively influence my experience""]","Yes, a lot",Better places to play ||| Supportive coaches ||| Fun social activities,Rarely,2007-07-01,India,Prefer not to say,10,15,15,55,9,8,20,13,15,0,18,7,95,17,0,0,0,"",Mobile,Chrome 148.0
QJ5xDCsoqtQ,QJ5xDCL8R_g,false,Anonymous,Guest,05:23:47 PM,10/06/2026,false,05:23:47 PM,10/06/2026,"",true,true,26.32,5/19,en,"[1, 2, 3, 4, 5]",false,"",4,2+ hours a week,Gym or exercise ||| Informal play with friends ||| Physical education (PE) or school sport ||| Community sport club,Feeling confident,5,5,5,5,5,5,5,5,"","",[],[],[],"","","",[],[],[],"","","","","","",11,20,24,41,0,0,0,0,0,0,0,0,0,0,0,0,0,"",Desktop,Chrome 149.0
QJ9wBLdkyAQ,QJ9wBKsn4_Y,false,Anonymous,Guest,10:06:24 PM,10/06/2026,false,10:06:24 PM,10/06/2026,"",true,true,100.00,19/19,en,"[1, 2, 3, 4, 5, 6, 7, 8, 9, 10, 12, 13, 14, 15, 16, 17, 18, 19]",false,"",14,2+ hours a week,Informal play with friends,Spending time with friends,5,5,5,5,5,5,5,5,"Yes, a lot",Very important,"[""Teamwork ||| Speaking up""]",[],"[""Confidence ||| Leadership ||| Focus ||| Social Connections ||| Problem-solving ||| Handling stress""]",Confident,Quite easy,"",[],[],"[""help me feel more confident ||| positively influence my experience ||| make me feel comfortable asking them for help ||| make me feel included ||| help create safe environments""]","Yes, a lot",Free or low-cost activities ||| Better places to play ||| Fun social activities,Sometimes,1984-06-01,Cameroon,Male,16,13,3,29,0,0,17,14,7,0,10,4,26,5,0,0,0,"",Desktop,Chrome 149.0
QJ-CwJ2GbgE,QJ-CwJO4GKM,false,Anonymous,Guest,11:31:34 PM,10/06/2026,false,11:31:34 PM,10/06/2026,"",true,true,5.26,1/19,en,[1],false,"",3,Less than 30 minutes a week,Dance or movement,Spending time with friends,"","","","","","","","","","",[],[],[],"","","",[],[],[],"","","","","","",6,5,14,0,0,0,0,0,0,0,0,0,0,0,0,0,0,"",Mobile,Mozilla 5.0
QKB6gghKt0I,QKB6gf-GVGg,false,Anonymous,Guest,03:01:20 AM,11/06/2026,false,03:01:20 AM,11/06/2026,"",true,true,100.00,19/19,en,"[""1"", ""2"", ""3"", ""4"", ""5"", ""6"", ""7"", ""8"", ""9"", ""10"", ""12"", ""13"", ""14"", ""15"", ""16"", ""17"", ""18"", 19]",false,"",15,2+ hours a week,Community sport club ||| Physical education (PE) or school sport,Feeling confident,2,2,2,2,2,2,2,2,"Yes, a lot",Very important,[],[],"[""Teamwork ||| Handling stress ||| Social Connections ||| Problem-solving ||| Focus ||| Confidence ||| Leadership ||| Speaking up""]",Very confident,Very easy,"",[],[],"[""help me feel more confident ||| make me feel comfortable asking them for help ||| make me feel included ||| positively influence my experience ||| help create safe environments""]","Yes, a lot",Better places to play ||| Supportive coaches ||| Fun social activities,Always,1992-10-01,India,Other,46,31,28,72,14,23,18,32,16,0,12,9,28,11,0,0,0,"",Desktop,Chrome 149.0
QKCauUZMso0,QKCauTyRu5o,false,Anonymous,Guest,03:30:23 AM,11/06/2026,false,"","","",true,false,"","",en,"",false,"",9,2+ hours a week,Gym or exercise,Having fun,5,5,5,4,5,3,4,4,"Yes, a lot",Very important,[],[],"[""Handling stress ||| Teamwork ||| Speaking up ||| Social Connections ||| Problem-solving ||| Focus ||| Leadership ||| Confidence""]",Confident,Very easy,"",[],[],[],"","","","","","",29,17,20,51,11,15,23,18,11,0,0,0,0,0,0,0,0,"",Mobile,Chrome 146.0
QKHPQ-MHEXc,QKHPQ_h37Go,false,Anonymous,Guest,09:13:24 AM,11/06/2026,false,09:13:24 AM,11/06/2026,"",true,false,"","",en,"",false,"",14,2+ hours a week,Physical education (PE) or school sport ||| Community sport club,Being part of a team,5,5,5,5,5,5,5,5,"Yes, a lot",Very important,[],[],"[""Teamwork ||| Focus ||| Confidence ||| Social Connections ||| Handling stress ||| Leadership ||| Problem-solving ||| Speaking up""]",Very confident,Very easy,"",[],[],"[""help me feel more confident ||| help create safe environments ||| make me feel comfortable asking them for help ||| positively influence my experience ||| make me feel included""]","Yes, a lot",Feeling welcome ||| Supportive coaches ||| Better places to play,Always,1995-07-01,Zambia,Male,44,34,47,78,29,20,43,19,19,0,24,17,53,23,0,0,0,"",Mobile,Chrome 111.0
QJ25tsLt114,QJ25trW-JQA,false,Anonymous,Guest,03:26:20 PM,11/06/2026,false,03:26:20 PM,11/06/2026,"",true,true,10.53,2/19,en,"[1, 2]",false,"",1,2+ hours a week,"","","","","","","","","","","","",[],[],[],"","","",[],[],[],"","","","","","",7,0,0,0,0,0,0,0,0,0,0,0,0,0,0,0,0,"",Desktop,Safari 605.1
QKNP-RxtGFc,QKNP-RE7B2M,false,Anonymous,Guest,04:04:00 PM,11/06/2026,false,04:04:00 PM,11/06/2026,"",true,true,5.26,1/19,en,[1],false,"",0,"","","","","","","","","","","","","",[],[],[],"","","",[],[],[],"","","","","","",0,0,0,0,0,0,0,0,0,0,0,0,0,0,0,0,0,"",Desktop,Edge 149.0
QKPZ7EUAWZU,QKPZ7DufLdQ,false,Anonymous,Guest,06:55:05 PM,11/06/2026,false,06:55:05 PM,11/06/2026,"",true,true,5.26,1/19,en,[1],false,"",0,"","","","","","","","","","","","","",[],[],[],"","","",[],[],[],"","","","","","",0,0,0,0,0,0,0,0,0,0,0,0,0,0,0,0,0,"",Desktop,Chrome 149.0
QKWAkglIPp4,QKWAkf86QUI,false,Anonymous,Guest,02:17:32 AM,12/06/2026,false,02:17:32 AM,12/06/2026,"",true,true,26.32,5/19,en,"[1, 2, 3, 4, 5]",false,"",4,Less than 30 minutes a week,Physical education (PE) or school sport,Feeling healthy or strong,5,5,5,5,5,5,5,5,"","",[],[],[],"","","",[],[],[],"","","","","","",9,22,15,21,0,0,0,0,0,0,0,0,0,0,0,0,0,"",Desktop,Chrome 148.0
QKbGstG7pnw,QKbGssmsa4w,false,Anonymous,Guest,08:12:45 AM,12/06/2026,false,"","","",true,false,"","",en,"",false,"",0,"","","","","","","","","","","","","",[],[],[],"","","",[],[],[],"","","","","","",0,0,0,0,0,0,0,0,0,0,0,0,0,0,0,0,0,"",Desktop,Chrome 148.0
QKdak9tXbjY,QKdak9BBRJU,false,Anonymous,Guest,10:54:39 AM,12/06/2026,false,10:54:39 AM,12/06/2026,"",true,true,10.53,2/19,en,"[1, 2]",false,"",1,About 1–2 hours a week,"","","","","","","","","","","","",[],[],[],"","","",[],[],[],"","","","","","",16,0,0,0,0,0,0,0,0,0,0,0,0,0,0,0,0,"",Desktop,Firefox 151.0
QJ9RQsfUjdE,QJ9RQr0VhwY,false,Anonymous,Guest,04:47:58 PM,12/06/2026,false,04:47:57 PM,12/06/2026,"",true,true,5.26,1/19,en,[1],false,"",0,"","","","","","","","","","","","","",[],[],[],"","","",[],[],[],"","","","","","",0,0,0,0,0,0,0,0,0,0,0,0,0,0,0,0,0,"",Desktop,Chrome 149.0
QKiiFOXEKCY,QKiiFNzzaEw,false,Anonymous,Guest,04:58:54 PM,12/06/2026,false,04:58:11 PM,12/06/2026,"",true,true,100.00,19/19,en,"[1, 2, 3, 4, 5, 6, 7, 8, 9, 10, 11, 12, 13, 14, 15, 16, 17, 18, 19]",false,"",15,About 30–60 minutes a week,Physical education (PE) or school sport ||| Informal play with friends ||| Gym or exercise,Spending time with friends,4,4,5,5,3,5,5,5,Very little,Quite important,"[""Handling stress ||| Leadership ||| Speaking up""]",[],"[""Teamwork ||| Focus ||| Social Connections ||| Confidence ||| Problem-solving""]",Somewhat confident,Difficult,School or work pressure,[],[],"[""help create safe environments ||| make me feel included ||| positively influence my experience ||| help me feel more confident ||| make me feel comfortable asking them for help""]",A little,Fun social activities ||| Free or low-cost activities ||| Better places to play,Sometimes,2008-09-01,Philippines,Male,7,10,10,30,11,5,22,10,9,7,11,6,13,4,0,0,0,"",Desktop,Chrome 149.0
QKkowPTMen8,QKkowOyy2So,false,Anonymous,Guest,07:51:37 PM,12/06/2026,false,"","","",true,false,"","",en,"",false,"",6,2+ hours a week,Gym or exercise,Feeling healthy or strong,5,1,3,3,3,3,5,5,Sometimes,Very important,[],[],[],"","","",[],[],[],"","","","","","",10,7,1895,36,10,6,0,0,0,0,0,0,0,0,0,0,0,"",Desktop,Chrome 149.0
QK59bEzrIeU,QK59bEEXaF8,false,Anonymous,Guest,08:17:34 PM,13/06/2026,false,08:17:34 PM,13/06/2026,"",true,true,31.58,6/19,en,"[1, 2, 3, 4, 5, 6]",false,"",5,About 1–2 hours a week,Informal play with friends,Relaxing or reducing stress,2,3,3,4,3,1,2,4,Sometimes,"",[],[],[],"","","",[],[],[],"","","","","","",12,11,80,137,207,0,0,0,0,0,0,0,0,0,0,0,0,"",Desktop,Edge 148.0
QLFLHxvSVc4,QLFLHxENAf4,false,Anonymous,Guest,09:17:50 AM,14/06/2026,false,09:17:51 AM,14/06/2026,"",true,true,100.00,19/19,en,"[1, 2, 3, 4, 5, 6, 7, 8, 9, 10, 12, 13, 14, 15, 16, 17, 18, 19]",false,"",14,About 1–2 hours a week,Gym or exercise,Feeling confident,3,4,4,3,4,2,4,3,Sometimes,Very important,"[""Social Connections ||| Teamwork ||| Leadership""]",[],"[""Focus ||| Handling stress ||| Problem-solving ||| Confidence ||| Speaking up""]",Confident,Very easy,"","[""positively influence my experience ||| make me feel comfortable asking them for help""]",[],"[""help me feel more confident ||| help create safe environments ||| make me feel included""]",A little,Better places to play ||| Feeling welcome ||| Supportive coaches,Often,1984-07-01,Switzerland,Female,9,9,28,37,8,6,35,11,10,0,25,8,31,11,0,0,0,"",Mobile,Chrome 149.0
QLL7U-_E1n8,QLL7U-V1rYo,false,Anonymous,Guest,05:06:16 PM,14/06/2026,false,05:06:16 PM,14/06/2026,"",true,true,21.05,4/19,en,"[1, 2, 3, 4]",false,"",3,About 1–2 hours a week,Community sport club,Being part of a team,"","","","","","","","","","",[],[],[],"","","",[],[],[],"","","","","","",15,17,12,0,0,0,0,0,0,0,0,0,0,0,0,0,0,"",Mobile,Chrome 149.0
QLXBjDUNKig,QLXBjCz_p2c,false,Anonymous,Guest,06:01:22 AM,15/06/2026,false,"","","",true,false,"","",en,"",false,"",0,"","","","","","","","","","","","","",[],[],[],"","","",[],[],[],"","","","","","",0,0,0,0,0,0,0,0,0,0,0,0,0,0,0,0,0,"",Mobile,Chrome 149.0
QLbM65qghOk,QLbM65CPrQs,false,Anonymous,Guest,10:55:29 AM,15/06/2026,false,10:55:29 AM,15/06/2026,"",true,true,2.04,1/49,en,[1],false,"",0,"","","","","","","","","","","","","",[],[],[],"","","",[],[],[],"","","","","","",0,0,0,0,0,0,0,0,0,0,0,0,0,0,0,0,0,"",Desktop,Chrome 149.0
QLcMeq5jGPo,QLcMeqbkjSs,false,Anonymous,Guest,12:02:49 PM,15/06/2026,false,12:02:49 PM,15/06/2026,"",true,true,5.26,1/19,en,[1],false,"",0,"","","","","","","","","","","","","",[],[],[],"","","",[],[],[],"","","","","","",0,0,0,0,0,0,0,0,0,0,0,0,0,0,0,0,0,"",Mobile,Chrome 136.0
QLdnJukEzZA,QLdnJuHR4wY,false,Anonymous,Guest,01:46:00 PM,15/06/2026,false,"","","",true,false,"","",en,"",false,"",13,2+ hours a week,Dance or movement,Feeling confident,5,5,5,5,5,5,5,5,"Yes, a lot",Very important,[],[],"[""Problem-solving ||| Social Connections ||| Speaking up ||| Teamwork ||| Confidence ||| Handling stress ||| Leadership ||| Focus""]",Very confident,Quite easy,"",[],[],"[""make me feel comfortable asking them for help ||| help create safe environments ||| make me feel included ||| help me feel more confident ||| positively influence my experience""]","Yes, a lot",Feeling welcome ||| Fun social activities ||| Free or low-cost activities,Often,"","","",24,15,12,40,10,13,23,16,12,0,21,21,32,15,0,0,0,"",Mobile,Safari 604.1
QLgNd1jcCjI,QLgNd09rAew,false,Anonymous,Guest,04:46:22 PM,15/06/2026,false,04:46:22 PM,15/06/2026,"",true,true,100.00,19/19,en,"[1, 2, 3, 4, 5, 6, 7, 8, 9, 10, 12, 13, 14, 15, 16, 17, 18, 19]",false,"",14,2+ hours a week,Dance or movement ||| Gym or exercise ||| Community sport club,Relaxing or reducing stress,5,5,5,5,5,5,5,5,"Yes, a lot",Very important,"[""Leadership ||| Teamwork ||| Speaking up""]",[],"[""Problem-solving ||| Focus ||| Confidence ||| Social Connections ||| Handling stress""]",Very confident,Very easy,"",[],[],"[""positively influence my experience ||| make me feel included ||| help me feel more confident ||| make me feel comfortable asking them for help ||| help create safe environments""]","Yes, a lot",Supportive coaches ||| Better places to play ||| More choice in activities,Rarely,1999-03-01,Egypt,Female,9,16,18,18,4,3,21,8,4,0,8,5,20,6,0,0,0,"",Mobile,Safari 604.1
QLgRUH3uqDg,QLgRUHQ7ZfM,false,Anonymous,Guest,04:52:50 PM,15/06/2026,false,04:52:50 PM,15/06/2026,"",true,true,100.00,19/19,en,"[1, 2, 3, 4, 5, 6, 7, 8, 9, 10, 11, 12, 13, 14, 15, 16, 17, 18, 19]",false,"",15,I’m not active at the moment,Dance or movement ||| Informal play with friends,Feeling confident,5,5,5,5,5,5,5,5,"Yes, a lot",Very important,[],[],"[""Speaking up ||| Confidence ||| Focus ||| Social Connections ||| Teamwork ||| Leadership ||| Handling stress ||| Problem-solving""]",Very confident,No access,Cost,[],[],"[""make me feel comfortable asking them for help ||| make me feel included ||| help create safe environments ||| help me feel more confident ||| positively influence my experience""]","Yes, a lot",Free or low-cost activities ||| Supportive coaches ||| Better places to play,Never,2006-08-01,Kenya,Female,9,19,15,27,10,11,20,9,6,12,11,7,19,7,0,0,0,"",Mobile,Chrome 149.0
QLkhTWRW0z8,QLkhTVeKhVE,false,Anonymous,Guest,09:44:39 PM,15/06/2026,false,09:44:39 PM,15/06/2026,"",true,true,5.26,1/19,en,[1],false,"",0,"","","","","","","","","","","","","",[],[],[],"","","",[],[],[],"","","","","","",0,0,0,0,0,0,0,0,0,0,0,0,0,0,0,0,0,"",Desktop,Chrome 148.0
QLk1OiLkvg8,QLk1OhqvrsU,false,Anonymous,Guest,10:13:18 PM,15/06/2026,false,"","","",true,false,"","",en,"",false,"",2,2+ hours a week,I don’t regularly take part,"","","","","","","","","","","",[],[],[],"","","",[],[],[],"","","","","","",12,11,0,0,0,0,0,0,0,0,0,0,0,0,0,0,0,"",Mobile,Safari 604.1
QLl00PyF3h8,QLl00PIvSHk,false,Anonymous,Guest,11:15:54 PM,15/06/2026,false,11:15:54 PM,15/06/2026,"",true,true,5.26,1/19,en,[1],false,"",0,"","","","","","","","","","","","","",[],[],[],"","","",[],[],[],"","","","","","",0,0,0,0,0,0,0,0,0,0,0,0,0,0,0,0,0,"",Mobile,Safari 604.1
QLnAiWougX8,QLnAiWJkP2Y,false,Anonymous,Guest,12:42:17 AM,16/06/2026,false,12:42:17 AM,16/06/2026,"",true,true,100.00,19/19,en,"[1, 2, 3, 4, 5, 6, 7, 8, 9, 10, 12, 13, 14, 15, 16, 17, 18, 19]",false,"",14,2+ hours a week,Gym or exercise ||| Informal play with friends ||| Dance or movement,Having fun,5,5,5,5,5,5,5,5,"Yes, a lot",Very important,[],[],"[""Handling stress ||| Problem-solving ||| Focus ||| Leadership ||| Speaking up ||| Social Connections ||| Confidence ||| Teamwork""]",Very confident,Very easy,"",[],[],"[""help create safe environments ||| positively influence my experience ||| make me feel comfortable asking them for help ||| make me feel included ||| help me feel more confident""]","Yes, a lot",Fun social activities ||| Supportive coaches ||| Better places to play,Always,2004-11-01,Nigeria,Male,21,13,13,21,6,6,16,10,5,0,9,23,12,8,0,0,0,"",Mobile,Safari 604.1
QLppL-DUmaE,QLppL_U9waU,false,Anonymous,Guest,03:43:25 AM,16/06/2026,false,"","","",true,false,"","",en,"",false,"",2,About 1–2 hours a week,Community sport club ||| Physical education (PE) or school sport,"","","","","","","","","","","",[],[],[],"","","",[],[],[],"","","","","","",18,20,0,0,0,0,0,0,0,0,0,0,0,0,0,0,0,"",Mobile,Chrome 149.0
QLsYElq2ZvE,QLsYElOBvWs,false,Anonymous,Guest,06:54:02 AM,16/06/2026,false,06:54:02 AM,16/06/2026,"",true,true,5.26,1/19,en,[1],false,"",0,"","","","","","","","","","","","","",[],[],[],"","","",[],[],[],"","","","","","",0,0,0,0,0,0,0,0,0,0,0,0,0,0,0,0,0,"",Desktop,Safari 605.1
QLsewswT2SY,QLsewlk4j_k,false,Anonymous,Guest,07:05:18 AM,16/06/2026,false,07:05:18 AM,16/06/2026,"",true,true,100.00,19/19,en,"[1, 2, 3, 4, 5, 6, 7, 8, 9, 10, 11, 12, 13, 14, 15, 16, 17, 18, 19]",false,"",15,2+ hours a week,Informal play with friends,Having fun,3,4,3,5,4,5,5,5,Sometimes,Quite important,"[""Handling stress ||| Problem-solving""]",[],"[""Speaking up ||| Social Connections ||| Teamwork ||| Focus ||| Confidence ||| Leadership""]",Very confident,Difficult,Cost,"[""make me feel comfortable asking them for help ||| help create safe environments""]",[],"[""make me feel included ||| help me feel more confident ||| positively influence my experience""]",A little,Better places to play ||| More choice in activities ||| Free or low-cost activities,Rarely,2010-06-01,India,Male,8,15,12,25,6,8,19,9,7,24,16,8,22,48,0,0,0,"",Mobile,Chrome 146.0
QLuqM7IY3IU,QLuqM6rq8zw,false,Anonymous,Guest,09:37:24 AM,16/06/2026,false,09:37:24 AM,16/06/2026,"",true,false,"","",en,"",false,"",14,2+ hours a week,Gym or exercise,Feeling healthy or strong,5,5,5,5,5,3,4,5,Sometimes,Quite important,"[""Teamwork ||| Leadership ||| Problem-solving""]",[],"[""Speaking up ||| Handling stress ||| Confidence ||| Focus ||| Social Connections""]",Somewhat confident,Quite easy,"",[],[],"[""make me feel included ||| help create safe environments ||| positively influence my experience ||| make me feel comfortable asking them for help ||| help me feel more confident""]",Not sure,More choice in activities ||| Fun social activities ||| Better places to play,Sometimes,2007-09-01,North Macedonia,Female,7,14,8,23,8,59,22,13,6,0,15,6,12,10,0,0,0,"",Mobile,Chrome 149.0
QLvzbTfCkbU,QLvzbTAH4eo,false,Anonymous,Guest,11:00:01 AM,16/06/2026,false,11:00:02 AM,16/06/2026,"",true,true,100.00,19/19,en,"[1, 2, 3, 4, 5, 6, 7, 8, 9, 10, 12, 13, 14, 15, 16, 17, 18, 19]",false,"",14,2+ hours a week,Dance or movement ||| Gym or exercise,Feeling confident,4,5,4,4,4,4,3,4,Sometimes,Very important,"[""Speaking up ||| Leadership ||| Focus""]",[],"[""Teamwork ||| Problem-solving ||| Social Connections ||| Confidence ||| Handling stress""]",Very confident,Quite easy,"",[],[],"[""make me feel comfortable asking them for help ||| make me feel included ||| help me feel more confident ||| help create safe environments ||| positively influence my experience""]","Yes, a lot",Fun social activities ||| Feeling welcome ||| Free or low-cost activities,Sometimes,1998-09-01,United States,Female,26,20,21,101,15,11,32,15,13,0,26,10,29,7,0,0,0,"",Mobile,Safari 604.1
QLw9GWUlmXA,QLw9GV0qCe8,false,Anonymous,Guest,12:17:14 PM,16/06/2026,false,12:17:14 PM,16/06/2026,"",true,true,100.00,19/19,en,"[1, 2, 3, 4, 5, 6, 7, 8, 9, 10, 12, 13, 14, 15, 16, 17, 18, 19]",false,"",14,2+ hours a week,Gym or exercise ||| Informal play with friends ||| Community sport club ||| Physical education (PE) or school sport,Being part of a team,5,5,5,4,5,2,3,3,"Yes, a lot",Very important,[],[],"[""Problem-solving ||| Social Connections ||| Handling stress ||| Speaking up ||| Teamwork ||| Focus ||| Confidence ||| Leadership""]",Very confident,Quite easy,"",[],[],"[""help me feel more confident ||| positively influence my experience ||| help create safe environments ||| make me feel included ||| make me feel comfortable asking them for help""]",A little,Better places to play ||| Supportive coaches ||| Free or low-cost activities,Sometimes,1995-10-01,United Kingdom,Female,6,12,4,25,-1,0,12,7,2,0,6,-1,6,-1,0,0,0,"",Desktop,Chrome 149.0
QLxSWNgQhbk,QLxSWMxK9ks,false,Anonymous,Guest,12:38:56 PM,16/06/2026,false,12:38:56 PM,16/06/2026,"",true,true,26.32,5/19,en,"[1, 2, 3, 4, 5]",false,"",4,About 30–60 minutes a week,Gym or exercise,Relaxing or reducing stress,5,5,5,5,5,5,5,5,"","",[],[],[],"","","",[],[],[],"","","","","","",15,24,15,27,0,0,0,0,0,0,0,0,0,0,0,0,0,"",Desktop,Chrome 149.0
QLxbo-U_yzE,QLxbo_qgV6A,false,Anonymous,Guest,12:47:42 PM,16/06/2026,false,"","","",true,false,"","",en,"",false,"",0,"","","","","","","","","","","","","",[],[],[],"","","",[],[],[],"","","","","","",0,0,0,0,0,0,0,0,0,0,0,0,0,0,0,0,0,"",Mobile,Chrome 147.0
QLxVIi4n_9k,QLxVIiM3p5M,false,Anonymous,Guest,12:50:21 PM,16/06/2026,false,"","","",true,false,"","",en,"",false,"",0,"","","","","","","","","","","","","",[],[],[],"","","",[],[],[],"","","","","","",0,0,0,0,0,0,0,0,0,0,0,0,0,0,0,0,0,"",Mobile,Chrome 149.0
QLxlCPoD9HM,QLxlCPC85ZA,false,Anonymous,Guest,01:02:54 PM,16/06/2026,false,01:02:54 PM,16/06/2026,"",true,true,100.00,19/19,en,"[1, 2, 3, 4, 5, 6, 7, 8, 9, 10, 12, 13, 14, 15, 16, 17, 18, 19]",false,"",14,About 1–2 hours a week,Gym or exercise,Relaxing or reducing stress,5,5,3,4,4,3,4,5,Sometimes,Very important,"[""Speaking up""]",[],"[""Problem-solving ||| Focus ||| Confidence ||| Social Connections ||| Teamwork ||| Handling stress ||| Leadership""]",Very confident,Quite easy,"",[],[],"[""help create safe environments ||| help me feel more confident ||| positively influence my experience ||| make me feel comfortable asking them for help ||| make me feel included""]",A little,Fun social activities ||| Free or low-cost activities ||| Better places to play,Often,2004-04-01,[OTHER] Uganda,Female,11,7,10,24,6,5,18,10,13,0,15,7,28,7,0,0,0,"",Mobile,Chrome 149.0
QLy76MTTb3g,QLy76Lzzkkw,false,Anonymous,Guest,02:32:57 PM,16/06/2026,false,02:32:57 PM,16/06/2026,"",true,true,10.53,2/19,en,"[1, 2]",false,"",1,2+ hours a week,"","","","","","","","","","","","",[],[],[],"","","",[],[],[],"","","","","","",10,0,0,0,0,0,0,0,0,0,0,0,0,0,0,0,0,"",Desktop,Chrome 148.0
QLzaZPlxbc4,QLzaZPEaMJw,false,Anonymous,Guest,03:10:36 PM,16/06/2026,false,03:10:36 PM,16/06/2026,"",true,true,100.00,19/19,en,"[1, 2, 3, 4, 5, 6, 7, 8, 9, 10, 11, 12, 13, 14, 15, 16, 17, 18, 19]",false,"",15,2+ hours a week,Gym or exercise ||| Online/virtual fitness,Learning new skills,5,5,5,5,5,5,5,5,"Yes, a lot",Very important,[],[],"[""Teamwork ||| Leadership ||| Speaking up ||| Problem-solving ||| Handling stress ||| Social Connections ||| Confidence ||| Focus""]",Confident,Difficult,Cost,"[""make me feel included""]",[],"[""positively influence my experience ||| help me feel more confident ||| make me feel comfortable asking them for help ||| help create safe environments""]","Yes, a lot",Free or low-cost activities ||| Feeling welcome ||| More choice in activities,Often,2002-09-01,Pakistan,Female,14,28,14,25,7,8,19,12,11,12,19,9,29,8,0,0,0,"",Desktop,Chrome 148.0
QL2bBy8WO-c,QL2bBxn6ZeY,false,Anonymous,Guest,06:41:28 PM,16/06/2026,false,06:41:28 PM,16/06/2026,"",true,true,100.00,19/19,en,"[1, 2, 3, 4, 5, 6, 7, 8, 9, 10, 12, 13, 14, 15, 16, 17, 18, 19]",false,"",14,About 1–2 hours a week,Gym or exercise ||| Dance or movement,Relaxing or reducing stress,5,5,5,5,5,4,5,5,"Yes, a lot",Very important,"[""Leadership ||| Social Connections ||| Teamwork""]",[],"[""Confidence ||| Speaking up ||| Handling stress ||| Focus ||| Problem-solving""]",Somewhat confident,Very easy,"",[],[],"[""positively influence my experience ||| make me feel comfortable asking them for help ||| help create safe environments ||| make me feel included ||| help me feel more confident""]",A little,Fun social activities ||| Better places to play ||| More choice in activities,Often,2007-10-01,Mexico,Female,16,14,32,41,14,7,26,13,7,0,16,8,31,6,0,0,0,"",Mobile,Chrome 149.0
QL2mj7EW0ds,QL2mj6XgUh4,false,Anonymous,Guest,06:51:17 PM,16/06/2026,false,06:51:17 PM,16/06/2026,"",true,true,5.26,1/19,en,[1],false,"",0,"","","","","","","","","","","","","",[],[],[],"","","",[],[],[],"","","","","","",0,0,0,0,0,0,0,0,0,0,0,0,0,0,0,0,0,"",Desktop,Chrome 149.0
QL3ahZykt6s,QL3ahZQqLSs,false,Anonymous,Guest,07:50:04 PM,16/06/2026,false,07:50:04 PM,16/06/2026,"",true,true,100.00,19/19,en,"[1, 2, 3, 4, 5, 6, 7, 8, 9, 10, 12, 13, 14, 15, 16, 17, 18, 19]",false,"",14,About 1–2 hours a week,Online/virtual fitness ||| Gym or exercise ||| Community sport club,Feeling confident,4,5,5,5,4,4,4,5,Sometimes,Quite important,[],[],"[""Handling stress ||| Leadership ||| Social Connections ||| Teamwork ||| Confidence ||| Focus ||| Problem-solving ||| Speaking up""]",Confident,Quite easy,"",[],[],"[""help me feel more confident ||| make me feel comfortable asking them for help ||| positively influence my experience ||| help create safe environments ||| make me feel included""]","Yes, a lot",More choice in activities ||| Supportive coaches ||| Fun social activities,Sometimes,2002-01-01,Malawi,Female,12,20,20,52,8,11,24,12,13,0,14,8,22,7,0,0,0,"",Mobile,Chrome 146.0
QL7j1ZJkHFA,QL7j1YPlzZk,false,Anonymous,Guest,12:46:12 AM,17/06/2026,false,"","","",true,false,"","",en,"",false,"",0,"","","","","","","","","","","","","",[],[],[],"","","",[],[],[],"","","","","","",0,0,0,0,0,0,0,0,0,0,0,0,0,0,0,0,0,"",Unknown,""
QL8Q26oNIY4,QL8Q26AG5aE,false,Anonymous,Guest,01:27:26 AM,17/06/2026,false,01:27:27 AM,17/06/2026,"",true,true,100.00,19/19,en,"[1, 2, 3, 4, 5, 6, 7, 8, 9, 10, 12, 13, 14, 15, 16, 17, 18, 19]",false,"",14,Less than 30 minutes a week,Gym or exercise,Having fun,4,3,5,4,5,1,5,3,"Yes, a lot",Quite important,[],[],"[""Social Connections ||| Problem-solving ||| Leadership ||| Speaking up ||| Teamwork ||| Confidence ||| Focus ||| Handling stress""]",Very confident,Very easy,"",[],[],"[""positively influence my experience ||| make me feel comfortable asking them for help ||| make me feel included ||| help me feel more confident ||| help create safe environments""]",Not sure,Better places to play ||| Free or low-cost activities ||| Feeling welcome,Never,1994-03-01,Ghana,Female,8,14,9,22,5,5,19,9,4,0,10,7,26,5,0,0,0,"",Mobile,Mozilla 5.0
QMLrUQvLzuQ,QMLrUP_oSx8,false,Anonymous,Guest,07:21:59 PM,17/06/2026,false,07:21:59 PM,17/06/2026,"",true,true,5.26,1/19,en,[1],false,"",0,"","","","","","","","","","","","","",[],[],[],"","","",[],[],[],"","","","","","",0,0,0,0,0,0,0,0,0,0,0,0,0,0,0,0,0,"",Desktop,Edge 149.0
QMMIYNpsJoE,QMMIYMzBjlA,false,Anonymous,Guest,07:53:59 PM,17/06/2026,false,07:53:59 PM,17/06/2026,"",true,true,5.26,1/19,en,[1],false,"",0,"","","","","","","","","","","","","",[],[],[],"","","",[],[],[],"","","","","","",0,0,0,0,0,0,0,0,0,0,0,0,0,0,0,0,0,"",Desktop,Chrome 149.0
QMUMvqyT7fM,QMUMvp2uRIg,false,Anonymous,Guest,05:17:43 AM,18/06/2026,false,05:17:43 AM,18/06/2026,"",true,true,5.26,1/19,en,[1],false,"",0,"","","","","","","","","","","","","",[],[],[],"","","",[],[],[],"","","","","","",0,0,0,0,0,0,0,0,0,0,0,0,0,0,0,0,0,"",Mobile,Chrome 149.0
QMWnBYYbiM0,QMWnBXomAvs,false,Anonymous,Guest,08:06:34 AM,18/06/2026,false,"","","",true,false,"","",en,"",false,"",1,2+ hours a week,"","","","","","","","","","","","",[],[],[],"","","",[],[],[],"","","","","","",14,0,0,0,0,0,0,0,0,0,0,0,0,0,0,0,0,"",Desktop,Chrome 148.0
QMWo7AJw-tM,QMWo6-uYFso,false,Anonymous,Guest,08:08:16 AM,18/06/2026,false,"","","",true,false,"","",en,"",false,"",0,"","","","","","","","","","","","","",[],[],[],"","","",[],[],[],"","","","","","",0,0,0,0,0,0,0,0,0,0,0,0,0,0,0,0,0,"",Desktop,Safari 605.1
QMW7XUijx4M,QMW7XUGQnTk,false,Anonymous,Guest,08:28:41 AM,18/06/2026,false,08:28:41 AM,18/06/2026,"",true,true,10.53,2/19,en,"[1, 2]",false,"",1,About 1–2 hours a week,"","","","","","","","","","","","",[],[],[],"","","",[],[],[],"","","","","","",13,0,0,0,0,0,0,0,0,0,0,0,0,0,0,0,0,"",Desktop,Chrome 148.0
QMbwskch2qY,QMbwsj6OEx0,false,Anonymous,Guest,02:09:57 PM,18/06/2026,false,02:09:58 PM,18/06/2026,"",true,true,100.00,19/19,en,"[1, 2, 3, 4, 5, 6, 7, 8, 9, 10, 12, 13, 14, 15, 16, 17, 18, 19]",false,"",14,2+ hours a week,Gym or exercise,Relaxing or reducing stress,2,4,3,5,4,3,5,4,"Yes, a lot",Very important,[],[],"[""Social Connections ||| Focus ||| Confidence ||| Teamwork ||| Problem-solving ||| Handling stress ||| Leadership ||| Speaking up""]",Slightly confident,Very easy,"","[""make me feel included""]",[],"[""positively influence my experience ||| make me feel comfortable asking them for help ||| help create safe environments ||| help me feel more confident""]",Not sure,Feeling welcome ||| More choice in activities ||| Better places to play,Rarely,1970-02-01,France,Female,1,10,10,30,4,0,17,8,0,0,19,1,13,3,0,0,0,"",Desktop,Chrome 149.0
QMbwWnk6GMo,QMbwWm_1Jfw,false,Anonymous,Guest,02:22:07 PM,18/06/2026,false,02:22:07 PM,18/06/2026,"",true,true,100.00,19/19,en,"[1, 2, 3, 4, 5, 6, 7, 8, 9, 10, 12, 13, 14, 15, 16, 17, 18, 19]",false,"",14,About 1–2 hours a week,Gym or exercise,Relaxing or reducing stress,5,5,5,5,5,5,5,5,Sometimes,Very important,[],[],"[""Focus ||| Handling stress ||| Confidence ||| Teamwork ||| Problem-solving ||| Leadership ||| Speaking up ||| Social Connections""]",Confident,Quite easy,"",[],[],"[""help me feel more confident ||| help create safe environments ||| make me feel included ||| make me feel comfortable asking them for help ||| positively influence my experience""]",A little,More choice in activities ||| Feeling welcome ||| Better places to play,Rarely,1960-09-01,United States,Male,10,8,8,25,9,414,19,8,8,0,195,6,10,9,0,0,0,"",Desktop,Safari 605.1
QMchtLaSDXs,QMchtKhPcT8,false,Anonymous,Guest,02:59:52 PM,18/06/2026,false,02:59:52 PM,18/06/2026,"",true,true,5.26,1/19,en,[1],false,"",0,"","","","","","","","","","","","","",[],[],[],"","","",[],[],[],"","","","","","",0,0,0,0,0,0,0,0,0,0,0,0,0,0,0,0,0,"",Desktop,Chrome 148.0
QMc2hBc6vbw,QMc2hAzmdwA,false,Anonymous,Guest,03:41:49 PM,18/06/2026,false,03:41:49 PM,18/06/2026,"",true,true,52.63,10/19,en,"[1, 2, 3, 4, 5, 6, 7, 8, 9, 10]",false,"",9,2+ hours a week,Online/virtual fitness ||| Gym or exercise ||| Informal play with friends,Feeling healthy or strong,3,5,3,5,5,1,1,1,Sometimes,Very important,"[""Teamwork ||| Speaking up ||| Problem-solving ||| Leadership""]",[],"[""Social Connections ||| Confidence ||| Handling stress ||| Focus""]",Very confident,Very easy,"",[],[],[],"","","","","","",5,18,9,51,7,5,21,8,7,0,0,0,0,0,0,0,0,"",Desktop,Chrome 149.0
QMeR3TgbYcU,QMeR3S_vkK8,false,Anonymous,Guest,05:05:27 PM,18/06/2026,false,"","","",true,false,"","",en,"",false,"",8,About 1–2 hours a week,Physical education (PE) or school sport,Feeling healthy or strong,2,3,3,5,2,1,5,2,"Yes, a lot",Quite important,"[""Speaking up ||| Focus ||| Teamwork ||| Leadership""]",[],"[""Handling stress ||| Problem-solving ||| Social Connections ||| Confidence""]",Confident,"","",[],[],[],"","","","","","",7,16,15,44,11,11,53,13,0,0,0,0,0,0,0,0,0,"",Desktop,Chrome 149.0
QMf65FDXteI,QMf65DPdZM4,false,Anonymous,Guest,07:04:17 PM,18/06/2026,false,07:04:17 PM,18/06/2026,"",true,true,31.58,6/19,en,"[1, 2, 3, 4, 5, 6]",false,"",5,2+ hours a week,Physical education (PE) or school sport ||| Informal play with friends ||| Community sport club ||| Gym or exercise,Competing,2,1,2,2,2,2,2,2,"Yes, a lot","",[],[],[],"","","",[],[],[],"","","","","","",5,19,12,37,5,0,0,0,0,0,0,0,0,0,0,0,0,"",Desktop,Chrome 149.0
QMr0-IA51fM,QMr0-HZ7vPk,false,Anonymous,Guest,08:50:30 AM,19/06/2026,false,"","","",true,false,"","",en,"",false,"",3,2+ hours a week,Gym or exercise,Feeling confident,"","","","","","","","","","",[],[],[],"","","",[],[],[],"","","","","","",13,23,16,0,0,0,0,0,0,0,0,0,0,0,0,0,0,"",Desktop,Chrome 148.0
QMtI4u3E2bY,QMtI4uZ7zRE,false,Anonymous,Guest,10:21:06 AM,19/06/2026,false,10:21:06 AM,19/06/2026,"",true,true,5.26,1/19,en,[1],false,"",0,"","","","","","","","","","","","","",[],[],[],"","","",[],[],[],"","","","","","",0,0,0,0,0,0,0,0,0,0,0,0,0,0,0,0,0,"",Desktop,Edge 148.0
QMtLmNkvAMc,QMtLmNCW6MM,false,Anonymous,Guest,10:26:41 AM,19/06/2026,false,"","","",true,false,"","",en,"",false,"",3,2+ hours a week,Gym or exercise,Feeling healthy or strong,"","","","","","","","","","",[],[],[],"","","",[],[],[],"","","","","","",72,9,16,0,0,0,0,0,0,0,0,0,0,0,0,0,0,"",Desktop,Chrome 149.0
QMu86Lhv77Q,QMu86KnKYh0,false,Anonymous,Guest,12:28:37 PM,19/06/2026,false,12:28:37 PM,19/06/2026,"",true,true,26.32,5/19,en,"[1, 2, 3, 4, 5]",false,"",4,Less than 30 minutes a week,Gym or exercise,Feeling healthy or strong,2,2,2,2,2,2,2,2,"","",[],[],[],"","","",[],[],[],"","","","","","",10,7,8,15,0,0,0,0,0,0,0,0,0,0,0,0,0,"",Desktop,Edge 149.0
QMveeNvYcUo,QMveeM1komI,false,Anonymous,Guest,01:05:32 PM,19/06/2026,false,"","","",true,false,"","",en,"",false,"",2,2+ hours a week,Gym or exercise,"","","","","","","","","","","",[],[],[],"","","",[],[],[],"","","","","","",10,13,0,0,0,0,0,0,0,0,0,0,0,0,0,0,0,"",Desktop,Safari 605.1
QMwU95z-l7Y,QMwU93oAoBg,false,Anonymous,Guest,02:04:03 PM,19/06/2026,false,02:04:03 PM,19/06/2026,"",true,true,5.26,1/19,en,[1],false,"",0,"","","","","","","","","","","","","",[],[],[],"","","",[],[],[],"","","","","","",0,0,0,0,0,0,0,0,0,0,0,0,0,0,0,0,0,"",Desktop,Chrome 148.0
QMxtu2_zHzw,QMxtu2NUXKU,false,Anonymous,Guest,04:11:38 PM,19/06/2026,false,"","","",true,false,"","",en,"",false,"",11,2+ hours a week,Gym or exercise,Relaxing or reducing stress,3,5,2,5,5,1,1,1,"Yes, a lot",Very important,"[""Teamwork ||| Leadership ||| Problem-solving ||| Speaking up""]",[],"[""Social Connections ||| Handling stress ||| Focus ||| Confidence""]",Somewhat confident,Very easy,"",[],[],"[""help me feel more confident ||| positively influence my experience ||| make me feel included ||| make me feel comfortable asking them for help ||| help create safe environments""]",Not really,"","","","","",1582,26,7,72,8,3,16,28,11,0,15,6,0,0,0,0,0,"",Desktop,Chrome 148.0
QMzOhoy7Mt0,QMzOhoOy-uE,false,Anonymous,Guest,05:37:24 PM,19/06/2026,false,05:37:24 PM,19/06/2026,"",true,true,100.00,19/19,en,"[1, 2, 3, 4, 5, 6, 7, 8, 9, 10, 12, 13, 14, 15, 16, 17, 18, 19]",false,"",14,2+ hours a week,Gym or exercise,Feeling healthy or strong,5,5,5,5,3,2,5,5,"Yes, a lot",Very important,[],[],"[""Speaking up ||| Problem-solving ||| Leadership ||| Teamwork ||| Social Connections ||| Confidence ||| Focus ||| Handling stress""]",Very confident,Very easy,"","[""make me feel comfortable asking them for help ||| help create safe environments ||| positively influence my experience ||| help me feel more confident""]",[],"[""make me feel included""]","Yes, a lot",Feeling welcome ||| Fun social activities ||| Free or low-cost activities,Often,1998-01-01,Rwanda,Male,43,15,22,109,13,39,43,16,17,0,119,10,63,19,0,0,0,"",Desktop,Chrome 149.0
QM5V7Q_5dYU,QM5V7OtzWfY,false,Anonymous,Guest,12:36:40 AM,20/06/2026,false,12:36:40 AM,20/06/2026,"",true,true,47.37,9/19,en,"[1, 2, 3, 4, 5, 6, 7, 8, 9]",false,"",8,2+ hours a week,Dance or movement,Spending time with friends,4,3,3,5,3,5,5,5,Very little,Very important,[],[],"[""Focus ||| Handling stress ||| Problem-solving ||| Social Connections ||| Leadership ||| Confidence ||| Speaking up ||| Teamwork""]",Somewhat confident,"","",[],[],[],"","","","","","",16,15,14,43,9,7,24,9,0,0,0,0,0,0,0,0,0,"",Desktop,Safari 605.1
QM9j3TdNJIw,QM9j3SoZKUk,false,Anonymous,Guest,05:34:44 AM,20/06/2026,false,05:34:44 AM,20/06/2026,"",true,true,100.00,19/19,en,"[1, 2, 3, 4, 5, 6, 7, 8, 9, 10, 12, 13, 14, 15, 16, 17, 18, 19]",false,"",14,2+ hours a week,Dance or movement ||| Gym or exercise,Relaxing or reducing stress,5,5,5,5,5,5,5,4,"Yes, a lot",Very important,[],[],"[""Social Connections ||| Speaking up ||| Leadership ||| Confidence ||| Focus ||| Problem-solving ||| Handling stress ||| Teamwork""]",Very confident,Very easy,"",[],[],"[""positively influence my experience ||| make me feel included ||| make me feel comfortable asking them for help ||| help me feel more confident ||| help create safe environments""]","Yes, a lot",Supportive coaches ||| Free or low-cost activities ||| Better places to play,Always,1976-12-01,United Kingdom,Male,13,32,29,47,13,10,20,15,7,0,25,8,26,8,0,0,0,"",Desktop,Chrome 148.0
QNC6VDhFbFo,QNC6VCt17Rg,false,Anonymous,Guest,11:44:07 AM,20/06/2026,false,11:44:07 AM,20/06/2026,"",true,true,21.05,4/19,en,"[1, 2, 3, 4]",false,"",3,2+ hours a week,Informal play with friends,Learning new skills,"","","","","","","","","","",[],[],[],"","","",[],[],[],"","","","","","",3,5,-4,0,0,0,0,0,0,0,0,0,0,0,0,0,0,"",Desktop,Chrome 149.0
QNaZdj6XvVY,QNaZdjChn8g,false,Anonymous,Guest,03:09:08 PM,21/06/2026,false,03:09:09 PM,21/06/2026,"",true,true,100.00,19/19,en,"[1, 2, 3, 4, 5, 6, 7, 8, 9, 10, 12, 13, 14, 15, 16, 17, 18, 19]",false,"",14,2+ hours a week,Informal play with friends ||| Online/virtual fitness ||| Gym or exercise ||| Dance or movement,Relaxing or reducing stress,5,4,4,5,5,5,5,4,"Yes, a lot",Very important,[],[],"[""Handling stress ||| Leadership ||| Speaking up ||| Teamwork ||| Focus ||| Social Connections ||| Confidence ||| Problem-solving""]",Very confident,Very easy,"",[],[],"[""help create safe environments ||| positively influence my experience ||| make me feel comfortable asking them for help ||| make me feel included ||| help me feel more confident""]","Yes, a lot",Better places to play ||| Free or low-cost activities ||| More choice in activities,Always,1995-08-01,Nigeria,Female,11,18,26,28,6,4,16,17,4,0,14,6,22,6,0,0,0,"",Mobile,Safari 604.1
QNb88GEzMdU,QNb88FNPZNE,false,Anonymous,Guest,04:55:37 PM,21/06/2026,false,04:55:37 PM,21/06/2026,"",true,true,5.26,1/19,en,[1],false,"",0,"","","","","","","","","","","","","",[],[],[],"","","",[],[],[],"","","","","","",0,0,0,0,0,0,0,0,0,0,0,0,0,0,0,0,0,"",Mobile,Safari 604.1
QNizABWLioY,QNizAAiBFKI,false,Anonymous,Guest,12:56:44 AM,22/06/2026,false,12:56:45 AM,22/06/2026,"",true,true,100.00,19/19,en,"[1, 2, 3, 4, 5, 6, 7, 8, 9, 10, 12, 13, 14, 15, 16, 17, 18, 19]",false,"",14,About 1–2 hours a week,Gym or exercise ||| Online/virtual fitness ||| Physical education (PE) or school sport,Learning new skills,5,5,5,5,5,5,5,5,"Yes, a lot",Quite important,[],[],"[""Teamwork ||| Social Connections ||| Problem-solving ||| Speaking up ||| Leadership ||| Confidence ||| Handling stress ||| Focus""]",Very confident,Quite easy,"",[],[],"[""make me feel comfortable asking them for help ||| help me feel more confident ||| help create safe environments ||| make me feel included ||| positively influence my experience""]","Yes, a lot",More choice in activities ||| Better places to play ||| Fun social activities,Always,1990-03-01,[OTHER] United States of America,Male,9,17,12,37,10,8,22,11,7,0,15,8,18,6,0,0,0,"",Mobile,Safari 604.1
QNjU49liI3g,QNjU49Eofos,false,Anonymous,Guest,01:29:15 AM,22/06/2026,false,01:29:15 AM,22/06/2026,"",true,true,5.26,1/19,en,[1],false,"",0,"","","","","","","","","","","","","",[],[],[],"","","",[],[],[],"","","","","","",0,0,0,0,0,0,0,0,0,0,0,0,0,0,0,0,0,"",Desktop,Chrome 148.0
QNpGoGzhAPU,QNpGoGP_dW4,false,Anonymous,Guest,08:21:29 AM,22/06/2026,false,08:21:29 AM,22/06/2026,"",true,false,"","",en,"",false,"",14,2+ hours a week,Gym or exercise,Feeling healthy or strong,5,5,5,5,5,4,5,4,"Yes, a lot",Very important,"[""Focus ||| Speaking up""]",[],"[""Confidence ||| Problem-solving ||| Social Connections ||| Leadership ||| Handling stress ||| Teamwork""]",Very confident,Very easy,"",[],[],"[""make me feel comfortable asking them for help ||| positively influence my experience ||| make me feel included ||| help me feel more confident ||| help create safe environments""]",A little,More choice in activities ||| Better places to play ||| Free or low-cost activities,Always,1960-10-01,United States,Male,20,18,17,109,12,7,31,15,8,0,64,8,49,12,0,0,0,"",Desktop,Chrome 149.0
QNuK2-xVirY,QNuK2-BoCIE,false,Anonymous,Guest,02:11:43 PM,22/06/2026,false,02:11:43 PM,22/06/2026,"",true,true,21.05,4/19,en,"[1, 2, 3, 4]",false,"",3,2+ hours a week,Community sport club,Having fun,"","","","","","","","","","",[],[],[],"","","",[],[],[],"","","","","","",9,241,15,0,0,0,0,0,0,0,0,0,0,0,0,0,0,"",Desktop,Chrome 148.0
QNvPkIwmkk0,QNvPkHpKkrE,false,Anonymous,Guest,03:42:04 PM,22/06/2026,false,03:42:04 PM,22/06/2026,"",true,false,"","",en,"",false,"",14,2+ hours a week,Gym or exercise,Feeling healthy or strong,2,5,4,3,3,1,1,3,Sometimes,Quite important,"[""Speaking up""]",[],"[""Confidence ||| Teamwork ||| Handling stress ||| Social Connections ||| Leadership ||| Focus ||| Problem-solving""]",Confident,Very easy,"",[],[],"[""help create safe environments ||| help me feel more confident ||| make me feel comfortable asking them for help ||| positively influence my experience ||| make me feel included""]",A little,Better places to play ||| Free or low-cost activities ||| Fun social activities,Rarely,1995-11-01,United Kingdom,Male,4,6,8,41,11,7,18,11,11,0,30,12,29,6,0,0,0,"",Desktop,Chrome 149.0
QNv2mp6i1eI,QNv2mpO8u5w,false,Anonymous,Guest,04:06:39 PM,22/06/2026,false,04:06:39 PM,22/06/2026,"",true,true,10.53,2/19,en,"[1, 2]",false,"",1,2+ hours a week,"","","","","","","","","","","","",[],[],[],"","","",[],[],[],"","","","","","",19,0,0,0,0,0,0,0,0,0,0,0,0,0,0,0,0,"",Desktop,Edge 149.0
QNvvCClcXHA,QNvvCCKuKAQ,false,Anonymous,Guest,04:30:55 PM,22/06/2026,false,04:30:55 PM,22/06/2026,"",true,true,78.95,15/19,en,"[1, 2, 3, 4, 5, 6, 7, 8, 9, 10, 12, 13, 14, 15]",false,"",13,About 1–2 hours a week,Dance or movement ||| Gym or exercise,Competing,5,5,5,4,5,3,3,3,Sometimes,Very important,[],[],"[""Social Connections ||| Confidence ||| Leadership ||| Focus ||| Problem-solving ||| Speaking up ||| Teamwork ||| Handling stress""]",Confident,Quite easy,"","[""make me feel included ||| help me feel more confident ||| make me feel comfortable asking them for help""]",[],"[""positively influence my experience ||| help create safe environments""]",Not really,Feeling welcome ||| Fun social activities ||| More choice in activities,Rarely,"","","",8,13,16,40,10,11,18,13,8,0,16,8,30,6,0,0,0,"",Desktop,Chrome 149.0
QNwyJL9Cyb8,QNwyJLZtP78,false,Anonymous,Guest,05:21:32 PM,22/06/2026,false,05:21:35 PM,22/06/2026,"",true,true,100.00,19/19,en,"[1, 2, 3, 4, 5, 6, 7, 8, 9, 10, 12, 13, 14, 15, 16, 17, 18, 19]",false,"",14,2+ hours a week,Dance or movement ||| Physical education (PE) or school sport ||| Community sport club ||| Informal play with friends,Relaxing or reducing stress,5,5,5,5,5,5,5,5,"Yes, a lot",Very important,[],[],"[""Teamwork ||| Confidence ||| Leadership ||| Focus ||| Problem-solving ||| Speaking up ||| Handling stress ||| Social Connections""]",Very confident,Very easy,"",[],[],"[""help create safe environments ||| positively influence my experience ||| make me feel comfortable asking them for help ||| make me feel included ||| help me feel more confident""]","Yes, a lot",Free or low-cost activities ||| Feeling welcome ||| Supportive coaches,Always,1987-12-01,Nigeria,Male,27,48,47,107,42,36,37,20,13,0,12,35,69,8,0,0,0,"",Mobile,Chrome 149.0
QNxTD5BXX08,QNxTD4YjDvA,false,Anonymous,Guest,05:45:47 PM,22/06/2026,false,05:45:47 PM,22/06/2026,"",true,true,5.26,1/19,en,[1],false,"",0,"","","","","","","","","","","","","",[],[],[],"","","",[],[],[],"","","","","","",0,0,0,0,0,0,0,0,0,0,0,0,0,0,0,0,0,"",Desktop,Chrome 149.0
QNxgyjdIzVA,QNxgyilDq5k,false,Anonymous,Guest,06:01:19 PM,22/06/2026,false,06:01:19 PM,22/06/2026,"",true,true,21.05,4/19,en,"[1, 2, 3, 4]",false,"",3,2+ hours a week,Gym or exercise,Learning new skills,"","","","","","","","","","",[],[],[],"","","",[],[],[],"","","","","","",6,17,10,0,0,0,0,0,0,0,0,0,0,0,0,0,0,"",Mobile,Safari 604.1
QNx_i4u7tGc,QNx_i3z1H1U,false,Anonymous,Guest,06:33:31 PM,22/06/2026,false,06:33:31 PM,22/06/2026,"",true,true,5.26,1/19,en,[1],false,"",0,"","","","","","","","","","","","","",[],[],[],"","","",[],[],[],"","","","","","",0,0,0,0,0,0,0,0,0,0,0,0,0,0,0,0,0,"",Desktop,Edge 149.0
QNyFxPC8_L8,QNyFxOOARp8,false,Anonymous,Guest,06:41:53 PM,22/06/2026,false,06:41:53 PM,22/06/2026,"",true,true,10.53,2/19,en,"[1, 2]",false,"",1,2+ hours a week,"","","","","","","","","","","","",[],[],[],"","","",[],[],[],"","","","","","",8,0,0,0,0,0,0,0,0,0,0,0,0,0,0,0,0,"",Mobile,Safari 604.1
QNzBZ2RU_zI,QNzBZ1v5OOk,false,Anonymous,Guest,07:46:26 PM,22/06/2026,false,07:46:26 PM,22/06/2026,"",true,true,5.26,1/19,en,[1],false,"",0,"","","","","","","","","","","","","",[],[],[],"","","",[],[],[],"","","","","","",0,0,0,0,0,0,0,0,0,0,0,0,0,0,0,0,0,"",Desktop,Chrome 149.0
QNy_9np0DKc,QNy_9my5EoI,false,Anonymous,Guest,07:47:02 PM,22/06/2026,false,07:47:03 PM,22/06/2026,"",true,true,100.00,19/19,en,"[1, 2, 3, 4, 5, 6, 7, 8, 9, 10, 12, 13, 14, 15, 16, 17, 18, 19]",false,"",14,About 30–60 minutes a week,Gym or exercise,Feeling healthy or strong,5,5,5,5,5,4,3,5,"Yes, a lot",Very important,[],[],"[""Focus ||| Confidence ||| Speaking up ||| Leadership ||| Handling stress ||| Social Connections ||| Teamwork ||| Problem-solving""]",Very confident,Very easy,"",[],[],"[""make me feel included ||| help me feel more confident ||| positively influence my experience ||| help create safe environments ||| make me feel comfortable asking them for help""]","Yes, a lot",Better places to play ||| Free or low-cost activities ||| Supportive coaches,Sometimes,1994-09-01,India,Female,9,10,22,32,9,5,17,8,7,0,16,7,13,7,0,0,0,"",Desktop,Chrome 149.0
QN7u8e7ER1k,QN7u8eBr7Zc,false,Anonymous,Guest,05:57:46 AM,23/06/2026,false,05:57:46 AM,23/06/2026,"",true,true,52.63,10/19,en,"[1, 2, 3, 4, 5, 6, 7, 8, 9, 10]",false,"",9,2+ hours a week,Gym or exercise,Feeling healthy or strong,5,5,5,5,5,5,5,5,"Yes, a lot",Very important,[],[],"[""Social Connections ||| Handling stress ||| Focus ||| Confidence ||| Speaking up ||| Leadership ||| Teamwork ||| Problem-solving""]",Very confident,Quite easy,"",[],[],[],"","","","","","",18,21,21,28,6,6,18,10,9,0,0,0,0,0,0,0,0,"",Mobile,Chrome 149.0
QN8lPybdlxw,QN8lPx08w68,false,Anonymous,Guest,07:01:19 AM,23/06/2026,false,07:01:19 AM,23/06/2026,"",true,true,100.00,19/19,en,"[1, 2, 3, 4, 5, 6, 7, 8, 9, 10, 12, 13, 14, 15, 16, 17, 18, 19]",false,"",14,2+ hours a week,Online/virtual fitness ||| Physical education (PE) or school sport ||| Informal play with friends,Learning new skills,5,5,5,5,5,5,5,5,"Yes, a lot",Very important,[],[],"[""Speaking up ||| Leadership ||| Confidence ||| Teamwork ||| Handling stress ||| Problem-solving ||| Social Connections ||| Focus""]",Very confident,Very easy,"",[],[],"[""help create safe environments ||| make me feel included ||| help me feel more confident ||| make me feel comfortable asking them for help ||| positively influence my experience""]","Yes, a lot",Better places to play ||| Supportive coaches ||| Free or low-cost activities,Always,2001-10-01,Kenya,Female,14,15,17,31,3,13,31,13,59,0,31,4,24,10,0,0,0,"",Desktop,Edge 149.0
QN8x_SLvLsA,QN8x_RNROos,false,Anonymous,Guest,07:09:02 AM,23/06/2026,false,07:09:02 AM,23/06/2026,"",true,true,5.26,1/19,en,[1],false,"",0,"","","","","","","","","","","","","",[],[],[],"","","",[],[],[],"","","","","","",0,0,0,0,0,0,0,0,0,0,0,0,0,0,0,0,0,"",Mobile,Chrome 131.0
QN8ysIRiuYA,QN8ysHsZotY,false,Anonymous,Guest,07:14:00 AM,23/06/2026,false,07:14:00 AM,23/06/2026,"",true,true,100.00,19/19,en,"[1, 2, 3, 4, 5, 6, 7, 8, 9, 10, 12, 13, 14, 15, 16, 17, 18, 19]",false,"",14,2+ hours a week,Gym or exercise,Having fun,5,5,5,5,5,5,5,5,"Yes, a lot",Very important,[],[],"[""Focus ||| Leadership ||| Social Connections ||| Confidence ||| Speaking up ||| Handling stress ||| Teamwork ||| Problem-solving""]",Very confident,Very easy,"",[],[],"[""help me feel more confident ||| help create safe environments ||| make me feel comfortable asking them for help ||| make me feel included ||| positively influence my experience""]",Not really,Supportive coaches ||| Feeling welcome ||| Better places to play,Always,2000-11-01,Kenya,Male,13,18,12,47,9,20,19,16,8,0,14,9,22,9,0,0,0,"",Mobile,Chrome 131.0
QN_hMvx41Qc,QN_hMu4k2Bk,false,Anonymous,Guest,09:12:14 AM,23/06/2026,false,09:12:14 AM,23/06/2026,"",true,true,73.68,14/19,en,"[1, 2, 3, 4, 5, 6, 7, 8, 9, 10, 12, 13, 14]",false,"",12,About 30–60 minutes a week,Gym or exercise,Relaxing or reducing stress,1,2,1,3,4,1,1,1,Very little,Not very important,"[""Problem-solving ||| Teamwork ||| Social Connections ||| Confidence ||| Speaking up""]",[],"[""Leadership ||| Focus ||| Handling stress""]",Slightly confident,Very easy,"","[""help me feel more confident ||| positively influence my experience ||| make me feel included ||| help create safe environments""]",[],"[""make me feel comfortable asking them for help""]","Yes, a lot",Supportive coaches ||| Feeling welcome ||| Free or low-cost activities,"","","","",6,9,16,18,10,22,17,6,7,0,14,4,12,0,0,0,0,"",Mobile,Safari 604.1
QN_ld5OzT4M,QN_ld4pij0M,false,Anonymous,Guest,09:15:08 AM,23/06/2026,false,"","","",true,false,"","",en,"",false,"",0,"","","","","","","","","","","","","",[],[],[],"","","",[],[],[],"","","","","","",0,0,0,0,0,0,0,0,0,0,0,0,0,0,0,0,0,"",Desktop,Chrome 149.0
QN_q5HJ5rN4,QN_q5GkD2eI,false,Anonymous,Guest,09:20:32 AM,23/06/2026,false,09:20:32 AM,23/06/2026,"",true,true,5.26,1/19,en,[1],false,"",0,"","","","","","","","","","","","","",[],[],[],"","","",[],[],[],"","","","","","",0,0,0,0,0,0,0,0,0,0,0,0,0,0,0,0,0,"",Desktop,Edge 149.0
QN_qt4qLqOQ,QN_qt3wyqQ0,false,Anonymous,Guest,09:23:39 AM,23/06/2026,false,09:23:40 AM,23/06/2026,"",true,true,100.00,19/19,en,"[1, 2, 3, 4, 5, 6, 7, 8, 9, 10, 12, 13, 14, 15, 16, 17, 18, 19]",false,"",14,2+ hours a week,Gym or exercise,Relaxing or reducing stress,2,3,2,3,3,3,5,3,"Yes, a lot",Very important,"[""Leadership""]",[],"[""Social Connections ||| Teamwork ||| Problem-solving ||| Speaking up ||| Focus ||| Handling stress ||| Confidence""]",Confident,Quite easy,"","[""make me feel comfortable asking them for help ||| make me feel included""]",[],"[""help me feel more confident ||| help create safe environments ||| positively influence my experience""]",A little,Feeling welcome ||| Supportive coaches ||| More choice in activities,Often,2016-01-01,Switzerland,Male,13,17,8,29,10,5,17,11,6,0,19,5,23,5,0,0,0,"",Desktop,Edge 149.0
QN_zGOa8wVU,QN_zGNu2q84,false,Anonymous,Guest,09:29:38 AM,23/06/2026,false,09:29:38 AM,23/06/2026,"",true,true,10.53,2/19,en,"[1, 2]",false,"",1,2+ hours a week,"","","","","","","","","","","","",[],[],[],"","","",[],[],[],"","","","","","",6,0,0,0,0,0,0,0,0,0,0,0,0,0,0,0,0,"",Desktop,Chrome 149.0
QN_7iKkgOPA,QN_7iJr5uUM,false,Anonymous,Guest,09:41:47 AM,23/06/2026,false,"","","",true,false,"","",en,"",false,"",6,2+ hours a week,Physical education (PE) or school sport,Feeling healthy or strong,5,5,5,5,5,5,5,5,Sometimes,Very important,[],[],[],"","","",[],[],[],"","","","","","",5,39,5,17,5,5,0,0,0,0,0,0,0,0,0,0,0,"",Desktop,Safari 605.1
QN_7nwIjDKA,QN_7nvRRf00,false,Anonymous,Guest,09:41:55 AM,23/06/2026,false,"","","",true,false,"","",en,"",false,"",1,2+ hours a week,"","","","","","","","","","","","",[],[],[],"","","",[],[],[],"","","","","","",43,0,0,0,0,0,0,0,0,0,0,0,0,0,0,0,0,"",Desktop,Chrome 149.0
QN-h5OuKZL4,QN-h5Nx98oE,false,Anonymous,Guest,10:24:55 AM,23/06/2026,false,10:24:55 AM,23/06/2026,"",true,true,100.00,19/19,en,"[1, 2, 3, 4, 5, 6, 7, 8, 9, 10, 12, 13, 14, 15, 16, 17, 18, 19]",false,"",14,2+ hours a week,Gym or exercise ||| Community sport club,Feeling healthy or strong,3,4,3,5,5,5,5,4,"Yes, a lot",Very important,[],[],"[""Handling stress ||| Problem-solving ||| Social Connections ||| Teamwork ||| Leadership ||| Speaking up ||| Focus ||| Confidence""]",Very confident,Very easy,"",[],[],"[""help create safe environments ||| help me feel more confident ||| positively influence my experience ||| make me feel comfortable asking them for help ||| make me feel included""]","Yes, a lot",More choice in activities ||| Free or low-cost activities ||| Better places to play,Often,1985-08-01,Ireland,Male,18,13,11,38,7,14,19,11,7,0,14,6,25,14,0,0,0,"",Desktop,Chrome 149.0
QOFcFTMVZrg,QOFcFSve_aE,false,Anonymous,Guest,05:17:24 PM,23/06/2026,false,05:17:24 PM,23/06/2026,"",true,false,"","",en,"",false,"",14,2+ hours a week,Physical education (PE) or school sport ||| Gym or exercise,Relaxing or reducing stress,5,5,4,5,3,2,4,3,"Yes, a lot",Quite important,"[""Problem-solving""]",[],"[""Teamwork ||| Handling stress ||| Focus ||| Leadership ||| Confidence ||| Social Connections ||| Speaking up""]",Confident,Very easy,"",[],[],"[""help create safe environments ||| make me feel included ||| help me feel more confident ||| make me feel comfortable asking them for help ||| positively influence my experience""]","Yes, a lot",Free or low-cost activities ||| Better places to play ||| Feeling welcome,Sometimes,2009-10-01,United States,Female,13,16,28,34,10,7,24,10,11,0,8,6,16,7,0,0,0,"",Mobile,Safari 604.1
QOGTCH-kpC4,QOGTCHUXN6M,false,Anonymous,Guest,06:15:41 PM,23/06/2026,false,06:15:41 PM,23/06/2026,"",true,true,52.63,10/19,en,"[1, 2, 3, 4, 5, 6, 7, 8, 9, 10]",false,"",9,About 1–2 hours a week,Community sport club ||| Dance or movement,Feeling confident,"","","",5,"","","",5,Sometimes,Quite important,[],[],"[""Teamwork ||| Social Connections ||| Confidence ||| Leadership ||| Focus ||| Speaking up ||| Problem-solving ||| Handling stress""]",Very confident,Very easy,"",[],[],[],"","","","","","",4,24,7,31,12,8,14,8,7,0,0,0,0,0,0,0,0,"",Desktop,Chrome 149.0
QOGKH2wMMUg,QOGKH17VIVM,false,Anonymous,Guest,06:17:57 PM,23/06/2026,false,06:17:57 PM,23/06/2026,"",true,true,100.00,19/19,en,"[1, 2, 3, 4, 5, 6, 7, 8, 9, 10, 12, 13, 14, 15, 16, 17, 18, 19]",false,"",14,2+ hours a week,Community sport club,Having fun,5,5,3,3,3,2,5,2,"Yes, a lot",Very important,[],[],"[""Speaking up ||| Social Connections ||| Problem-solving ||| Leadership ||| Focus ||| Teamwork ||| Handling stress ||| Confidence""]",Confident,Very easy,"","[""positively influence my experience ||| help me feel more confident""]",[],"[""make me feel comfortable asking them for help ||| help create safe environments ||| make me feel included""]","Yes, a lot",Free or low-cost activities ||| Supportive coaches ||| Better places to play,Sometimes,1986-01-01,United States,Male,-125,-138,-131,2,-142,-145,-96,168,-149,0,-89,-145,-108,-148,0,0,0,"",Desktop,Chrome 149.0
QOLZnOB2qCA,QOLZnNWdoIA,false,Anonymous,Guest,12:13:03 AM,24/06/2026,false,12:13:03 AM,24/06/2026,"",true,true,100.00,19/19,en,"[1, 2, 3, 4, 5, 6, 7, 8, 9, 10, 12, 13, 14, 15, 16, 17, 18, 19]",false,"",14,About 30–60 minutes a week,I don’t regularly take part,Relaxing or reducing stress,5,5,3,5,5,5,5,5,Sometimes,Very important,[],[],"[""Leadership ||| Problem-solving ||| Teamwork ||| Speaking up ||| Handling stress ||| Focus ||| Confidence ||| Social Connections""]",Very confident,Very easy,"",[],[],"[""help create safe environments ||| positively influence my experience ||| help me feel more confident ||| make me feel comfortable asking them for help ||| make me feel included""]","Yes, a lot",Free or low-cost activities ||| More choice in activities ||| Fun social activities,Rarely,2008-08-01,United States,Female,6,13,10,22,5,6,13,8,5,0,8,6,15,6,0,0,0,"",Mobile,Safari 604.1
QOQ381LkEVE,QOQ380bGllI,false,Anonymous,Guest,06:33:27 AM,24/06/2026,false,06:33:27 AM,24/06/2026,"",true,true,10.53,2/19,en,"[""1"", 2]",false,"",1,2+ hours a week,"","","","","","","","","","","","",[],[],[],"","","",[],[],[],"","","","","","",10,0,0,0,0,0,0,0,0,0,0,0,0,0,0,0,0,"",Desktop,Safari 605.1
QOTGUtLEsic,QOTGUsbhJqY,false,Anonymous,Guest,09:11:09 AM,24/06/2026,false,09:11:09 AM,24/06/2026,"",true,true,100.00,19/19,en,"[1, 2, 3, 4, 5, 6, 7, 8, 9, 10, 12, 13, 14, 15, 16, 17, 18, 19]",false,"",14,About 1–2 hours a week,Gym or exercise ||| Informal play with friends ||| Physical education (PE) or school sport,Spending time with friends,1,3,2,4,5,4,2,4,Sometimes,Neutral,[],[],"[""Focus ||| Confidence ||| Teamwork ||| Speaking up ||| Handling stress ||| Leadership ||| Social Connections ||| Problem-solving""]",Confident,Quite easy,"","[""make me feel comfortable asking them for help ||| make me feel included""]",[],"[""help me feel more confident ||| positively influence my experience ||| help create safe environments""]",Not sure,More choice in activities ||| Better places to play ||| Fun social activities,Sometimes,2008-10-01,United States,Female,6,12,6,11,8,4,12,7,4,0,12,6,12,5,0,0,0,"",Mobile,Safari 604.1
QOXsxOTySdY,QOXsxMvhzH0,false,Anonymous,Guest,02:37:44 PM,24/06/2026,false,02:37:44 PM,24/06/2026,"",true,false,"","",en,"",false,"",14,2+ hours a week,Community sport club,Learning new skills,3,5,4,4,5,5,5,4,"Yes, a lot",Very important,"[""Handling stress""]",[],"[""Speaking up ||| Focus ||| Leadership ||| Confidence ||| Teamwork ||| Social Connections ||| Problem-solving""]",Very confident,Very easy,"",[],[],"[""make me feel included ||| help me feel more confident ||| make me feel comfortable asking them for help ||| positively influence my experience ||| help create safe environments""]","Yes, a lot",More choice in activities ||| Fun social activities ||| Better places to play,Always,2004-04-01,Pakistan,Other,24,31,22,73,11,13,27,26,6,0,16,29,25,6,0,0,0,"",Mobile,Chrome 149.0
QOYustvlAuk,QOYustASnF8,false,Anonymous,Guest,03:45:14 PM,24/06/2026,false,03:45:15 PM,24/06/2026,"",true,true,100.00,19/19,en,"[1, 2, 3, 4, 5, 6, 7, 8, 9, 10, 12, 13, 14, 15, 16, 17, 18, 19]",false,"",14,2+ hours a week,Informal play with friends ||| Dance or movement ||| Gym or exercise,Having fun,5,5,5,5,5,5,5,5,"Yes, a lot",Very important,[],[],"[""Focus ||| Handling stress ||| Teamwork ||| Problem-solving ||| Speaking up ||| Confidence ||| Social Connections ||| Leadership""]",Very confident,Very easy,"",[],[],"[""make me feel comfortable asking them for help ||| positively influence my experience ||| make me feel included ||| help create safe environments ||| help me feel more confident""]","Yes, a lot",Free or low-cost activities ||| Better places to play ||| Fun social activities,Always,2004-04-01,Honduras,Female,11,21,17,16,5,7,13,7,4,0,7,9,17,13,0,0,0,"",Mobile,Mozilla 5.0
QOYwCjh8flY,QOYwCi87W2E,false,Anonymous,Guest,03:47:12 PM,24/06/2026,false,03:47:12 PM,24/06/2026,"",true,true,100.00,19/19,en,"[1, 2, 3, 4, 5, 6, 7, 8, 9, 10, 12, 13, 14, 15, 16, 17, 18, 19]",false,"",14,2+ hours a week,Gym or exercise ||| Informal play with friends,Relaxing or reducing stress,3,5,5,5,5,5,5,5,"Yes, a lot",Very important,"[""Speaking up""]",[],"[""Problem-solving ||| Leadership ||| Focus ||| Confidence ||| Teamwork ||| Social Connections ||| Handling stress""]",Confident,Very easy,"",[],[],"[""make me feel comfortable asking them for help ||| positively influence my experience ||| help create safe environments ||| help me feel more confident ||| make me feel included""]","Yes, a lot",Supportive coaches ||| Free or low-cost activities ||| Better places to play,Often,1974-10-01,Costa Rica,Male,10,14,10,29,7,6,23,8,4,0,16,7,18,9,0,0,0,"",Mobile,Chrome 143.0
QOZWkK2FOn4,QOZWkKEh7Dk,false,Anonymous,Guest,04:25:43 PM,24/06/2026,false,04:25:43 PM,24/06/2026,"",true,true,5.26,1/19,en,[1],false,"",0,"","","","","","","","","","","","","",[],[],[],"","","",[],[],[],"","","","","","",0,0,0,0,0,0,0,0,0,0,0,0,0,0,0,0,0,"",Mobile,Safari 604.1
QOZzI69dhs8,QOZzI6SgTkU,false,Anonymous,Guest,04:57:21 PM,24/06/2026,false,04:57:21 PM,24/06/2026,"",true,true,15.79,3/19,en,"[1, 2, 3]",false,"",2,2+ hours a week,Online/virtual fitness ||| Gym or exercise ||| Informal play with friends ||| Dance or movement,"","","","","","","","","","","",[],[],[],"","","",[],[],[],"","","","","","",12,12,0,0,0,0,0,0,0,0,0,0,0,0,0,0,0,"",Mobile,Chrome 149.0
QObFH7DMgyQ,QObFH6X1_tU,false,Anonymous,Guest,06:26:57 PM,24/06/2026,false,06:26:57 PM,24/06/2026,"",true,true,15.79,3/19,en,"[1, 2, 3]",false,"",2,2+ hours a week,Informal play with friends ||| Gym or exercise,"","","","","","","","","","","",[],[],[],"","","",[],[],[],"","","","","","",5,17,0,0,0,0,0,0,0,0,0,0,0,0,0,0,0,"",Desktop,Chrome 149.0
QObGiYmPY2s,QObGiYAC5uA,false,Anonymous,Guest,06:28:34 PM,24/06/2026,false,06:28:34 PM,24/06/2026,"",true,true,21.05,4/19,en,"[1, 2, 3, 4]",false,"",3,About 1–2 hours a week,Community sport club,Feeling confident,"","","","","","","","","","",[],[],[],"","","",[],[],[],"","","","","","",10,10,9,0,0,0,0,0,0,0,0,0,0,0,0,0,0,"",Mobile,Safari 604.1
QObGLhjgfqQ,QObGLhCEs8o,false,Anonymous,Guest,06:28:46 PM,24/06/2026,false,06:28:46 PM,24/06/2026,"",true,true,10.53,2/19,en,"[1, 2]",false,"",1,2+ hours a week,"","","","","","","","","","","","",[],[],[],"","","",[],[],[],"","","","","","",31,0,0,0,0,0,0,0,0,0,0,0,0,0,0,0,0,"",Mobile,Chrome 149.0
QObHTUBiAqU,QObHTTcHbag,false,Anonymous,Guest,06:29:17 PM,24/06/2026,false,06:29:17 PM,24/06/2026,"",true,true,15.79,3/19,en,"[1, 2, 3]",false,"",2,2+ hours a week,Physical education (PE) or school sport,"","","","","","","","","","","",[],[],[],"","","",[],[],[],"","","","","","",9,12,0,0,0,0,0,0,0,0,0,0,0,0,0,0,0,"",Mobile,Safari 604.1
QObIUMrnzJU,QObIUMFFmKg,false,Anonymous,Guest,06:30:30 PM,24/06/2026,false,06:30:30 PM,24/06/2026,"",true,true,10.53,2/19,en,"[1, 2]",false,"",1,About 30–60 minutes a week,"","","","","","","","","","","","",[],[],[],"","","",[],[],[],"","","","","","",15,0,0,0,0,0,0,0,0,0,0,0,0,0,0,0,0,"",Desktop,Chrome 149.0
QObJfC6aNH0,QObJfCadhd0,false,Anonymous,Guest,06:32:19 PM,24/06/2026,false,06:32:20 PM,24/06/2026,"",true,true,15.79,3/19,en,"[1, 2, 3]",false,"",2,About 30–60 minutes a week,I don’t regularly take part,"","","","","","","","","","","",[],[],[],"","","",[],[],[],"","","","","","",24,21,0,0,0,0,0,0,0,0,0,0,0,0,0,0,0,"",Mobile,Chrome 138.0
QObNDl8CMys,QObNDlU7oQg,false,Anonymous,Guest,06:35:22 PM,24/06/2026,false,"","","",true,false,"","",en,"",false,"",1,2+ hours a week,"","","","","","","","","","","","",[],[],[],"","","",[],[],[],"","","","","","",9,0,0,0,0,0,0,0,0,0,0,0,0,0,0,0,0,"",Desktop,Chrome 149.0
QObGnD9b0Go,QObGnDVOqC0,false,Anonymous,Guest,06:36:37 PM,24/06/2026,false,06:36:38 PM,24/06/2026,"",true,true,100.00,19/19,en,"[1, 2, 3, 4, 5, 6, 7, 8, 9, 10, 12, 13, 14, 15, 16, 17, 18, 19]",false,"",14,About 30–60 minutes a week,Gym or exercise,Having fun,5,5,4,5,5,5,5,5,"Yes, a lot",Very important,[],[],"[""Speaking up ||| Social Connections ||| Confidence ||| Leadership ||| Teamwork ||| Problem-solving ||| Handling stress ||| Focus""]",Confident,Quite easy,"",[],[],"[""help create safe environments ||| make me feel comfortable asking them for help ||| make me feel included ||| positively influence my experience ||| help me feel more confident""]","Yes, a lot",Feeling welcome ||| More choice in activities ||| Fun social activities,Always,Invalid date,Senegal,Male,43,67,41,56,24,9,29,14,14,0,12,13,30,20,0,0,0,"",Mobile,Safari 604.1
QObJux4VMmw,QObJuxclZNc,false,Anonymous,Guest,06:36:49 PM,24/06/2026,false,06:36:50 PM,24/06/2026,"",true,true,100.00,19/19,en,"[1, 2, 3, 4, 5, 6, 7, 8, 9, 10, 12, 13, 14, 15, 16, 17, 18, 19]",false,"",14,2+ hours a week,Informal play with friends,Having fun,5,5,5,5,5,5,5,5,"Yes, a lot",Very important,[],[],"[""Teamwork ||| Speaking up ||| Focus ||| Handling stress ||| Leadership ||| Problem-solving ||| Confidence ||| Social Connections""]",Very confident,Very easy,"",[],[],"[""make me feel comfortable asking them for help ||| help me feel more confident ||| make me feel included ||| positively influence my experience ||| help create safe environments""]","Yes, a lot",Feeling welcome ||| Free or low-cost activities ||| Fun social activities,Always,1998-11-01,Nigeria,Male,14,28,14,39,7,8,16,14,6,0,10,14,25,5,0,0,0,"",Mobile,Chrome 143.0
QObOCq57-rM,QObOCqdZmTE,false,Anonymous,Guest,06:37:22 PM,24/06/2026,false,06:37:22 PM,24/06/2026,"",true,true,5.26,1/19,en,[1],false,"",0,"","","","","","","","","","","","","",[],[],[],"","","",[],[],[],"","","","","","",0,0,0,0,0,0,0,0,0,0,0,0,0,0,0,0,0,"",Desktop,Chrome 149.0
QObQBZ3qPzE,QObQBZNMFfE,false,Anonymous,Guest,06:38:25 PM,24/06/2026,false,06:38:25 PM,24/06/2026,"",true,true,5.26,1/19,en,[1],false,"",0,"","","","","","","","","","","","","",[],[],[],"","","",[],[],[],"","","","","","",0,0,0,0,0,0,0,0,0,0,0,0,0,0,0,0,0,"",Mobile,Chrome 149.0
QObK3bK7t4g,QObK3aqtDaE,false,Anonymous,Guest,06:39:51 PM,24/06/2026,false,06:39:51 PM,24/06/2026,"",true,true,100.00,19/19,en,"[1, 2, 3, 4, 5, 6, 7, 8, 9, 10, 12, 13, 14, 15, 16, 17, 18, 19]",false,"",13,2+ hours a week,"",Feeling healthy or strong,3,1,2,4,4,5,2,4,"Yes, a lot",Very important,"[""Handling stress""]",[],"[""Teamwork ||| Speaking up ||| Problem-solving ||| Social Connections ||| Focus ||| Leadership ||| Confidence""]",Very confident,Very easy,"",[],[],"[""help create safe environments ||| help me feel more confident ||| make me feel comfortable asking them for help ||| make me feel included ||| positively influence my experience""]","Yes, a lot",Supportive coaches ||| Fun social activities ||| Feeling welcome,Always,2003-03-01,Pakistan,Other,32,0,49,76,12,16,33,9,6,0,22,11,46,8,0,0,0,"",Mobile,Chrome 149.0
QObSsqAMBnM,QObSspahWkk,false,Anonymous,Guest,06:42:06 PM,24/06/2026,false,06:42:06 PM,24/06/2026,"",true,true,15.79,3/19,en,"[1, 2, 3]",false,"",2,2+ hours a week,I don’t regularly take part,"","","","","","","","","","","",[],[],[],"","","",[],[],[],"","","","","","",18,16,0,0,0,0,0,0,0,0,0,0,0,0,0,0,0,"",Mobile,Chrome 147.0
QObTCu4rhvo,QObTCuYVjB4,false,Anonymous,Guest,06:42:37 PM,24/06/2026,false,"","","",true,false,"","",en,"",false,"",3,About 1–2 hours a week,Community sport club,Spending time with friends,"","","",4,"","","","","","",[],[],[],"","","",[],[],[],"","","","","","",12,10,19,57,0,0,0,0,0,0,0,0,0,0,0,0,0,"",Mobile,Chrome 148.0
QObUGS_9mwM,QObUGSeofFs,false,Anonymous,Guest,06:43:52 PM,24/06/2026,false,06:43:52 PM,24/06/2026,"",true,true,15.79,3/19,en,"[1, 2, 3]",false,"",2,About 1–2 hours a week,Dance or movement ||| Informal play with friends ||| Physical education (PE) or school sport ||| Community sport club,"","","","","","","","","","","",[],[],[],"","","",[],[],[],"","","","","","",20,26,0,0,0,0,0,0,0,0,0,0,0,0,0,0,0,"",Mobile,Chrome 147.0
QObXh_VmezA,QObXh90zldU,false,Anonymous,Guest,06:46:43 PM,24/06/2026,false,06:46:43 PM,24/06/2026,"",true,true,5.26,1/19,en,[1],false,"",0,"","","","","","","","","","","","","",[],[],[],"","","",[],[],[],"","","","","","",0,0,0,0,0,0,0,0,0,0,0,0,0,0,0,0,0,"",Mobile,Chrome 149.0
QObTkMTne3s,QObTkLwCThk,false,Anonymous,Guest,06:46:48 PM,24/06/2026,false,06:46:49 PM,24/06/2026,"",true,true,100.00,19/19,en,"[1, 2, 3, 4, 5, 6, 7, 8, 9, 10, 12, 13, 14, 15, 16, 17, 18, 19]",false,"",14,About 1–2 hours a week,Community sport club,Being part of a team,4,4,4,5,4,5,5,5,"Yes, a lot",Quite important,[],[],"[""Handling stress ||| Leadership ||| Teamwork ||| Social Connections ||| Confidence ||| Speaking up ||| Problem-solving ||| Focus""]",Confident,Quite easy,"",[],[],"[""make me feel included ||| make me feel comfortable asking them for help ||| help me feel more confident ||| help create safe environments ||| positively influence my experience""]","Yes, a lot",Fun social activities ||| Feeling welcome ||| More choice in activities,Often,1996-06-01,Ethiopia,Male,22,16,7,32,8,8,24,11,10,0,17,12,34,9,0,0,0,"",Mobile,Chrome 148.0
QObVYODaotY,QObVYNd4klU,false,Anonymous,Guest,06:47:07 PM,24/06/2026,false,06:47:08 PM,24/06/2026,"",true,true,100.00,19/19,en,"[1, 2, 3, 4, 5, 6, 7, 8, 9, 10, 12, 13, 14, 15, 16, 17, 18, 19]",false,"",14,2+ hours a week,Informal play with friends ||| Dance or movement,Having fun,"","","",5,"","","","","Yes, a lot",Very important,[],[],"[""Handling stress ||| Speaking up ||| Confidence ||| Focus ||| Problem-solving ||| Leadership ||| Social Connections ||| Teamwork""]",Very confident,Very easy,"",[],[],"[""positively influence my experience ||| help create safe environments ||| make me feel included ||| make me feel comfortable asking them for help ||| help me feel more confident""]","Yes, a lot",Free or low-cost activities ||| Fun social activities ||| Better places to play,Always,2012-01-01,[OTHER] Oman,Female,11,14,11,21,5,4,14,8,2,0,11,3,8,2,0,0,0,"",Mobile,Safari 604.1
QObKjmH5BLo,QObKjlgkzS0,false,Anonymous,Guest,06:48:38 PM,24/06/2026,false,06:48:38 PM,24/06/2026,"",true,true,100.00,19/19,en,"[""1"", ""2"", ""3"", ""4"", ""5"", ""6"", ""7"", ""8"", ""9"", ""10"", ""12"", ""13"", ""14"", ""15"", ""16"", ""17"", ""18"", 19]",false,"",15,About 1–2 hours a week,Dance or movement ||| Informal play with friends,Spending time with friends,5,4,3,5,5,4,5,5,Sometimes,Very important,"[""Leadership ||| Problem-solving ||| Speaking up""]",[],"[""Focus ||| Teamwork ||| Social Connections ||| Confidence ||| Handling stress""]",Confident,Quite easy,"","[""help create safe environments""]",[],"[""help me feel more confident ||| make me feel comfortable asking them for help ||| positively influence my experience ||| make me feel included""]",A little,Free or low-cost activities ||| More choice in activities ||| Feeling welcome,Sometimes,2006-03-01,Indonesia,Male,14,14,14,40,15,4,23,8,6,0,16,8,22,7,0,0,0,"",Mobile,Chrome 143.0
QObZX0XfLsA,QObZXz6Jng8,false,Anonymous,Guest,06:48:42 PM,24/06/2026,false,"","","",true,false,"","",en,"",false,"",0,"","","","","","","","","","","","","",[],[],[],"","","",[],[],[],"","","","","","",0,0,0,0,0,0,0,0,0,0,0,0,0,0,0,0,0,"",Desktop,Chrome 148.0
QObaQbIaVX0,QObaQaq1-BY,false,Anonymous,Guest,06:53:16 PM,24/06/2026,false,06:53:16 PM,24/06/2026,"",true,false,"","",en,"",false,"",14,2+ hours a week,Informal play with friends,Learning new skills,5,5,4,5,5,4,4,5,Sometimes,Very important,[],[],"[""Focus ||| Teamwork ||| Social Connections ||| Problem-solving ||| Speaking up ||| Confidence ||| Leadership ||| Handling stress""]",Very confident,Very easy,"",[],[],"[""positively influence my experience ||| help create safe environments ||| help me feel more confident ||| make me feel included ||| make me feel comfortable asking them for help""]","Yes, a lot",Fun social activities ||| Feeling welcome ||| Better places to play,Always,1992-06-01,Cote d'Ivoire,Female,13,16,14,41,8,6,16,9,5,0,12,8,21,7,0,0,0,"",Mobile,Chrome 143.0
QObq_-HJLIk,QObq__k3tSI,false,Anonymous,Guest,07:09:41 PM,24/06/2026,false,07:09:41 PM,24/06/2026,"",true,true,26.32,5/19,en,"[1, 2, 3, 4, 5]",false,"",4,2+ hours a week,Informal play with friends,Having fun,2,2,2,3,3,3,3,3,"","",[],[],[],"","","",[],[],[],"","","","","","",17,43,11,36,0,0,0,0,0,0,0,0,0,0,0,0,0,"",Desktop,Safari 605.1
QObwUVItB00,QObwUUpnqkk,false,Anonymous,Guest,07:18:15 PM,24/06/2026,false,07:18:15 PM,24/06/2026,"",true,false,"","",en,"",false,"",14,2+ hours a week,Dance or movement ||| Informal play with friends,Relaxing or reducing stress,5,5,4,5,4,4,4,5,"Yes, a lot",Very important,[],[],"[""Confidence ||| Focus ||| Teamwork ||| Problem-solving ||| Handling stress ||| Leadership ||| Social Connections ||| Speaking up""]",Very confident,Very easy,"",[],[],"[""help me feel more confident ||| make me feel included ||| help create safe environments ||| make me feel comfortable asking them for help ||| positively influence my experience""]",Not sure,Better places to play ||| Fun social activities ||| Free or low-cost activities,Often,1998-08-01,Nigeria,Female,24,24,13,33,7,7,21,10,9,0,21,7,18,25,0,0,0,"",Mobile,Safari 604.1
QOb1FwzY9tY,QOb1FwQM24E,false,Anonymous,Guest,07:18:51 PM,24/06/2026,false,07:18:51 PM,24/06/2026,"",true,true,5.26,1/19,en,[1],false,"",0,"","","","","","","","","","","","","",[],[],[],"","","",[],[],[],"","","","","","",0,0,0,0,0,0,0,0,0,0,0,0,0,0,0,0,0,"",Mobile,Mozilla 5.0
QOb5sikLJM8,QOb5siESpMs,false,Anonymous,Guest,07:30:14 PM,24/06/2026,false,07:30:14 PM,24/06/2026,"",true,true,100.00,19/19,en,"[1, 2, 3, 4, 5, 6, 7, 8, 9, 10, 11, 12, 13, 14, 15, 16, 17, 18, 19]",false,"",15,2+ hours a week,Gym or exercise ||| Community sport club ||| Informal play with friends,Feeling confident,5,1,3,5,4,4,5,5,"Yes, a lot",Very important,[],[],"[""Teamwork ||| Social Connections ||| Speaking up ||| Handling stress ||| Focus ||| Confidence ||| Leadership ||| Problem-solving""]",Very confident,No access,Cost,[],[],"[""help me feel more confident ||| make me feel comfortable asking them for help ||| help create safe environments ||| make me feel included ||| positively influence my experience""]",Not at all,Fun social activities ||| Feeling welcome ||| Free or low-cost activities,Never,2017-07-01,United States,Female,20,19,23,44,11,88,16,11,8,10,17,10,18,7,0,0,0,"",Mobile,Safari 604.1
QOcH016Oifw,QOcH01XotQ0,false,Anonymous,Guest,07:39:46 PM,24/06/2026,false,07:39:46 PM,24/06/2026,"",true,true,15.79,3/19,en,"[1, 2, 3]",false,"",2,Less than 30 minutes a week,Physical education (PE) or school sport,"","","","","","","","","","","",[],[],[],"","","",[],[],[],"","","","","","",12,13,0,0,0,0,0,0,0,0,0,0,0,0,0,0,0,"",Mobile,Mozilla 5.0
QOcDNrw-chY,QOcDNrQeAuY,false,Anonymous,Guest,07:52:26 PM,24/06/2026,false,07:52:27 PM,24/06/2026,"",true,true,100.00,19/19,en,"[""1"", ""2"", ""3"", ""4"", ""5"", ""6"", ""7"", ""8"", ""9"", ""10"", ""12"", ""13"", ""14"", ""15"", ""16"", ""17"", ""18"", 19]",false,"",16,2+ hours a week,Dance or movement,Being part of a team,5,5,5,5,5,5,5,5,"Yes, a lot",Quite important,[],[],"[""Leadership ||| Problem-solving ||| Focus ||| Social Connections ||| Teamwork ||| Speaking up ||| Confidence ||| Handling stress""]",Somewhat confident,Quite easy,"",[],[],"[""help create safe environments ||| make me feel comfortable asking them for help ||| positively influence my experience ||| make me feel included ||| help me feel more confident""]","Yes, a lot",Free or low-cost activities ||| Fun social activities ||| Better places to play,Often,1992-02-01,"",Male,68,36,27,96,17,45,35,25,15,0,27,10,53,33,0,0,0,"",Mobile,Chrome 148.0
QOcR8mq_2O4,QOcR8mJjUi8,false,Anonymous,Guest,07:57:54 PM,24/06/2026,false,07:57:54 PM,24/06/2026,"",true,true,100.00,19/19,en,"[1, 2, 3, 4, 5, 6, 7, 8, 9, 10, 11, 12, 13, 14, 15, 16, 17, 18, 19]",false,"",15,About 30–60 minutes a week,Community sport club,Having fun,5,5,5,5,5,3,3,5,Sometimes,Very important,[],[],"[""Problem-solving ||| Confidence ||| Speaking up ||| Focus ||| Teamwork ||| Leadership ||| Handling stress ||| Social Connections""]",Very confident,Difficult,Cost,[],[],"[""help me feel more confident ||| help create safe environments ||| positively influence my experience ||| make me feel included ||| make me feel comfortable asking them for help""]","Yes, a lot",Better places to play ||| Supportive coaches ||| Free or low-cost activities,Often,1993-03-01,Nigeria,Non-binary,13,15,14,52,12,7,16,12,14,33,16,22,44,15,0,0,0,"",Mobile,Safari 604.1
QOcdIqTmZvc,QOcdIpxAAyY,false,Anonymous,Guest,08:14:49 PM,24/06/2026,false,08:12:24 PM,24/06/2026,"",true,true,100.00,19/19,en,"[1, 2, 3, 4, 5, 6, 7, 8, 9, 10, 12, 13, 14, 15, 16, 17, 18, 19]",false,"",14,About 30–60 minutes a week,Online/virtual fitness,Competing,5,5,5,5,5,5,5,5,Not at all,Not important at all,"[""Speaking up ||| Handling stress ||| Leadership ||| Teamwork""]",[],"[""Confidence ||| Focus ||| Problem-solving ||| Social Connections""]",Very confident,Very easy,"",[],[],"[""help me feel more confident ||| make me feel comfortable asking them for help ||| positively influence my experience ||| make me feel included ||| help create safe environments""]","Yes, a lot",Fun social activities ||| Free or low-cost activities ||| Feeling welcome,Always,2003-01-01,Kenya,Male,24,19,18,45,30,13,26,12,28,0,178,34,38,17,0,0,0,"",Mobile,Chrome 136.0
QOcmMluyFV8,QOcmMlFqGB8,false,Anonymous,Guest,08:18:58 PM,24/06/2026,false,08:18:58 PM,24/06/2026,"",true,true,100.00,19/19,en,"[1, 2, 3, 4, 5, 6, 7, 8, 9, 10, 12, 13, 14, 15, 16, 17, 18, 19]",false,"",14,2+ hours a week,Physical education (PE) or school sport ||| Gym or exercise ||| Informal play with friends,Feeling confident,4,4,3,4,5,5,5,5,Sometimes,Quite important,"[""Speaking up ||| Teamwork""]",[],"[""Focus ||| Handling stress ||| Leadership ||| Social Connections ||| Confidence ||| Problem-solving""]",Slightly confident,Quite easy,"","[""make me feel included ||| help me feel more confident ||| help create safe environments""]",[],"[""positively influence my experience ||| make me feel comfortable asking them for help""]",Not sure,Free or low-cost activities ||| More choice in activities ||| Fun social activities,Often,2001-11-01,[OTHER] Türkiye,Female,15,30,24,57,9,11,28,18,28,0,35,13,34,9,0,0,0,"",Mobile,Safari 604.1
QOcy8N0iiEk,QOcy8NUvjqs,false,Anonymous,Guest,08:26:30 PM,24/06/2026,false,08:26:30 PM,24/06/2026,"",true,true,5.26,1/19,en,[1],false,"",0,"","","","","","","","","","","","","",[],[],[],"","","",[],[],[],"","","","","","",0,0,0,0,0,0,0,0,0,0,0,0,0,0,0,0,0,"",Mobile,Safari 604.1
QOc0f7ZdiDY,QOc0f68v4Ko,false,Anonymous,Guest,08:29:47 PM,24/06/2026,false,08:29:47 PM,24/06/2026,"",true,true,5.26,1/19,en,[1],false,"",0,I’m not active at the moment,"","","","","","","","","","","","",[],[],[],"","","",[],[],[],"","","","","","",50,0,0,0,0,0,0,0,0,0,0,0,0,0,0,0,0,"",Mobile,Chrome 139.0
QOcu_rMthpw,QOcu_qkuCu4,false,Anonymous,Guest,08:29:53 PM,24/06/2026,false,08:29:53 PM,24/06/2026,"",true,false,"","",en,"",false,"",16,2+ hours a week,Gym or exercise,Learning new skills,2,2,2,"",3,4,5,1,Sometimes,Very important,"[""Speaking up""]",[],"[""Social Connections ||| Teamwork ||| Leadership ||| Problem-solving ||| Confidence ||| Focus ||| Handling stress""]",Very confident,Very difficult,Cost,"[""make me feel comfortable asking them for help""]",[],"[""help create safe environments ||| help me feel more confident ||| make me feel included ||| positively influence my experience""]",Not at all,Free or low-cost activities ||| Better places to play ||| More choice in activities,Never,Invalid date,Nigeria,Female,22,16,27,63,20,13,40,18,16,17,29,12,43,11,0,0,0,"",Mobile,Safari 604.1
QOdH8Qkve_Q,QOdH8PzrY9U,false,Anonymous,Guest,08:51:47 PM,24/06/2026,false,08:51:47 PM,24/06/2026,"",true,true,100.00,19/19,en,"[1, 2, 3, 4, 5, 6, 7, 8, 9, 10, 12, 13, 14, 15, 16, 17, 18, 19]",false,"",14,About 1–2 hours a week,Gym or exercise,Feeling healthy or strong,4,1,5,1,2,3,4,5,Not at all,Very important,[],[],"[""Leadership ||| Social Connections ||| Confidence ||| Speaking up ||| Problem-solving ||| Teamwork ||| Handling stress ||| Focus""]",Very confident,Very easy,"",[],[],"[""help me feel more confident ||| positively influence my experience ||| help create safe environments ||| make me feel included ||| make me feel comfortable asking them for help""]","Yes, a lot",Fun social activities ||| Free or low-cost activities ||| Supportive coaches,Often,2009-11-01,India,Male,9,7,14,13,6,5,17,9,4,0,17,6,10,5,0,0,0,"",Mobile,Chrome 149.0
QOdWjfAzXJQ,QOdWjegJdeo,false,Anonymous,Guest,09:10:19 PM,24/06/2026,false,09:10:19 PM,24/06/2026,"",true,true,100.00,19/19,en,"[1, 2, 3, 4, 5, 6, 7, 8, 9, 10, 12, 13, 14, 15, 16, 17, 18, 19]",false,"",14,2+ hours a week,Community sport club,Having fun,5,5,5,5,5,5,5,5,"Yes, a lot",Very important,[],[],"[""Leadership ||| Handling stress ||| Problem-solving ||| Social Connections ||| Confidence ||| Speaking up ||| Focus ||| Teamwork""]",Very confident,Very easy,"",[],[],"[""make me feel included ||| help create safe environments ||| make me feel comfortable asking them for help ||| positively influence my experience ||| help me feel more confident""]","Yes, a lot",Fun social activities ||| Free or low-cost activities ||| Supportive coaches,Never,1999-12-01,Kenya,Male,20,9,8,33,9,28,18,9,7,0,11,6,27,6,0,0,0,"",Mobile,Chrome 149.0
QOdUVwkW7r8,QOdUVvkwVIo,false,Anonymous,Guest,09:15:11 PM,24/06/2026,false,09:15:18 PM,24/06/2026,"",true,true,94.74,18/19,en,"[1, 2, 3, 4, 5, 6, 7, 8, 9, 10, 12, 13, 14, 15, 15, 16, 16, 17, 18, 18]",false,"",14,2+ hours a week,Gym or exercise,Feeling confident,5,5,5,5,5,5,5,5,"Yes, a lot",Very important,[],[],"[""Social Connections ||| Teamwork ||| Handling stress ||| Leadership ||| Problem-solving ||| Focus ||| Speaking up ||| Confidence""]",Very confident,Very easy,"",[],[],"[""positively influence my experience ||| help me feel more confident ||| make me feel included ||| help create safe environments ||| make me feel comfortable asking them for help""]","Yes, a lot",Feeling welcome ||| More choice in activities ||| Free or low-cost activities,Often,1995-01-01,"Congo, Democratic Republic of the",Male,39,40,22,77,23,12,30,20,11,0,22,13,56,115,0,0,0,"",Mobile,Chrome 142.0
QOeT17Vvc0Y,QOeT16ph7GI,false,Anonymous,Guest,10:44:17 PM,24/06/2026,false,10:44:17 PM,24/06/2026,"",true,true,5.26,1/19,en,[1],false,"",0,"","","","","","","","","","","","","",[],[],[],"","","",[],[],[],"","","","","","",0,0,0,0,0,0,0,0,0,0,0,0,0,0,0,0,0,"",Desktop,Chrome 149.0
QOetS1cIw7g,QOetS0rd2Tg,false,Anonymous,Guest,10:44:46 PM,24/06/2026,false,10:44:46 PM,24/06/2026,"",true,false,"","",en,"",false,"",15,2+ hours a week,Gym or exercise ||| Dance or movement,Having fun,5,5,5,5,5,5,5,5,"Yes, a lot",Very important,[],[],"[""Focus ||| Teamwork ||| Leadership ||| Social Connections ||| Confidence ||| Problem-solving ||| Handling stress ||| Speaking up""]",Very confident,Difficult,Other (please share) [Location and facilities ],[],[],"[""make me feel comfortable asking them for help ||| help me feel more confident ||| help create safe environments ||| positively influence my experience ||| make me feel included""]","Yes, a lot",Better places to play ||| More choice in activities ||| Fun social activities,Rarely,1997-07-01,Saudi Arabia,Female,10,16,14,40,11,6,15,13,8,34,13,8,25,8,0,0,0,"",Mobile,Chrome 143.0
QOfP_xSYguA,QOfP_wlawaA,false,Anonymous,Guest,11:21:41 PM,24/06/2026,false,11:21:41 PM,24/06/2026,"",true,false,"","",en,"",false,"",14,About 1–2 hours a week,Dance or movement ||| Gym or exercise,Competing,5,5,5,5,5,5,5,5,"Yes, a lot",Very important,[],[],"[""Focus ||| Teamwork ||| Confidence ||| Speaking up ||| Leadership ||| Handling stress ||| Problem-solving ||| Social Connections""]",Confident,Quite easy,"",[],[],"[""help me feel more confident ||| make me feel included ||| positively influence my experience ||| help create safe environments ||| make me feel comfortable asking them for help""]","Yes, a lot",More choice in activities ||| Free or low-cost activities ||| Better places to play,Often,Invalid date,Rwanda,Female,11,9,17,18,10,7,15,6,7,0,10,6,24,5,0,0,0,"",Mobile,Safari 604.1
QOfZ0eWijf4,QOfZ0dqMrlA,false,Anonymous,Guest,11:35:58 PM,24/06/2026,false,11:35:59 PM,24/06/2026,"",true,true,100.00,19/19,en,"[1, 2, 3, 4, 5, 6, 7, 8, 9, 10, 12, 13, 14, 15, 16, 17, 18, 19]",false,"",14,About 1–2 hours a week,Dance or movement,Relaxing or reducing stress,5,5,5,4,4,5,5,5,"Yes, a lot",Very important,[],[],"[""Confidence ||| Handling stress ||| Leadership ||| Teamwork ||| Problem-solving ||| Speaking up ||| Focus ||| Social Connections""]",Confident,Quite easy,"",[],[],"[""make me feel comfortable asking them for help ||| help me feel more confident ||| help create safe environments ||| positively influence my experience ||| make me feel included""]","Yes, a lot",Better places to play ||| More choice in activities ||| Free or low-cost activities,Rarely,1990-01-01,Uganda,Female,49,21,26,37,13,16,22,16,18,0,29,12,46,12,0,0,0,"",Mobile,Chrome 149.0
QOb2FccHYbk,QOb2Fb4TpvU,false,Anonymous,Guest,11:42:45 PM,24/06/2026,false,11:42:46 PM,24/06/2026,"",true,true,100.00,19/19,en,"[1, 2, 3, 4, 5, 6, 7, 8, 9, 10, 12, 13, 14, 15, 16, 17, 18, 19]",false,"",14,2+ hours a week,Physical education (PE) or school sport ||| Gym or exercise ||| Online/virtual fitness ||| Community sport club,Learning new skills,3,1,5,1,2,1,5,5,"Yes, a lot",Very important,[],[],"[""Handling stress ||| Confidence ||| Teamwork ||| Speaking up ||| Focus ||| Leadership ||| Social Connections ||| Problem-solving""]",Very confident,Very easy,"","[""make me feel comfortable asking them for help ||| make me feel included""]",[],"[""help create safe environments ||| help me feel more confident ||| positively influence my experience""]","Yes, a lot",Fun social activities ||| Feeling welcome ||| Free or low-cost activities,Always,2012-03-01,Brazil,Female,15390,29,22,39,9,28,27,11,5,0,23,10,56,10,0,0,0,"",Desktop,Edge 149.0
QOfnSyVv2DM,QOfnSxrorIc,false,Anonymous,Guest,11:43:56 PM,24/06/2026,false,11:43:56 PM,24/06/2026,"",true,true,21.05,4/19,en,"[1, 2, 3, 4]",false,"",3,2+ hours a week,Physical education (PE) or school sport ||| Community sport club ||| Online/virtual fitness,Competing,"","","","","","","","","","",[],[],[],"","","",[],[],[],"","","","","","",4,8,12,0,0,0,0,0,0,0,0,0,0,0,0,0,0,"",Desktop,Edge 149.0
QOhVpud0eNQ,QOhVpthnpuE,false,Anonymous,Guest,01:46:51 AM,25/06/2026,false,01:46:51 AM,25/06/2026,"",true,false,"","",en,"",false,"",15,About 1–2 hours a week,Dance or movement,Feeling healthy or strong,3,4,3,4,3,2,3,4,"Yes, a lot",Quite important,[],[],"[""Leadership ||| Problem-solving ||| Social Connections ||| Focus ||| Speaking up ||| Handling stress ||| Confidence ||| Teamwork""]",Confident,Very difficult,Not interested in sport,[],[],"[""help create safe environments ||| make me feel comfortable asking them for help ||| help me feel more confident ||| make me feel included ||| positively influence my experience""]",Not really,Feeling welcome ||| Better places to play ||| Fun social activities,Often,1998-05-01,Kenya,Female,7,6,4,25,10,6,16,7,6,5,10,6,11,4,0,0,0,"",Mobile,Safari 604.1
QOhXdbnvMtc,QOhXda-3xgQ,false,Anonymous,Guest,01:52:25 AM,25/06/2026,false,01:52:25 AM,25/06/2026,"",true,false,"","",en,"",false,"",15,2+ hours a week,Dance or movement,Having fun,4,4,4,4,4,4,4,4,Sometimes,Quite important,[],[],"[""Handling stress ||| Social Connections ||| Problem-solving ||| Leadership ||| Confidence ||| Speaking up ||| Teamwork ||| Focus""]",Confident,Very difficult,School or work pressure,[],[],"[""make me feel included ||| positively influence my experience ||| make me feel comfortable asking them for help ||| help create safe environments ||| help me feel more confident""]","Yes, a lot",Better places to play ||| Free or low-cost activities ||| More choice in activities,Rarely,2000-05-01,Kenya,Male,31,19,17,37,13,21,24,14,11,20,16,11,32,11,0,0,0,"",Mobile,Chrome 149.0
QOh0_BZbMXw,QOh0_AzNKt0,false,Anonymous,Guest,02:18:34 AM,25/06/2026,false,02:18:34 AM,25/06/2026,"",true,true,5.26,1/19,en,[1],false,"",0,"","","","","","","","","","","","","",[],[],[],"","","",[],[],[],"","","","","","",0,0,0,0,0,0,0,0,0,0,0,0,0,0,0,0,0,"",Mobile,Chrome 149.0
QOh8LAvBRhY,QOh8K-zrL64,false,Anonymous,Guest,02:30:17 AM,25/06/2026,false,02:30:18 AM,25/06/2026,"",true,true,100.00,19/19,en,"[1, 2, 3, 4, 5, 6, 7, 8, 9, 10, 12, 13, 14, 15, 16, 17, 18, 19]",false,"",14,About 1–2 hours a week,Gym or exercise,Relaxing or reducing stress,5,5,5,5,5,5,5,5,"Yes, a lot",Very important,[],[],"[""Speaking up ||| Leadership ||| Focus ||| Handling stress ||| Confidence ||| Social Connections ||| Teamwork ||| Problem-solving""]",Somewhat confident,Quite easy,"",[],[],"[""positively influence my experience ||| help create safe environments ||| make me feel comfortable asking them for help ||| help me feel more confident ||| make me feel included""]",A little,Fun social activities ||| Feeling welcome ||| Free or low-cost activities,Often,1991-07-01,Malaysia,Male,15,9,20,41,10,7,16,25,5,0,9,6,15,10,0,0,0,"",Desktop,Chrome 149.0
QOiLaS1cZN8,QOiLaR_e2Sk,false,Anonymous,Guest,02:46:56 AM,25/06/2026,false,02:46:56 AM,25/06/2026,"",true,true,100.00,19/19,en,"[1, 2, 3, 4, 5, 6, 7, 8, 9, 10, 12, 13, 14, 15, 16, 17, 18, 19]",false,"",14,2+ hours a week,Online/virtual fitness,Relaxing or reducing stress,5,5,5,4,5,4,4,4,"Yes, a lot",Very important,[],[],"[""Confidence ||| Handling stress ||| Leadership ||| Problem-solving ||| Focus ||| Teamwork ||| Social Connections ||| Speaking up""]",Very confident,Quite easy,"",[],[],"[""positively influence my experience ||| make me feel comfortable asking them for help ||| help create safe environments ||| make me feel included ||| help me feel more confident""]",A little,Feeling welcome ||| Fun social activities ||| Supportive coaches,Often,2003-08-01,Australia,Female,17,13,10,30,11,5,21,60,5,0,10,8,19,5,0,0,0,"",Mobile,Chrome 149.0
QOjGa2rzy4k,QOjGa17b-EE,false,Anonymous,Guest,03:48:01 AM,25/06/2026,false,03:48:01 AM,25/06/2026,"",true,true,21.05,4/19,en,"[1, 2, 3, 4]",false,"",3,2+ hours a week,Physical education (PE) or school sport,Relaxing or reducing stress,"","","","","","","","","","",[],[],[],"","","",[],[],[],"","","","","","",28,9,9,0,0,0,0,0,0,0,0,0,0,0,0,0,0,"",Mobile,Chrome 138.0
QOjIVMLWQkA,QOjIVLo2Baw,false,Anonymous,Guest,03:51:11 AM,25/06/2026,false,03:51:11 AM,25/06/2026,"",true,true,42.11,8/19,en,"[1, 2, 3, 4, 5, 6, 7, 8]",false,"",7,2+ hours a week,Dance or movement ||| Physical education (PE) or school sport,Feeling healthy or strong,4,4,4,2,2,4,4,3,"Yes, a lot",Quite important,[],[],"[""Handling stress ||| Confidence ||| Focus ||| Problem-solving ||| Speaking up ||| Leadership ||| Social Connections ||| Teamwork""]","","","",[],[],[],"","","","","","",12,23,15,26,7,9,15,0,0,0,0,0,0,0,0,0,0,"",Mobile,Chrome 148.0
QOjSve_c0WE,QOjSveRJ29o,false,Anonymous,Guest,04:38:15 AM,25/06/2026,false,04:38:15 AM,25/06/2026,"",true,true,5.26,1/19,en,[1],false,"",0,"","","","","","","","","","","","","",[],[],[],"","","",[],[],[],"","","","","","",0,0,0,0,0,0,0,0,0,0,0,0,0,0,0,0,0,"",Desktop,Chrome 149.0
QOj16ByQ6Ok,QOj16BNuoxQ,false,Anonymous,Guest,04:45:20 AM,25/06/2026,false,04:45:20 AM,25/06/2026,"",true,true,31.58,6/19,en,"[1, 2, 3, 4, 5, 6]",false,"",5,About 1–2 hours a week,Physical education (PE) or school sport ||| Informal play with friends,Learning new skills,3,3,3,4,5,4,4,3,Sometimes,"",[],[],[],"","","",[],[],[],"","","","","","",65,23,26,91,172,0,0,0,0,0,0,0,0,0,0,0,0,"",Desktop,Chrome 149.0
QOkhy7cDEys,QOkhy6pgMx4,false,Anonymous,Guest,05:33:05 AM,25/06/2026,false,05:33:06 AM,25/06/2026,"",true,true,100.00,19/19,en,"[1, 2, 3, 4, 5, 6, 7, 8, 9, 10, 12, 13, 14, 15, 16, 17, 18, 19]",false,"",14,2+ hours a week,Gym or exercise,Feeling healthy or strong,5,3,4,5,2,1,4,5,"Yes, a lot",Very important,[],[],"[""Teamwork ||| Problem-solving ||| Focus ||| Speaking up ||| Handling stress ||| Social Connections ||| Confidence ||| Leadership""]",Very confident,Very easy,"",[],[],"[""make me feel included ||| help create safe environments ||| positively influence my experience ||| make me feel comfortable asking them for help ||| help me feel more confident""]","Yes, a lot",Supportive coaches ||| More choice in activities ||| Free or low-cost activities,Always,1996-01-01,Pakistan,Male,10,18,97,70,10,37,41,13,6,0,11,11,31,5,0,0,0,"",Mobile,Chrome 149.0
QOkRsGf1yyA,QOkRsFyoENM,false,Anonymous,Guest,05:36:17 AM,25/06/2026,false,05:36:17 AM,25/06/2026,"",true,true,26.32,5/19,en,"[1, 2, 3, 4, 5]",false,"",4,About 1–2 hours a week,Informal play with friends ||| Dance or movement,Being part of a team,3,"","",2,4,5,2,1,"","",[],[],[],"","","",[],[],[],"","","","","","",8,12,11,41,0,0,0,0,0,0,0,0,0,0,0,0,0,"",Mobile,Safari 604.1
QOkvYvScJCI,QOkvYup7LZA,false,Anonymous,Guest,06:15:40 AM,25/06/2026,false,06:15:40 AM,25/06/2026,"",true,true,100.00,19/19,en,"[""1"", ""2"", ""3"", ""4"", ""5"", ""6"", ""7"", ""8"", ""9"", ""10"", ""11"", ""12"", ""13"", ""14"", ""15"", ""16"", ""17"", ""18"", 19]",false,"",16,Less than 30 minutes a week,Physical education (PE) or school sport ||| Informal play with friends,Relaxing or reducing stress,3,4,4,4,4,4,4,4,Sometimes,Not very important,"[""Teamwork ||| Speaking up ||| Social Connections""]",[],"[""Confidence ||| Problem-solving ||| Focus ||| Handling stress ||| Leadership""]",Somewhat confident,Very difficult,Cost,[],[],"[""make me feel included ||| help me feel more confident ||| positively influence my experience ||| help create safe environments ||| make me feel comfortable asking them for help""]",A little,More choice in activities ||| Feeling welcome ||| Free or low-cost activities,Never,1997-03-01,Afghanistan,Male,8,6,4,18,1421,17,30,17,16,14,24,11,36,9,0,0,0,"",Desktop,Chrome 149.0
QOl3dtoQ_uk,QOl3dtAhPck,false,Anonymous,Guest,07:03:23 AM,25/06/2026,false,07:03:23 AM,25/06/2026,"",true,true,36.84,7/19,en,"[1, 2, 3, 4, 5, 6, 7]",false,"",6,2+ hours a week,Gym or exercise ||| Community sport club,Being part of a team,4,4,4,4,4,4,4,4,"Yes, a lot",Very important,[],[],[],"","","",[],[],[],"","","","","","",16,20,11,43,11,10,0,0,0,0,0,0,0,0,0,0,0,"",Mobile,Chrome 147.0
QOlxrJ4GrZ0,QOlxrJMCFvk,false,Anonymous,Guest,07:04:14 AM,25/06/2026,false,07:04:14 AM,25/06/2026,"",true,true,100.00,19/19,en,"[1, 2, 3, 4, 5, 6, 7, 8, 9, 10, 11, 12, 13, 14, 15, 16, 17, 18, 19]",false,"",15,Less than 30 minutes a week,Informal play with friends,Relaxing or reducing stress,1,3,2,5,5,5,1,1,Very little,Neutral,[],[],"[""Confidence ||| Focus ||| Teamwork ||| Problem-solving ||| Leadership ||| Handling stress ||| Social Connections ||| Speaking up""]",Somewhat confident,Very difficult,Lack of time,[],[],"[""help create safe environments ||| positively influence my experience ||| make me feel comfortable asking them for help ||| help me feel more confident ||| make me feel included""]","Yes, a lot",Fun social activities ||| Feeling welcome ||| Free or low-cost activities,Often,2007-02-01,India,Male,62,107,25,77,22,7,22,15,10,7,21,10,71,13,0,0,0,"",Desktop,Chrome 149.0
QOmNTOmfSEs,QOmNTNJdxnQ,false,Anonymous,Guest,07:40:37 AM,25/06/2026,false,07:40:37 AM,25/06/2026,"",true,true,100.00,19/19,en,"[""1"", ""2"", ""3"", ""4"", ""5"", ""6"", ""7"", ""8"", ""9"", ""10"", ""12"", ""13"", ""14"", ""15"", ""16"", ""17"", ""18"", 19, 19]",false,"",17,2+ hours a week,Physical education (PE) or school sport,Competing,1,1,2,1,1,1,1,1,"Yes, a lot",Very important,[],[],"[""Problem-solving ||| Speaking up ||| Teamwork ||| Handling stress ||| Confidence ||| Focus ||| Leadership ||| Social Connections""]",Very confident,Very easy,"","[""make me feel included""]",[],"[""help create safe environments ||| help me feel more confident ||| make me feel comfortable asking them for help ||| positively influence my experience""]",Not really,Supportive coaches ||| Better places to play ||| Free or low-cost activities,Always,1988-03-01,Somalia,Other,45,38,25,32,41,12,15,29,9,0,15,26,52,17,0,0,0,"",Desktop,Edge 149.0
QOmmO4wozCk,QOmmO34Wj5I,false,Anonymous,Guest,07:54:47 AM,25/06/2026,false,07:54:47 AM,25/06/2026,"",true,true,21.05,4/19,en,"[1, 2, 3, 4]",false,"",3,2+ hours a week,Community sport club,Learning new skills,"","","","","","","","","","",[],[],[],"","","",[],[],[],"","","","","","",78,30,35,0,0,0,0,0,0,0,0,0,0,0,0,0,0,"",Desktop,Chrome 149.0
QOm6DLGKeFY,QOm6DKiN3EQ,false,Anonymous,Guest,08:16:54 AM,25/06/2026,false,08:16:54 AM,25/06/2026,"",true,true,100.00,19/19,en,"[1, 2, 3, 4, 5, 6, 7, 8, 9, 10, 12, 13, 14, 15, 16, 17, 18, 19]",false,"",14,About 1–2 hours a week,Gym or exercise ||| Physical education (PE) or school sport ||| Informal play with friends,Having fun,3,4,4,4,4,3,3,2,Sometimes,Very important,[],[],"[""Handling stress ||| Leadership ||| Speaking up ||| Teamwork ||| Problem-solving ||| Social Connections ||| Confidence ||| Focus""]",Confident,Quite easy,"",[],[],"[""help create safe environments ||| positively influence my experience ||| make me feel included ||| help me feel more confident ||| make me feel comfortable asking them for help""]",Not really,Better places to play ||| Free or low-cost activities ||| Fun social activities,Rarely,1992-05-01,Philippines,Male,10,12,15,27,7,4,16,11,5,0,9,5,21,6,0,0,0,"",Desktop,Chrome 149.0
QOnD2JDrAyY,QOnD2Ibr384,false,Anonymous,Guest,08:41:59 AM,25/06/2026,false,08:41:59 AM,25/06/2026,"",true,true,100.00,19/19,en,"[1, 2, 3, 4, 5, 6, 7, 8, 9, 10, 12, 13, 14, 15, 16, 17, 18, 19]",false,"",14,About 30–60 minutes a week,Informal play with friends ||| Physical education (PE) or school sport,Spending time with friends,5,5,5,5,5,5,5,5,"Yes, a lot",Quite important,[],[],"[""Handling stress ||| Teamwork ||| Focus ||| Problem-solving ||| Confidence ||| Speaking up ||| Social Connections ||| Leadership""]",Very confident,Quite easy,"",[],[],"[""help me feel more confident ||| help create safe environments ||| positively influence my experience ||| make me feel comfortable asking them for help ||| make me feel included""]",A little,Free or low-cost activities ||| Better places to play ||| Fun social activities,Always,2014-04-01,China,Male,25,33,16,53,659,11,26,18,12,0,22,20,26,12,0,0,0,"",Desktop,Edge 145.0
QOm05UbQMlI,QOm05Trs4eM,false,Anonymous,Guest,08:48:30 AM,25/06/2026,false,08:48:30 AM,25/06/2026,"",true,true,52.63,10/19,en,"[1, 2, 3, 4, 5, 6, 7, 8, 9, 10]",false,"",9,2+ hours a week,Dance or movement,Feeling healthy or strong,4,5,4,5,5,4,5,5,"Yes, a lot",Very important,[],[],"[""Teamwork ||| Confidence ||| Problem-solving ||| Social Connections ||| Focus ||| Speaking up ||| Handling stress ||| Leadership""]",Confident,Very easy,"",[],[],[],"","","","","","",28,334,19,89,8,11,60,1891,9,0,0,0,0,0,0,0,0,"",Mobile,Safari 604.1
QOdZVNttw20,QOdZVNOX6UE,false,Anonymous,Guest,10:58:57 AM,25/06/2026,false,10:58:58 AM,25/06/2026,"",true,true,68.42,13/19,en,"[1, 2, 3, 4, 5, 6, 7, 8, 9, 10, 11, 12, 13]",false,"",12,Less than 30 minutes a week,Dance or movement,Feeling confident,2,2,1,2,2,2,2,2,Not at all,Not very important,"[""Leadership ||| Problem-solving ||| Confidence ||| Teamwork ||| Speaking up""]",[],"[""Handling stress ||| Social Connections ||| Focus""]",Very confident,Difficult,Not interested in sport,[],[],"[""help create safe environments ||| help me feel more confident ||| make me feel included ||| positively influence my experience ||| make me feel comfortable asking them for help""]",Not sure,"","","","","",23,3126,24,47,48,15,185,327,14,13,34,52,0,0,0,0,0,"",Desktop,Chrome 149.0
QOpwLItfkDQ,QOpwLH1QdMo,false,Anonymous,Guest,11:45:39 AM,25/06/2026,false,11:45:39 AM,25/06/2026,"",true,true,100.00,19/19,en,"[1, 2, 3, 4, 5, 6, 7, 8, 9, 10, 11, 12, 13, 14, 15, 16, 17, 18, 19]",false,"",15,2+ hours a week,Informal play with friends,Spending time with friends,5,2,3,1,1,2,3,5,"Yes, a lot",Neutral,[],[],"[""Problem-solving ||| Social Connections ||| Teamwork ||| Focus ||| Leadership ||| Confidence ||| Handling stress ||| Speaking up""]",Very confident,Difficult,School or work pressure,[],[],"[""help me feel more confident ||| make me feel comfortable asking them for help ||| positively influence my experience ||| help create safe environments ||| make me feel included""]","Yes, a lot",Better places to play ||| Supportive coaches ||| Free or low-cost activities,Sometimes,2001-01-01,India,Female,24,141,113,153,15,13,41,14,18,10,47,9,27,12,0,0,0,"",Desktop,Edge 149.0
QOqBYHd0MaY,QOqBYG1jHEs,false,Anonymous,Guest,11:55:35 AM,25/06/2026,false,11:55:36 AM,25/06/2026,"",true,true,100.00,19/19,en,"[1, 2, 3, 4, 5, 6, 7, 8, 9, 10, 12, 13, 14, 15, 16, 17, 18, 19]",false,"",14,2+ hours a week,Informal play with friends ||| Community sport club ||| Gym or exercise,Feeling healthy or strong,5,5,5,5,5,3,3,5,"Yes, a lot",Very important,[],[],"[""Speaking up ||| Social Connections ||| Focus ||| Leadership ||| Confidence ||| Handling stress ||| Problem-solving ||| Teamwork""]",Very confident,Very easy,"",[],[],"[""make me feel included ||| positively influence my experience ||| help create safe environments ||| make me feel comfortable asking them for help ||| help me feel more confident""]","Yes, a lot",More choice in activities ||| Better places to play ||| Free or low-cost activities,Sometimes,1981-12-01,United Kingdom,Male,10,34,17,36,7,5,14,10,6,0,19,5,31,9,0,0,0,"",Desktop,Chrome 149.0
QOqQqsW22g8,QOqQqrlax24,false,Anonymous,Guest,12:13:34 PM,25/06/2026,false,12:13:35 PM,25/06/2026,"",true,true,100.00,19/19,en,"[1, 2, 3, 4, 5, 6, 7, 8, 9, 10, 12, 13, 14, 15, 16, 17, 18, 19]",false,"",14,About 1–2 hours a week,Informal play with friends ||| Community sport club,Learning new skills,5,5,5,5,5,5,5,5,"Yes, a lot",Very important,[],[],"[""Social Connections ||| Speaking up ||| Focus ||| Problem-solving ||| Confidence ||| Handling stress ||| Teamwork ||| Leadership""]",Confident,Very easy,"",[],[],"[""make me feel included ||| help me feel more confident ||| make me feel comfortable asking them for help ||| positively influence my experience ||| help create safe environments""]","Yes, a lot",Fun social activities ||| Better places to play ||| Free or low-cost activities,Always,2001-11-01,Malawi,Female,32,20,21,41,12,31,28,16,9,0,14,12,28,8,0,0,0,"",Mobile,Chrome 148.0
QOqUywDToZs,QOqUyvZZI_0,false,Anonymous,Guest,12:17:03 PM,25/06/2026,false,"","","",true,false,"","",en,"",false,waves-for-change,0,"","","","","","","","","","","","","",[],[],[],"","","",[],[],[],"","","","","","",0,0,0,0,0,0,0,0,0,0,0,0,0,0,0,0,0,"",Desktop,Safari 605.1
QOpQFKcSPjw,QOpQFJ3t9uM,false,Anonymous,Guest,12:24:41 PM,25/06/2026,false,12:24:41 PM,25/06/2026,"",true,true,31.58,6/19,en,"[1, 2, 3, 4, 5, 6]",false,"",5,About 1–2 hours a week,Informal play with friends,Learning new skills,2,1,5,5,5,5,5,5,"Yes, a lot","",[],[],[],"","","",[],[],[],"","","","","","",26,46,14,117,21,0,0,0,0,0,0,0,0,0,0,0,0,"",Desktop,Edge 149.0
QOqiQDeSzLo,QOqiQCzunnc,false,Anonymous,Guest,12:26:57 PM,25/06/2026,false,12:26:57 PM,25/06/2026,"",true,true,5.26,1/19,en,[1],false,"",0,"","","","","","","","","","","","","",[],[],[],"","","",[],[],[],"","","","","","",0,0,0,0,0,0,0,0,0,0,0,0,0,0,0,0,0,"",Desktop,Edge 149.0
QOqs9lQ9EQM,QOqs9kobQJA,false,Anonymous,Guest,12:39:42 PM,25/06/2026,false,"","","",true,false,"","",en,"",false,"",0,"","","","","","","","","","","","","",[],[],[],"","","",[],[],[],"","","","","","",0,0,0,0,0,0,0,0,0,0,0,0,0,0,0,0,0,"",Desktop,Chrome 149.0
QOqoXMMQPcQ,QOqoXLkB6S8,false,Anonymous,Guest,12:40:03 PM,25/06/2026,false,12:40:04 PM,25/06/2026,"",true,true,100.00,19/19,en,"[1, 2, 3, 4, 5, 6, 7, 8, 9, 10, 11, 12, 13, 14, 15, 16, 17, 18, 19]",false,waves-for-change,15,2+ hours a week,Dance or movement ||| Gym or exercise,Having fun,4,5,4,5,3,3,4,3,Sometimes,Very important,"[""Handling stress""]",[],"[""Focus ||| Speaking up ||| Social Connections ||| Teamwork ||| Problem-solving ||| Confidence ||| Leadership""]",Very confident,Very difficult,Other (please share) [There's no sports clubs or facilities ],[],[],"[""positively influence my experience ||| help me feel more confident ||| make me feel included ||| help create safe environments ||| make me feel comfortable asking them for help""]","Yes, a lot",More choice in activities ||| Free or low-cost activities ||| Better places to play,Never,2005-10-01,South Africa,Female,23,35,20,33,10,6,30,10,6,25,19,6,32,11,0,0,0,"",Mobile,Chrome 143.0
QOqqL8wzCmw,QOqqL8KMCQ8,false,Anonymous,Guest,12:41:02 PM,25/06/2026,false,12:41:02 PM,25/06/2026,"",true,true,100.00,19/19,en,"[1, 2, 3, 4, 5, 6, 7, 8, 9, 10, 12, 13, 14, 15, 16, 17, 18, 19]",false,waves-for-change,14,About 1–2 hours a week,Dance or movement,Learning new skills,4,5,3,4,5,5,4,4,"Yes, a lot",Quite important,[],[],"[""Focus ||| Confidence ||| Speaking up ||| Leadership ||| Handling stress ||| Social Connections ||| Teamwork ||| Problem-solving""]",Confident,Quite easy,"",[],[],"[""positively influence my experience ||| help create safe environments ||| make me feel included ||| make me feel comfortable asking them for help ||| help me feel more confident""]",A little,More choice in activities ||| Better places to play ||| Supportive coaches,Often,2007-04-01,South Africa,Male,18,14,15,69,6,12,36,11,11,0,24,9,34,7,0,0,0,"",Mobile,Chrome 149.0
QOqsfDWtRpg,QOqsfCtaD3A,false,Anonymous,Guest,12:44:04 PM,25/06/2026,false,12:44:04 PM,25/06/2026,"",true,true,100.00,19/19,en,"[1, 2, 3, 4, 5, 6, 7, 8, 9, 10, 12, 13, 14, 15, 16, 17, 18, 19]",false,waves-for-change,14,2+ hours a week,Physical education (PE) or school sport ||| Informal play with friends ||| Gym or exercise ||| Community sport club,Having fun,5,5,5,5,5,5,5,5,"Yes, a lot",Very important,[],[],"[""Speaking up ||| Focus ||| Social Connections ||| Handling stress ||| Teamwork ||| Problem-solving ||| Confidence ||| Leadership""]",Very confident,Quite easy,"",[],[],"[""help create safe environments ||| positively influence my experience ||| make me feel comfortable asking them for help ||| make me feel included ||| help me feel more confident""]","Yes, a lot",Free or low-cost activities ||| More choice in activities ||| Better places to play,Often,2005-10-01,South Africa,Male,39,22,15,27,6,8,26,56,10,0,17,7,41,12,0,0,0,"",Mobile,Chrome 136.0
QOqkS5vFLa8,QOqkS5JI5sE,false,Anonymous,Guest,12:45:19 PM,25/06/2026,false,12:45:20 PM,25/06/2026,"",true,true,100.00,19/19,en,"[1, 2, 3, 4, 5, 6, 7, 8, 9, 10, 11, 12, 13, 14, 15, 16, 17, 18, 19]",false,waves-for-change,15,2+ hours a week,Informal play with friends,Learning new skills,4,4,3,5,4,4,4,5,"Yes, a lot",Very important,[],[],"[""Handling stress ||| Social Connections ||| Teamwork ||| Focus ||| Leadership ||| Problem-solving ||| Confidence ||| Speaking up""]",Confident,Difficult,Other (please share) [location where the sports take place is dangerous ],[],[],"[""make me feel comfortable asking them for help ||| help me feel more confident ||| make me feel included ||| positively influence my experience ||| help create safe environments""]","Yes, a lot",More choice in activities ||| Free or low-cost activities ||| Better places to play,Sometimes,2003-05-01,[OTHER] South Africa,Female,6,320,45,70,6,11,241,19,64,30,28,10,25,11,0,0,0,"",Mobile,Chrome 114.0
QOqvY-4qiI8,QOqvY-X-9L8,false,Anonymous,Guest,12:45:53 PM,25/06/2026,false,12:45:53 PM,25/06/2026,"",true,true,100.00,19/19,en,"[1, 2, 3, 4, 5, 6, 7, 8, 9, 10, 12, 13, 14, 15, 16, 17, 18, 19]",false,waves-for-change,14,2+ hours a week,Dance or movement,Having fun,4,3,4,4,4,4,4,4,Sometimes,Neutral,"[""Focus""]",[],"[""Teamwork ||| Confidence ||| Handling stress ||| Social Connections ||| Speaking up ||| Problem-solving ||| Leadership""]",Very confident,Quite easy,"",[],[],"[""help create safe environments ||| help me feel more confident ||| make me feel comfortable asking them for help ||| make me feel included ||| positively influence my experience""]","Yes, a lot",Free or low-cost activities ||| Fun social activities ||| Feeling welcome,Often,2004-02-01,South Africa,Female,32,12,9,40,12,4,21,10,11,0,10,10,13,15,0,0,0,"",Mobile,Chrome 149.0
QOqsyBlM9qs,QOqsyA9dRBM,false,Anonymous,Guest,12:48:36 PM,25/06/2026,false,12:48:37 PM,25/06/2026,"",true,true,100.00,19/19,en,"[1, 2, 3, 4, 5, 6, 7, 8, 9, 10, 11, 12, 13, 14, 15, 16, 17, 18, 19]",false,waves-for-change,15,Less than 30 minutes a week,Physical education (PE) or school sport,Feeling healthy or strong,4,4,3,3,3,3,2,3,Very little,Neutral,"[""Handling stress""]",[],"[""Leadership ||| Teamwork ||| Social Connections ||| Focus ||| Problem-solving ||| Speaking up ||| Confidence""]",Somewhat confident,Difficult,Cost,[],[],"[""make me feel comfortable asking them for help ||| positively influence my experience ||| make me feel included ||| help me feel more confident ||| help create safe environments""]","Yes, a lot",Feeling welcome ||| Free or low-cost activities ||| Supportive coaches,Rarely,2004-09-01,South Africa,Female,-51,-66,-74,-25,-75,-76,-32,-75,-75,-81,76,10,-60,-65,0,0,0,"",Mobile,Chrome 114.0
QOq3cdMcnN0,QOq3ccktbIY,false,Anonymous,Guest,12:50:25 PM,25/06/2026,false,12:50:25 PM,25/06/2026,"",true,true,5.26,1/19,en,[1],false,waves-for-change,0,"","","","","","","","","","","","","",[],[],[],"","","",[],[],[],"","","","","","",0,0,0,0,0,0,0,0,0,0,0,0,0,0,0,0,0,"",Mobile,Chrome 149.0
QOq4kqBQzZc,QOq4kpiM7cQ,false,Anonymous,Guest,12:52:04 PM,25/06/2026,false,12:52:04 PM,25/06/2026,"",true,true,21.05,4/19,en,"[1, 2, 3, 4]",false,waves-for-change,3,2+ hours a week,Physical education (PE) or school sport,Being part of a team,"","","","","","","","","","",[],[],[],"","","",[],[],[],"","","","","","",15,13,15,0,0,0,0,0,0,0,0,0,0,0,0,0,0,"",Mobile,Chrome 143.0
QOq05j8YgS4,QOq05jVingc,false,Anonymous,Guest,12:52:35 PM,25/06/2026,false,12:52:35 PM,25/06/2026,"",true,true,100.00,19/19,en,"[1, 2, 3, 4, 5, 6, 7, 8, 9, 10, 12, 13, 14, 15, 16, 17, 18, 19]",false,waves-for-change,14,2+ hours a week,Physical education (PE) or school sport ||| Community sport club ||| Gym or exercise ||| Informal play with friends,Competing,5,5,5,5,5,3,5,5,"Yes, a lot",Very important,[],[],"[""Teamwork ||| Problem-solving ||| Speaking up ||| Social Connections ||| Leadership ||| Focus ||| Handling stress ||| Confidence""]",Confident,Quite easy,"",[],[],"[""make me feel comfortable asking them for help ||| make me feel included ||| positively influence my experience ||| help create safe environments ||| help me feel more confident""]","Yes, a lot",Free or low-cost activities ||| Supportive coaches ||| Feeling welcome,Often,2003-09-01,South Africa,Male,13,30,16,54,7,12,20,15,13,0,16,10,56,7,0,0,0,"",Mobile,Chrome 136.0
QOq1veYGg6U,QOq1vd_2FuI,false,Anonymous,Guest,12:55:52 PM,25/06/2026,false,12:55:53 PM,25/06/2026,"",true,true,100.00,19/19,en,"[1, 2, 3, 4, 5, 6, 7, 8, 9, 10, 12, 13, 14, 15, 16, 17, 18, 19]",false,waves-for-change,14,2+ hours a week,Informal play with friends ||| Dance or movement ||| Gym or exercise ||| Community sport club ||| Physical education (PE) or school sport,Competing,1,1,4,2,2,3,5,1,"Yes, a lot",Very important,"[""Handling stress""]",[],"[""Social Connections ||| Teamwork ||| Problem-solving ||| Leadership ||| Focus ||| Speaking up ||| Confidence""]",Very confident,Very easy,"",[],[],"[""make me feel comfortable asking them for help ||| help create safe environments ||| positively influence my experience ||| make me feel included ||| help me feel more confident""]","Yes, a lot",Better places to play ||| Supportive coaches ||| Feeling welcome,Always,2000-08-01,South Africa,Male,16,29,79,56,13,8,27,11,9,0,20,10,36,14,0,0,0,"",Mobile,Chrome 149.0
QOrFQtmmW9A,QOrFQs8597Y,false,Anonymous,Guest,01:07:13 PM,25/06/2026,false,01:07:13 PM,25/06/2026,"",true,true,26.32,5/19,en,"[1, 2, 3, 4, 5]",false,waves-for-change,4,About 1–2 hours a week,Online/virtual fitness,Being part of a team,5,4,5,5,5,5,5,5,"","",[],[],[],"","","",[],[],[],"","","","","","",26,25,13,49,0,0,0,0,0,0,0,0,0,0,0,0,0,"",Mobile,Chrome 149.0
QOrHUdg39uw,QOrHUdCFWOs,false,Anonymous,Guest,01:07:35 PM,25/06/2026,false,01:07:35 PM,25/06/2026,"",true,true,5.26,1/19,en,[1],false,waves-for-change,0,"","","","","","","","","","","","","",[],[],[],"","","",[],[],[],"","","","","","",0,0,0,0,0,0,0,0,0,0,0,0,0,0,0,0,0,"",Mobile,Chrome 114.0
QOrJ6v15hoI,QOrJ6vNwGR4,false,Anonymous,Guest,01:10:26 PM,25/06/2026,false,01:10:26 PM,25/06/2026,"",true,true,5.26,1/19,en,[1],false,waves-for-change,0,"","","","","","","","","","","","","",[],[],[],"","","",[],[],[],"","","","","","",0,0,0,0,0,0,0,0,0,0,0,0,0,0,0,0,0,"",Mobile,Chrome 149.0
QOrI5koC5nU,QOrI5kLCWjQ,false,Anonymous,Guest,01:10:54 PM,25/06/2026,false,01:10:54 PM,25/06/2026,"",true,true,5.26,1/19,en,[1],false,waves-for-change,0,"","","","","","","","","","","","","",[],[],[],"","","",[],[],[],"","","","","","",0,0,0,0,0,0,0,0,0,0,0,0,0,0,0,0,0,"",Mobile,Chrome 149.0
QOrFTx0oyNk,QOrFTxMJeFQ,false,Anonymous,Guest,01:16:15 PM,25/06/2026,false,01:16:16 PM,25/06/2026,"",true,true,100.00,19/19,en,"[1, 2, 3, 4, 5, 6, 7, 8, 9, 10, 12, 13, 14, 15, 16, 17, 18, 19]",false,waves-for-change,14,About 30–60 minutes a week,Informal play with friends ||| Physical education (PE) or school sport,Learning new skills,5,5,5,5,5,5,5,5,"Yes, a lot",Very important,[],[],"[""Teamwork ||| Speaking up ||| Confidence ||| Handling stress ||| Problem-solving ||| Social Connections ||| Leadership ||| Focus""]",Very confident,Quite easy,"",[],[],"[""make me feel included ||| help me feel more confident ||| help create safe environments ||| make me feel comfortable asking them for help ||| positively influence my experience""]","Yes, a lot",Better places to play ||| Free or low-cost activities ||| Supportive coaches,Sometimes,2015-03-01,South Africa,Prefer not to say,33,37,29,62,28,12,29,15,23,0,113,16,93,20,0,0,0,"",Mobile,Chrome 143.0
QOrOpN-Sdi0,QOrOpNXNIxM,false,Anonymous,Guest,01:17:02 PM,25/06/2026,false,"","","",true,false,"","",en,"",false,"",1,About 1–2 hours a week,"","","","","","","","","","","","",[],[],[],"","","",[],[],[],"","","","","","",26,0,0,0,0,0,0,0,0,0,0,0,0,0,0,0,0,"",Mobile,Chrome 149.0
QOrQsQrfPmA,QOrQsQBjEn4,false,Anonymous,Guest,01:17:54 PM,25/06/2026,false,01:17:53 PM,25/06/2026,"",true,true,10.53,2/19,en,"[1, 2]",false,waves-for-change,1,2+ hours a week,"","","","","","","","","","","","",[],[],[],"","","",[],[],[],"","","","","","",10,0,0,0,0,0,0,0,0,0,0,0,0,0,0,0,0,"",Mobile,Chrome 149.0
QOrSZFF7-f0,QOrSZEq2vis,false,Anonymous,Guest,01:19:43 PM,25/06/2026,false,01:19:44 PM,25/06/2026,"",true,true,5.26,1/19,en,[1],false,waves-for-change,0,"","","","","","","","","","","","","",[],[],[],"","","",[],[],[],"","","","","","",0,0,0,0,0,0,0,0,0,0,0,0,0,0,0,0,0,"",Mobile,Chrome 121.0
QOrKd33g9rI,QOrKd3SeZ5Q,false,Anonymous,Guest,01:22:55 PM,25/06/2026,false,01:22:56 PM,25/06/2026,"",true,true,100.00,19/19,en,"[1, 2, 3, 4, 5, 6, 7, 8, 9, 10, 11, 12, 13, 14, 15, 16, 17, 18, 19]",false,waves-for-change,15,About 30–60 minutes a week,Informal play with friends ||| Dance or movement ||| Physical education (PE) or school sport,Being part of a team,5,3,4,5,4,5,5,5,"Yes, a lot",Very important,[],[],"[""Speaking up ||| Confidence ||| Focus ||| Social Connections ||| Leadership ||| Teamwork ||| Handling stress ||| Problem-solving""]",Very confident,Difficult,Cost,[],[],"[""make me feel comfortable asking them for help ||| make me feel included ||| help create safe environments ||| positively influence my experience ||| help me feel more confident""]","Yes, a lot",Feeling welcome ||| Fun social activities ||| Supportive coaches,Sometimes,1963-04-01,South Africa,Female,50,38,32,80,22,24,37,28,13,16,56,16,59,13,0,0,0,"",Mobile,Chrome 149.0
QOrYpxuKqzE,QOrYpxAT9-A,false,Anonymous,Guest,01:26:55 PM,25/06/2026,false,01:26:55 PM,25/06/2026,"",true,true,10.53,2/19,en,"[1, 2]",false,waves-for-change,1,2+ hours a week,"","","","","","","","","","","","",[],[],[],"","","",[],[],[],"","","","","","",23,0,0,0,0,0,0,0,0,0,0,0,0,0,0,0,0,"",Mobile,Chrome 149.0
QOrdDZPh2EU,QOrdDYl3RgY,false,Anonymous,Guest,01:31:13 PM,25/06/2026,false,01:31:13 PM,25/06/2026,"",true,true,5.26,1/19,en,[1],false,waves-for-change,0,"","","","","","","","","","","","","",[],[],[],"","","",[],[],[],"","","","","","",0,0,0,0,0,0,0,0,0,0,0,0,0,0,0,0,0,"",Mobile,Chrome 114.0
QOrdKSDesbo,QOrdKRfv894,false,Anonymous,Guest,01:34:46 PM,25/06/2026,false,01:34:46 PM,25/06/2026,"",true,true,100.00,19/19,en,"[1, 2, 3, 4, 5, 6, 7, 8, 9, 10, 12, 13, 14, 15, 16, 17, 18, 19]",false,"",14,About 1–2 hours a week,Physical education (PE) or school sport,Spending time with friends,5,5,5,5,3,4,5,5,"Yes, a lot",Very important,[],[],"[""Social Connections ||| Handling stress ||| Speaking up ||| Problem-solving ||| Focus ||| Leadership ||| Confidence ||| Teamwork""]",Very confident,Quite easy,"",[],[],"[""help create safe environments ||| make me feel included ||| positively influence my experience ||| help me feel more confident ||| make me feel comfortable asking them for help""]","Yes, a lot",Supportive coaches ||| Fun social activities ||| Better places to play,Always,1993-09-01,Nepal,Male,16,11,9,39,10,5,18,9,9,0,10,5,16,5,0,0,0,"",Mobile,Chrome 149.0
QOrXfhzuBgw,QOrXfhAAgK8,false,Anonymous,Guest,01:49:36 PM,25/06/2026,false,01:40:33 PM,25/06/2026,"",true,true,100.00,19/19,en,"[1, 2, 3, 4, 5, 6, 7, 8, 9, 10, 11, 12, 13, 14, 15, 16, 17, 18, 19]",false,waves-for-change,15,About 1–2 hours a week,Gym or exercise,Learning new skills,2,1,2,1,3,4,5,2,"Yes, a lot",Very important,"[""Handling stress""]",[],"[""Problem-solving ||| Leadership ||| Focus ||| Teamwork ||| Confidence ||| Social Connections ||| Speaking up""]",Very confident,Difficult,Cost,[],[],"[""positively influence my experience ||| help create safe environments ||| help me feel more confident ||| make me feel included ||| make me feel comfortable asking them for help""]","Yes, a lot",Supportive coaches ||| Better places to play ||| Feeling welcome,Always,2009-02-01,South Africa,Male,84,45,27,101,102,56,71,29,47,23,66,43,95,22,0,0,0,"",Mobile,Chrome 149.0
QOoQ7X1r6Fo,QOoQ7W6mKRA,false,Anonymous,Guest,01:49:56 PM,25/06/2026,false,"","","",true,false,"","",en,"",false,"",1,2+ hours a week,"","","","","","","","","","","","",[],[],[],"","","",[],[],[],"","","","","","",111,0,0,0,0,0,0,0,0,0,0,0,0,0,0,0,0,"",Desktop,Chrome 149.0
QOrmV62dvXg,QOrmV6XeBts,false,Anonymous,Guest,01:51:58 PM,25/06/2026,false,01:51:58 PM,25/06/2026,"",true,true,100.00,19/19,en,"[1, 2, 3, 4, 5, 6, 7, 8, 9, 10, 11, 12, 13, 14, 15, 16, 17, 18, 19]",false,waves-for-change,15,2+ hours a week,Community sport club,Learning new skills,4,5,5,5,5,5,5,5,"Yes, a lot",Quite important,"[""Focus""]",[],"[""Problem-solving ||| Teamwork ||| Handling stress ||| Leadership ||| Social Connections ||| Speaking up ||| Confidence""]",Confident,Difficult,Cost,[],[],"[""help me feel more confident ||| make me feel included ||| positively influence my experience ||| help create safe environments ||| make me feel comfortable asking them for help""]","Yes, a lot",More choice in activities ||| Better places to play ||| Free or low-cost activities,Sometimes,2006-06-01,South Africa,Male,21,22,21,43,11,17,35,13,16,27,81,92,167,14,0,0,0,"",Mobile,Chrome 149.0
QOrlTUSNkys,QOrlTTSdJWc,false,Anonymous,Guest,01:54:15 PM,25/06/2026,false,01:54:16 PM,25/06/2026,"",true,true,21.05,4/19,en,"[1, 2, 3, 4]",false,waves-for-change,3,Less than 30 minutes a week,Online/virtual fitness,Feeling healthy or strong,"","","","","","","","","","",[],[],[],"","","",[],[],[],"","","","","","",7,19,99,0,0,0,0,0,0,0,0,0,0,0,0,0,0,"",Mobile,Chrome 99.0
QOr0aZUWX4E,QOr0aY0V3H0,false,Anonymous,Guest,01:57:06 PM,25/06/2026,false,01:57:06 PM,25/06/2026,"",true,true,5.26,1/19,en,[1],false,waves-for-change,0,"","","","","","","","","","","","","",[],[],[],"","","",[],[],[],"","","","","","",0,0,0,0,0,0,0,0,0,0,0,0,0,0,0,0,0,"",Mobile,Chrome 143.0
QOrsBIWhP2k,QOrsBH3FXfU,false,Anonymous,Guest,02:01:19 PM,25/06/2026,false,02:01:19 PM,25/06/2026,"",true,false,"","",en,"",false,"",14,"",Gym or exercise,Feeling confident,5,5,5,5,5,5,5,5,"Yes, a lot",Quite important,[],[],"[""Confidence ||| Social Connections ||| Focus ||| Handling stress ||| Teamwork ||| Speaking up ||| Leadership ||| Problem-solving""]",Very confident,Very easy,"",[],[],"[""help create safe environments ||| make me feel comfortable asking them for help ||| make me feel included ||| help me feel more confident ||| positively influence my experience""]","Yes, a lot",Feeling welcome ||| Fun social activities ||| Supportive coaches,Always,1999-12-01,Kenya,Male,0,21,32,62,46,35,41,32,35,0,30,22,60,31,0,0,0,"",Desktop,Chrome 149.0
QOrpllv2zi0,QOrpllJbF88,false,Anonymous,Guest,02:05:20 PM,25/06/2026,false,01:59:33 PM,25/06/2026,"",true,true,100.00,19/19,en,"[1, 2, 3, 4, 5, 6, 7, 8, 9, 10, 12, 13, 14, 15, 16, 17, 18, 19]",false,waves-for-change,14,2+ hours a week,Physical education (PE) or school sport,Learning new skills,5,5,5,3,5,5,5,5,"Yes, a lot",Very important,"[""Handling stress""]",[],"[""Speaking up ||| Problem-solving ||| Leadership ||| Social Connections ||| Teamwork ||| Confidence ||| Focus""]",Slightly confident,Very easy,"",[],[],"[""make me feel included ||| positively influence my experience ||| make me feel comfortable asking them for help ||| help me feel more confident ||| help create safe environments""]","Yes, a lot",Supportive coaches ||| Fun social activities ||| Better places to play,Sometimes,1982-06-01,South Africa,Female,24,18,25,133,27,18,68,40,20,0,26,23,42,24,0,0,0,"",Mobile,Chrome 149.0
QOr818i5WXA,QOr8176prlE,false,Anonymous,Guest,02:06:09 PM,25/06/2026,false,02:06:09 PM,25/06/2026,"",true,true,10.53,2/19,en,"[1, 2]",false,waves-for-change,1,About 1–2 hours a week,"","","","","","","","","","","","",[],[],[],"","","",[],[],[],"","","","","","",9,0,0,0,0,0,0,0,0,0,0,0,0,0,0,0,0,"",Mobile,Chrome 149.0
QOsJcmUc9_w,QOsJclguL_M,false,Anonymous,Guest,02:19:39 PM,25/06/2026,false,"","","",true,false,"","",en,"",false,"",0,"","","","","","","","","","","","","",[],[],[],"","","",[],[],[],"","","","","","",0,0,0,0,0,0,0,0,0,0,0,0,0,0,0,0,0,"",Desktop,Chrome 149.0
QOsRZ4wRgPM,QOsRZ4Bzg08,false,Anonymous,Guest,02:28:25 PM,25/06/2026,false,02:28:25 PM,25/06/2026,"",true,true,10.53,2/19,en,"[1, 2]",false,"",1,About 1–2 hours a week,"","","","","","","","","","","","",[],[],[],"","","",[],[],[],"","","","","","",6,0,0,0,0,0,0,0,0,0,0,0,0,0,0,0,0,"",Mobile,Chrome 149.0
QOseR19-1ZY,QOseR1TVvME,false,Anonymous,Guest,02:49:19 PM,25/06/2026,false,02:49:19 PM,25/06/2026,"",true,true,100.00,19/19,en,"[1, 2, 3, 4, 5, 6, 7, 8, 9, 10, 12, 13, 14, 15, 16, 17, 18, 19]",false,waves-for-change,14,2+ hours a week,Physical education (PE) or school sport ||| Community sport club ||| Informal play with friends,Feeling confident,5,5,5,5,5,5,5,5,"Yes, a lot",Very important,[],[],"[""Teamwork ||| Problem-solving ||| Handling stress ||| Speaking up ||| Social Connections ||| Confidence ||| Focus ||| Leadership""]",Very confident,Very easy,"",[],[],"[""positively influence my experience ||| make me feel comfortable asking them for help ||| help create safe environments ||| help me feel more confident ||| make me feel included""]","Yes, a lot",Feeling welcome ||| Fun social activities ||| Supportive coaches,Always,2015-06-01,[OTHER] South Africa,Male,42,23,16,38,10,8,19,9,12,0,19,11,37,8,0,0,0,"",Mobile,Chrome 149.0
QOskw0Y7xPw,QOskwzu8F8s,false,Anonymous,Guest,02:49:32 PM,25/06/2026,false,02:49:32 PM,25/06/2026,"",true,true,5.26,1/19,en,[1],false,waves-for-change,0,"","","","","","","","","","","","","",[],[],[],"","","",[],[],[],"","","","","","",0,0,0,0,0,0,0,0,0,0,0,0,0,0,0,0,0,"",Mobile,Chrome 149.0
QOso-RLLp6s,QOso-Qm46Zs,false,Anonymous,Guest,03:02:45 PM,25/06/2026,false,03:02:45 PM,25/06/2026,"",true,true,100.00,19/19,en,"[1, 2, 3, 4, 5, 6, 7, 8, 9, 10, 11, 12, 13, 14, 15, 16, 17, 18, 19]",false,waves-for-change,15,About 30–60 minutes a week,Gym or exercise,Having fun,3,2,2,4,2,3,4,4,Very little,Neutral,[],[],"[""Social Connections ||| Problem-solving ||| Focus ||| Handling stress ||| Confidence ||| Teamwork ||| Speaking up ||| Leadership""]",Confident,Difficult,Not interested in sport,"[""make me feel comfortable asking them for help""]",[],"[""make me feel included ||| help create safe environments ||| help me feel more confident ||| positively influence my experience""]",Not really,Feeling welcome ||| Free or low-cost activities ||| Supportive coaches,Never,2003-09-01,South Africa,Female,26,42,88,103,20,12,37,11,10,9,47,14,69,13,0,0,0,"",Mobile,Chrome 143.0
QOsuoHlmYMk,QOsuoHDog_I,false,Anonymous,Guest,03:03:29 PM,25/06/2026,false,03:03:29 PM,25/06/2026,"",true,true,5.26,1/19,en,[1],false,waves-for-change,0,"","","","","","","","","","","","","",[],[],[],"","","",[],[],[],"","","","","","",0,0,0,0,0,0,0,0,0,0,0,0,0,0,0,0,0,"",Mobile,Chrome 149.0
QOszAlnqqcE,QOszAlDgjMM,false,Anonymous,Guest,03:08:14 PM,25/06/2026,false,03:08:14 PM,25/06/2026,"",true,true,100.00,19/19,en,"[1, 2, 3, 4, 5, 6, 7, 8, 9, 10, 12, 13, 14, 15, 16, 17, 18, 19, 19]",false,waves-for-change,16,2+ hours a week,Physical education (PE) or school sport,Feeling healthy or strong,5,5,5,5,5,5,5,5,"Yes, a lot",Very important,[],[],"[""Speaking up ||| Leadership ||| Teamwork ||| Social Connections ||| Confidence ||| Problem-solving ||| Handling stress ||| Focus""]",Very confident,Very easy,"",[],[],"[""make me feel comfortable asking them for help ||| help create safe environments ||| help me feel more confident ||| positively influence my experience ||| make me feel included""]","Yes, a lot",Supportive coaches ||| More choice in activities ||| Fun social activities,Often,2015-08-01,South Africa,Female,11,14,12,21,7,4,15,9,3,0,12,8,15,9,0,0,0,"",Mobile,Chrome 149.0
QOsr7zDuXOk,QOsr7ybYXaU,false,Anonymous,Guest,03:10:49 PM,25/06/2026,false,03:10:50 PM,25/06/2026,"",true,true,100.00,19/19,en,"[1, 2, 3, 4, 5, 6, 7, 8, 9, 10, 10, 12, 13, 14, 15, 16, 17, 18, 19]",false,waves-for-change,14,About 1–2 hours a week,Informal play with friends,Feeling confident,4,5,5,4,4,5,5,5,Sometimes,Quite important,"[""Handling stress""]",[],"[""Confidence ||| Leadership ||| Teamwork ||| Problem-solving ||| Focus ||| Social Connections ||| Speaking up""]",Very confident,Quite easy,"",[],[],"[""positively influence my experience ||| make me feel comfortable asking them for help ||| help create safe environments ||| make me feel included ||| help me feel more confident""]","Yes, a lot",Fun social activities ||| Supportive coaches ||| Feeling welcome,Rarely,2014-07-01,South Africa,Female,101,35,19,88,14,121,43,26,19,0,29,21,49,14,0,0,0,"",Mobile,Chrome 149.0
QOs7t6w5piQ,QOs7t6S1TVg,false,Anonymous,Guest,03:23:09 PM,25/06/2026,false,03:23:09 PM,25/06/2026,"",true,true,100.00,19/19,en,"[1, 2, 3, 4, 5, 6, 7, 8, 9, 10, 12, 13, 14, 15, 16, 17, 18, 19]",false,waves-for-change,14,2+ hours a week,Physical education (PE) or school sport,Learning new skills,3,1,2,3,4,5,1,2,"Yes, a lot",Very important,"[""Handling stress""]",[],"[""Leadership ||| Focus ||| Confidence ||| Social Connections ||| Problem-solving ||| Speaking up ||| Teamwork""]",Very confident,Quite easy,"",[],[],"[""positively influence my experience ||| make me feel included ||| make me feel comfortable asking them for help ||| help me feel more confident ||| help create safe environments""]","Yes, a lot",Better places to play ||| Fun social activities ||| Feeling welcome,Often,2013-01-01,South Africa,Male,24,21,25,74,18,15,43,27,16,0,30,15,52,20,0,0,0,"",Mobile,Chrome 149.0
QOsyxPyx6hs,QOsyxPWAbPc,false,Anonymous,Guest,03:30:53 PM,25/06/2026,false,03:29:36 PM,25/06/2026,"",true,true,100.00,19/19,en,"[""1"", ""2"", ""3"", ""4"", ""5"", ""6"", ""7"", ""8"", ""9"", ""10"", ""11"", ""12"", ""13"", ""14"", ""15"", 16, 17, 18, 19]",false,waves-for-change,15,2+ hours a week,Gym or exercise,Learning new skills,4,4,4,4,4,4,4,4,"Yes, a lot",Very important,[],[],"[""Confidence ||| Focus ||| Problem-solving ||| Leadership ||| Social Connections ||| Teamwork ||| Handling stress ||| Speaking up""]",Very confident,Very easy,School or work pressure,[],[],"[""help me feel more confident ||| help create safe environments ||| positively influence my experience ||| make me feel included ||| make me feel comfortable asking them for help""]","Yes, a lot",Free or low-cost activities ||| Fun social activities ||| Better places to play,Always,2012-02-01,South Africa,Male,10,11,10,19,7,16,18,10,6,24,9,8,19,7,0,0,0,"",Mobile,Chrome 149.0
QOtETfKgsOw,QOtETenoW7w,false,Anonymous,Guest,03:37:04 PM,25/06/2026,false,03:37:04 PM,25/06/2026,"",true,true,100.00,19/19,en,"[1, 2, 3, 4, 5, 6, 7, 8, 9, 10, 12, 13, 14, 15, 16, 17, 18, 19]",false,"",14,2+ hours a week,I don’t regularly take part ||| Informal play with friends,Relaxing or reducing stress,4,4,3,4,4,4,4,4,"Yes, a lot",Very important,[],[],"[""Leadership ||| Focus ||| Problem-solving ||| Speaking up ||| Teamwork ||| Social Connections ||| Confidence ||| Handling stress""]",Very confident,Quite easy,"",[],[],"[""make me feel included ||| make me feel comfortable asking them for help ||| help create safe environments ||| help me feel more confident ||| positively influence my experience""]",Not sure,Feeling welcome ||| Better places to play ||| More choice in activities,Always,1999-07-01,Jordan,Male,21,26,20,53,9,7,41,10,20,0,22,20,29,6,0,0,0,"",Desktop,Chrome 149.0
QOtUa5kZ7PQ,QOtUa5B166Q,false,Anonymous,Guest,03:44:14 PM,25/06/2026,false,03:44:14 PM,25/06/2026,"",true,true,21.05,4/19,en,"[1, 2, 3, 4]",false,waves-for-change,3,2+ hours a week,Physical education (PE) or school sport,Being part of a team,"","","","","","","","","","",[],[],[],"","","",[],[],[],"","","","","","",16,37,93,0,0,0,0,0,0,0,0,0,0,0,0,0,0,"",Mobile,Chrome 135.0
QOtRTsSzEec,QOtRTrrnjHI,false,Anonymous,Guest,03:44:58 PM,25/06/2026,false,03:44:59 PM,25/06/2026,"",true,true,100.00,19/19,en,"[1, 2, 3, 4, 5, 6, 7, 8, 9, 10, 12, 13, 14, 15, 16, 17, 18, 19]",false,waves-for-change,14,2+ hours a week,Informal play with friends,Having fun,4,2,2,2,1,1,3,4,"Yes, a lot",Very important,[],[],"[""Social Connections ||| Focus ||| Speaking up ||| Teamwork ||| Confidence ||| Problem-solving ||| Handling stress ||| Leadership""]",Somewhat confident,Very easy,"",[],[],"[""help me feel more confident ||| make me feel included ||| positively influence my experience ||| make me feel comfortable asking them for help ||| help create safe environments""]","Yes, a lot",Better places to play ||| Free or low-cost activities ||| More choice in activities,Often,2012-12-01,South Africa,Male,47,30,22,40,21,14,39,31,11,0,18,12,53,8,0,0,0,"",Mobile,Chrome 149.0
QOtQWvG8pqw,QOtQWuj4I1w,false,Anonymous,Guest,03:45:09 PM,25/06/2026,false,03:45:06 PM,25/06/2026,"",true,true,94.74,18/19,en,"[1, 2, 3, 4, 5, 6, 7, 8, 9, 10, 12, 13, 14, 15, 16, 17, 18, 18, 18, 18, 18]",false,waves-for-change,23,About 1–2 hours a week,Dance or movement,Being part of a team,5,5,5,5,5,4,5,5,"Yes, a lot",Very important,"[""Problem-solving ||| Speaking up""]",[],"[""Social Connections ||| Handling stress ||| Leadership ||| Teamwork ||| Focus ||| Confidence""]",Very confident,Quite easy,"",[],[],"[""positively influence my experience ||| make me feel included ||| make me feel comfortable asking them for help ||| help create safe environments ||| help me feel more confident""]","Yes, a lot",Better places to play ||| Fun social activities ||| Supportive coaches,Often,2013-07-01,[OTHER] South Africa,Female,34,30,14,65,19,21,31,17,27,0,27,19,22,13,0,0,0,"",Mobile,Chrome 149.0
QOtfO4K3eys,QOtfO3nMlOE,false,Anonymous,Guest,03:56:14 PM,25/06/2026,false,03:56:14 PM,25/06/2026,"",true,false,"","",en,"",false,"",14,2+ hours a week,Online/virtual fitness,Competing,5,5,5,5,5,5,5,5,"Yes, a lot",Very important,[],[],"[""Social Connections ||| Speaking up ||| Leadership ||| Handling stress ||| Confidence ||| Problem-solving ||| Teamwork ||| Focus""]",Very confident,Very easy,"",[],[],"[""help create safe environments ||| help me feel more confident ||| positively influence my experience ||| make me feel included ||| make me feel comfortable asking them for help""]","Yes, a lot",Free or low-cost activities ||| Fun social activities ||| More choice in activities,Always,2004-01-01,Pakistan,Other,8,10,11,33,12,5,13,5,13,0,8,4,22,5,0,0,0,"",Mobile,Chrome 149.0
QOthzQFAWNk,QOthzN-JyiY,false,Anonymous,Guest,03:57:39 PM,25/06/2026,false,03:57:39 PM,25/06/2026,"",true,true,36.84,7/19,en,"[1, 2, 3, 4, 5, 6, 7]",false,waves-for-change,6,About 30–60 minutes a week,Informal play with friends,Relaxing or reducing stress,4,4,4,5,4,4,4,4,"Yes, a lot",Very important,[],[],[],"","","",[],[],[],"","","","","","",17,14,8,36,6,9,0,0,0,0,0,0,0,0,0,0,0,"",Mobile,Safari 604.1
QOtfCkl-Bkk,QOtfCjrgCPk,false,Anonymous,Guest,04:16:03 PM,25/06/2026,false,04:14:20 PM,25/06/2026,"",true,true,100.00,19/19,en,"[""1"", ""2"", ""3"", ""4"", ""5"", ""6"", ""7"", ""8"", ""9"", ""10"", ""12"", ""13"", ""14"", ""15"", ""16"", ""17"", ""18"", ""18"", 19, 19, 19]",false,waves-for-change,22,2+ hours a week,Physical education (PE) or school sport,Learning new skills,5,5,5,5 ; 5,5,5,5,5,"Yes, a lot",Very important,[],[],"[""Problem-solving ||| Handling stress ||| Leadership ||| Teamwork ||| Confidence ||| Speaking up ||| Focus ||| Social Connections""]",Very confident,Very easy,"","[""positively influence my experience""]",[],"[""make me feel included ||| make me feel comfortable asking them for help ||| help create safe environments ||| help me feel more confident""]","Yes, a lot",Feeling welcome ||| Better places to play ||| Supportive coaches,Sometimes,2013-06-01,South Africa,Male,19,12,55,149,20,20,48,99,45,0,100,22,142,37,0,0,0,"",Mobile,Chrome 148.0
QOt0W5-vFJE,QOt0W5V-NDE,false,Anonymous,Guest,04:29:12 PM,25/06/2026,false,04:29:20 PM,25/06/2026,"",true,true,100.00,19/19,en,"[""1"", ""2"", 3, 4, 5, 6, 7, 8, 9, 10, 12, 13, 14, 15, 16, 17, 18, 19, 19, 19, 19, 19, 19, 19, 19, 19, 19, 19, 19, 19, 19, 19, 19, 19, 19, 19, 19, 19, 19, 19, 19]",false,waves-for-change,312,2+ hours a week,Community sport club ||| Physical education (PE) or school sport ||| Gym or exercise ||| Informal play with friends,Learning new skills,5,5,5,5,5,5,5,5,"Yes, a lot",Very important,[],[],"[""Problem-solving ||| Focus ||| Teamwork ||| Confidence ||| Social Connections ||| Speaking up ||| Leadership ||| Handling stress""]",Very confident,Very easy,"",[],[],"[""help create safe environments ||| make me feel comfortable asking them for help ||| positively influence my experience ||| help me feel more confident ||| make me feel included""]","Yes, a lot",Feeling welcome ||| Better places to play ||| Supportive coaches,Sometimes,2013-06-01,South Africa,Male,417,1,30,31,8,7,23,5,6,0,10,7,11,7,0,0,0,"",Mobile,Chrome 148.0
QOuDaCcV0GE,QOuDaB97xsc,false,Anonymous,Guest,04:33:02 PM,25/06/2026,false,04:33:02 PM,25/06/2026,"",true,true,10.53,2/19,en,"[1, 2]",false,waves-for-change,1,2+ hours a week,"","","","","","","","","","","","",[],[],[],"","","",[],[],[],"","","","","","",14,0,0,0,0,0,0,0,0,0,0,0,0,0,0,0,0,"",Mobile,Chrome 143.0
QOuAIfN9nZ4,QOuAIerAuJU,false,Anonymous,Guest,04:38:37 PM,25/06/2026,false,04:38:37 PM,25/06/2026,"",true,true,100.00,19/19,en,"[1, 2, 3, 4, 5, 6, 7, 8, 9, 10, 12, 13, 14, 15, 16, 17, 18, 19]",false,waves-for-change,14,2+ hours a week,Informal play with friends,Learning new skills,3,2,3,3,4,5,1,4,"Yes, a lot",Very important,[],[],"[""Confidence ||| Leadership ||| Problem-solving ||| Handling stress ||| Social Connections ||| Speaking up ||| Teamwork ||| Focus""]",Confident,Very easy,"",[],[],"[""positively influence my experience ||| make me feel comfortable asking them for help ||| help create safe environments ||| help me feel more confident ||| make me feel included""]","Yes, a lot",Free or low-cost activities ||| Better places to play ||| Supportive coaches,Always,2012-07-01,South Africa,Male,30,32,29,46,12,14,39,17,22,0,53,16,67,22,0,0,0,"",Mobile,Chrome 138.0
QOuEG6Wp4rY,QOuEG5uDaDE,false,Anonymous,Guest,04:38:46 PM,25/06/2026,false,04:37:47 PM,25/06/2026,"",true,true,100.00,19/19,en,"[1, 2, 3, 4, 5, 6, 7, 8, 9, 10, 12, 13, 14, 15, 16, 17, 18, 19]",false,waves-for-change,14,2+ hours a week,Dance or movement,Learning new skills,2,1,5,1,4,3,5,2,"Yes, a lot",Very important,"[""Handling stress""]",[],"[""Social Connections ||| Speaking up ||| Leadership ||| Problem-solving ||| Focus ||| Teamwork ||| Confidence""]",Confident,Very easy,"",[],[],"[""help create safe environments ||| make me feel included ||| help me feel more confident ||| positively influence my experience ||| make me feel comfortable asking them for help""]","Yes, a lot",Better places to play ||| Supportive coaches ||| Feeling welcome,Always,2011-02-01,South Africa,Female,18,12,10,31,8,6,25,12,10,0,11,11,26,7,0,0,0,"",Mobile,Chrome 149.0
QOuEL21qB5I,QOuEL2Sq1do,false,Anonymous,Guest,04:40:45 PM,25/06/2026,false,04:40:45 PM,25/06/2026,"",true,true,100.00,19/19,en,"[1, 2, 3, 4, 5, 6, 7, 8, 9, 10, 12, 13, 14, 15, 16, 17, 18, 19]",false,waves-for-change,14,About 1–2 hours a week,Gym or exercise,Having fun,5,5,4,5,5,4,5,5,"Yes, a lot",Very important,[],[],"[""Leadership ||| Confidence ||| Speaking up ||| Focus ||| Handling stress ||| Problem-solving ||| Teamwork ||| Social Connections""]",Confident,Very easy,"",[],[],"[""positively influence my experience ||| make me feel included ||| make me feel comfortable asking them for help ||| help me feel more confident ||| help create safe environments""]","Yes, a lot",Feeling welcome ||| Supportive coaches ||| Free or low-cost activities,Often,2003-03-01,South Africa,Male,27,28,11,47,13,11,36,17,19,0,29,14,47,43,0,0,0,"",Mobile,Chrome 143.0
QOuZNXzOJVg,QOuZNXBGdGw,false,Anonymous,Guest,04:57:11 PM,25/06/2026,false,04:57:11 PM,25/06/2026,"",true,true,10.53,2/19,en,"[1, 2]",false,unyo-facebook,1,About 30–60 minutes a week,"","","","","","","","","","","","",[],[],[],"","","",[],[],[],"","","","","","",17,0,0,0,0,0,0,0,0,0,0,0,0,0,0,0,0,"",Mobile,Chrome 149.0
QOusAYKk2_g,QOusAXV7RNg,false,Anonymous,Guest,05:26:40 PM,25/06/2026,false,05:26:40 PM,25/06/2026,"",true,true,42.11,8/19,en,"[1, 2, 3, 4, 5, 6, 7, 8]",false,waves-for-change,7,2+ hours a week,Community sport club,Learning new skills,5,5,5,5,5,5,5,5,Sometimes,Very important,[],[],"[""Problem-solving ||| Speaking up ||| Teamwork ||| Focus ||| Leadership ||| Handling stress ||| Confidence ||| Social Connections""]","","","",[],[],[],"","","","","","",38,15,54,228,30,20,70,0,0,0,0,0,0,0,0,0,0,"",Mobile,Chrome 114.0
QOu8M4Xkypo,QOu8M33fPhc,false,Anonymous,Guest,05:35:11 PM,25/06/2026,false,05:35:11 PM,25/06/2026,"",true,true,5.26,1/19,en,[1],false,waves-for-change,0,"","","","","","","","","","","","","",[],[],[],"","","",[],[],[],"","","","","","",0,0,0,0,0,0,0,0,0,0,0,0,0,0,0,0,0,"",Mobile,Chrome 148.0
QOu82QKzNAM,QOu82Pk9lHo,false,Anonymous,Guest,05:45:49 PM,25/06/2026,false,05:45:52 PM,25/06/2026,"",true,true,94.74,18/19,en,"[""1"", ""2"", ""3"", 4, 5, 6, 7, 8, 9, 10, 12, 13, 14, 15, 16, 17, 18]",false,waves-for-change,27,2+ hours a week,Community sport club ||| Dance or movement ||| Physical education (PE) or school sport,Having fun,1,5,4,2,2,1,1,5,"Yes, a lot",Very important,"[""Handling stress""]",[],"[""Social Connections ||| Teamwork ||| Focus ||| Leadership ||| Speaking up ||| Confidence ||| Problem-solving""]",Very confident,Very easy,"",[],[],"[""help me feel more confident ||| make me feel comfortable asking them for help ||| make me feel included ||| positively influence my experience ||| help create safe environments""]","Yes, a lot",Fun social activities ||| Better places to play ||| More choice in activities,Never,2013-02-01,South Africa,Prefer not to say,31,27,39,86,18,20,37,18,13,0,31,14,46,19,0,0,0,"",Mobile,Chrome 149.0
QOvFI1sZCxQ,QOvFI1FO1qE,false,Anonymous,Guest,05:51:51 PM,25/06/2026,false,05:51:52 PM,25/06/2026,"",true,true,100.00,19/19,en,"[1, 2, 3, 4, 5, 6, 7, 8, 9, 10, 11, 12, 13, 14, 15, 16, 17, 18, 19]",false,waves-for-change,15,About 1–2 hours a week,Informal play with friends ||| Physical education (PE) or school sport ||| Community sport club ||| Gym or exercise,Learning new skills,5,5,5,5,5,5,5,5,"Yes, a lot",Very important,[],[],"[""Leadership ||| Social Connections ||| Teamwork ||| Speaking up ||| Focus ||| Handling stress ||| Confidence ||| Problem-solving""]",Confident,Difficult,Cost,[],[],"[""help create safe environments ||| positively influence my experience ||| help me feel more confident ||| make me feel comfortable asking them for help ||| make me feel included""]","Yes, a lot",More choice in activities ||| Supportive coaches ||| Fun social activities,Always,2009-02-01,South Africa,Male,54,32,25,58,17,11,31,16,23,25,27,13,32,18,0,0,0,"",Mobile,Chrome 149.0
QOwPmucBDAY,QOwPmtlTv30,false,Anonymous,Guest,07:13:01 PM,25/06/2026,false,07:13:01 PM,25/06/2026,"",true,true,100.00,19/19,en,"[1, 2, 3, 4, 5, 6, 7, 8, 9, 10, 12, 13, 14, 15, 16, 17, 18, 19]",false,waves-for-change,14,2+ hours a week,Informal play with friends,Spending time with friends,5,5,5,5,4,4,5,5,"Yes, a lot",Quite important,[],[],"[""Problem-solving ||| Confidence ||| Social Connections ||| Handling stress ||| Focus ||| Speaking up ||| Teamwork ||| Leadership""]",Confident,Quite easy,"",[],[],"[""positively influence my experience ||| make me feel comfortable asking them for help ||| make me feel included ||| help me feel more confident ||| help create safe environments""]","Yes, a lot",Feeling welcome ||| More choice in activities ||| Supportive coaches,Often,2014-06-01,South Africa,Female,9,25,61,49,9,32,32,15,12,0,15,11,46,11,0,0,0,"",Mobile,Chrome 149.0
QOwoCCi2UGA,QOwoCB24ROo,false,Anonymous,Guest,07:34:30 PM,25/06/2026,false,07:34:30 PM,25/06/2026,"",true,true,47.37,9/19,en,"[1, 2, 3, 4, 5, 6, 7, 8, 9]",false,"",8,About 30–60 minutes a week,Informal play with friends ||| Gym or exercise,Having fun,3,1,2,3,4,5,1,2,Sometimes,Quite important,[],[],"[""Problem-solving ||| Leadership ||| Speaking up ||| Handling stress ||| Confidence ||| Teamwork ||| Social Connections ||| Focus""]",Very confident,"","",[],[],[],"","","","","","",15,14,8,20,8,4,15,8,0,0,0,0,0,0,0,0,0,"",Desktop,Chrome 149.0
QOxPxIW1-b8,QOxPxHiYumw,false,Anonymous,Guest,08:24:10 PM,25/06/2026,false,08:24:10 PM,25/06/2026,"",true,true,100.00,19/19,en,"[1, 2, 3, 4, 5, 6, 7, 8, 9, 10, 12, 13, 14, 15, 16, 17, 18, 19]",false,"",14,About 1–2 hours a week,Community sport club,Competing,4,5,5,5,4,1,1,5,"Yes, a lot",Very important,[],[],"[""Problem-solving ||| Focus ||| Teamwork ||| Social Connections ||| Speaking up ||| Confidence ||| Handling stress ||| Leadership""]",Confident,Quite easy,"",[],[],"[""positively influence my experience ||| make me feel included ||| help create safe environments ||| help me feel more confident ||| make me feel comfortable asking them for help""]",A little,More choice in activities ||| Feeling welcome ||| Free or low-cost activities,Never,Invalid date,Tunisia,Male,17,17,15,33,7,8,21,18,8,0,215,7,50,6,0,0,0,"",Mobile,Safari 604.1
QOy2VxDH39g,QOy2VwGNhVE,false,Anonymous,Guest,10:08:15 PM,25/06/2026,false,10:08:15 PM,25/06/2026,"",true,true,5.26,1/19,en,[1],false,unyo-linkedin,0,"","","","","","","","","","","","","",[],[],[],"","","",[],[],[],"","","","","","",0,0,0,0,0,0,0,0,0,0,0,0,0,0,0,0,0,"",Mobile,Mozilla 5.0
QOy3PA_OhFg,QOy3PAWsLxc,false,Anonymous,Guest,10:16:42 PM,25/06/2026,false,10:16:42 PM,25/06/2026,"",true,true,94.74,18/19,en,"[1, 2, 3, 4, 5, 6, 7, 8, 9, 10, 12, 13, 14, 15, 16, 17, 18]",false,"",13,About 1–2 hours a week,Gym or exercise ||| Informal play with friends ||| Community sport club,Being part of a team,1,4,4,2,3,3,3,5,Sometimes,Quite important,"[""Confidence ||| Teamwork""]",[],"[""Speaking up ||| Focus ||| Handling stress ||| Leadership ||| Social Connections ||| Problem-solving""]",Confident,Very easy,"","[""help create safe environments ||| make me feel included""]",[],"[""make me feel comfortable asking them for help ||| help me feel more confident ||| positively influence my experience""]",Not sure,Supportive coaches ||| More choice in activities ||| Free or low-cost activities,Often,1988-04-01,Canada,Prefer not to say,9,10,11,24,29,68,23,15,19,0,12,7,8,8,0,0,0,"",Desktop,Chrome 145.0
QO15jYcy0MI,QO15jX9O2AY,false,Anonymous,Guest,01:46:19 AM,26/06/2026,false,01:46:19 AM,26/06/2026,"",true,true,100.00,19/19,en,"[1, 2, 3, 4, 5, 6, 7, 8, 9, 10, 12, 13, 14, 15, 16, 17, 18, 19]",false,"",14,About 1–2 hours a week,Community sport club,Being part of a team,5,2,3,4,4,5,5,5,Sometimes,Very important,[],[],"[""Social Connections ||| Problem-solving ||| Leadership ||| Handling stress ||| Teamwork ||| Focus ||| Confidence ||| Speaking up""]",Confident,Quite easy,"",[],[],"[""make me feel included ||| help me feel more confident ||| make me feel comfortable asking them for help ||| help create safe environments ||| positively influence my experience""]",A little,Fun social activities ||| Free or low-cost activities ||| More choice in activities,Often,1984-07-01,[OTHER] Philippines,Female,7,8,10,44,10,5,17,8,4,0,11,14,31,12,0,0,0,"",Mobile,Chrome 149.0
QO3hXQgJAcw,QO3hXPsX8Ww,false,Anonymous,Guest,03:34:40 AM,26/06/2026,false,03:34:40 AM,26/06/2026,"",true,true,5.26,1/19,en,[1],false,"",0,"","","","","","","","","","","","","",[],[],[],"","","",[],[],[],"","","","","","",0,0,0,0,0,0,0,0,0,0,0,0,0,0,0,0,0,"",Mobile,Chrome 149.0
QO4H-zlk9xI,QO4H-zJnp2E,false,Anonymous,Guest,04:22:43 AM,26/06/2026,false,04:22:43 AM,26/06/2026,"",true,false,"","",en,"",false,"",15,About 30–60 minutes a week,Dance or movement,Relaxing or reducing stress,5,5,4,4,5,4,4,4,Sometimes,Very important,[],[],"[""Problem-solving ||| Speaking up ||| Leadership ||| Social Connections ||| Focus ||| Handling stress ||| Teamwork ||| Confidence""]",Very confident,Difficult,Cost,[],[],"[""make me feel comfortable asking them for help ||| make me feel included ||| help create safe environments ||| help me feel more confident ||| positively influence my experience""]",Not really,Feeling welcome ||| Free or low-cost activities ||| Supportive coaches,Sometimes,1999-06-01,Uganda,Female,20,20,14,55,15,17,27,15,11,11,25,11,26,17,0,0,0,"",Mobile,Chrome 149.0
QO4qFxXKMzQ,QO4qFwIG0r4,false,Anonymous,Guest,04:58:32 AM,26/06/2026,false,04:58:32 AM,26/06/2026,"",true,false,"","",en,"",false,waves-for-change,14,About 1–2 hours a week,Gym or exercise,Feeling healthy or strong,4,5,5,3,3,2,2,2,"Yes, a lot",Very important,[],[],"[""Handling stress ||| Leadership ||| Teamwork ||| Speaking up ||| Focus ||| Problem-solving ||| Confidence ||| Social Connections""]",Confident,Quite easy,"",[],[],"[""help me feel more confident ||| make me feel comfortable asking them for help ||| make me feel included ||| positively influence my experience ||| help create safe environments""]","Yes, a lot",Better places to play ||| Fun social activities ||| Free or low-cost activities,Sometimes,1973-02-01,South Africa,Female,11,16,11,42,10,6,24,8,7,0,17,6,14,18,0,0,0,"",Mobile,Safari 604.1
QO44T2xT9ng,QO44T2G5hGg,false,Anonymous,Guest,05:14:53 AM,26/06/2026,false,05:14:54 AM,26/06/2026,"",true,true,100.00,19/19,en,"[1, 2, 3, 4, 5, 6, 7, 8, 9, 10, 12, 13, 14, 15, 16, 17, 18, 19]",false,"",14,About 1–2 hours a week,I don’t regularly take part,Feeling healthy or strong,1,3,1,3,4,1,4,2,Sometimes,Quite important,"[""Problem-solving ||| Teamwork ||| Leadership ||| Speaking up ||| Focus ||| Social Connections""]",[],"[""Confidence ||| Handling stress""]",Not confident at all,Quite easy,"","[""make me feel included ||| positively influence my experience ||| make me feel comfortable asking them for help""]",[],"[""help me feel more confident ||| help create safe environments""]",Not at all,More choice in activities ||| Supportive coaches ||| Feeling welcome,Rarely,Invalid date,Japan,Female,31,36,26,39,10,6,20,10,7,0,19,11,17,10,0,0,0,"",Desktop,Safari 605.1
QO5zuyi9OyY,QO5zuyCGD3w,false,Anonymous,Guest,06:15:42 AM,26/06/2026,false,"","","",true,false,"","",en,"",false,"",3,2+ hours a week,I don’t regularly take part,Relaxing or reducing stress,"","","","","","","","","","",[],[],[],"","","",[],[],[],"","","","","","",21,13,13,0,0,0,0,0,0,0,0,0,0,0,0,0,0,"",Mobile,Chrome 148.0
QO540bbyKkQ,QO540aomvV8,false,Anonymous,Guest,06:25:00 AM,26/06/2026,false,06:25:01 AM,26/06/2026,"",true,true,100.00,19/19,en,"[1, 2, 3, 4, 5, 6, 7, 8, 9, 10, 12, 13, 14, 15, 16, 17, 18, 19]",false,"",14,2+ hours a week,Gym or exercise,Relaxing or reducing stress,3,3,3,2,3,2,2,3,Very little,Neutral,[],[],"[""Social Connections ||| Handling stress ||| Confidence ||| Leadership ||| Focus ||| Speaking up ||| Teamwork ||| Problem-solving""]",Confident,Quite easy,"",[],[],"[""make me feel included ||| help me feel more confident ||| help create safe environments ||| positively influence my experience ||| make me feel comfortable asking them for help""]",A little,Fun social activities ||| Feeling welcome ||| More choice in activities,Often,1994-08-01,India,Female,16,29,18,50,11,5,25,11,8,0,13,9,29,8,0,0,0,"",Desktop,Chrome 149.0
QO6FB6O63cI,QO6FB5t6Xr4,false,Anonymous,Guest,06:40:53 AM,26/06/2026,false,06:40:54 AM,26/06/2026,"",true,true,100.00,19/19,en,"[1, 2, 3, 4, 5, 6, 7, 8, 9, 10, 12, 13, 14, 15, 16, 17, 18, 19]",false,waves-for-change,14,2+ hours a week,Dance or movement,Feeling healthy or strong,5,5,5,4,5,5,5,5,Sometimes,Very important,[],[],"[""Handling stress ||| Social Connections ||| Confidence ||| Problem-solving ||| Speaking up ||| Leadership ||| Teamwork ||| Focus""]",Confident,Quite easy,"",[],[],"[""help me feel more confident ||| help create safe environments ||| make me feel included ||| positively influence my experience ||| make me feel comfortable asking them for help""]",A little,Supportive coaches ||| More choice in activities ||| Better places to play,Rarely,2013-09-01,South Africa,Female,17,13,28,62,15,14,25,17,16,0,36,11,34,9,0,0,0,"",Mobile,Chrome 149.0
QO6WgXZ55k4,QO6WgWx-DZ0,false,Anonymous,Guest,07:12:31 AM,26/06/2026,false,07:01:08 AM,26/06/2026,"",true,true,100.00,19/19,en,"[""1"", ""2"", ""3"", ""4"", ""5"", ""6"", ""7"", ""8"", ""9"", ""10"", ""11"", ""12"", ""13"", ""14"", ""15"", ""16"", ""17"", ""18"", ""19"", ""19"", ""19"", ""19"", ""19"", ""19"", ""19"", ""19"", ""19"", ""19"", ""19"", ""19"", ""19"", ""19"", ""19"", ""19"", ""19"", ""19"", ""19"", ""19"", ""19"", ""19"", ""19"", ""19"", ""19"", ""19"", ""19"", ""19"", ""19"", ""19"", ""19"", ""19"", ""19"", ""19"", ""19"", ""19"", ""19"", ""19"", ""19"", ""19"", ""19"", ""19"", ""19"", ""19"", ""19"", ""19"", ""19"", ""19"", ""19"", ""19"", ""19"", ""19"", ""19"", ""19"", ""19"", ""19"", ""19"", ""19"", ""19"", ""19"", ""19"", ""19"", ""19"", ""19"", ""19"", ""19"", ""19"", ""19"", ""19"", ""19"", ""19"", ""19"", ""19"", ""19"", ""19"", ""19"", ""19"", ""19"", ""19"", ""19"", ""19"", ""19"", ""19"", ""19"", ""19"", ""19"", ""19"", ""19"", ""19"", ""19"", ""19"", ""19"", ""19"", ""19"", ""19"", ""19"", ""19"", ""19"", ""19"", ""19"", ""19"", ""19"", ""19"", ""19"", ""19"", ""19"", ""19"", ""19"", ""19"", ""19"", ""19"", ""19"", ""19"", ""19"", ""19"", ""19"", ""19"", ""19"", 19]",false,"",1301,About 30–60 minutes a week,Gym or exercise ||| Physical education (PE) or school sport ||| Dance or movement,Relaxing or reducing stress,5,2,3,5,5,2,3,5,Sometimes,Very important,[],[],"[""Teamwork ||| Problem-solving ||| Leadership ||| Confidence ||| Focus ||| Speaking up ||| Social Connections ||| Handling stress""]",Slightly confident,Difficult,School or work pressure,"[""make me feel included ||| make me feel comfortable asking them for help""]",[],"[""help me feel more confident ||| help create safe environments ||| positively influence my experience""]","Yes, a lot",Better places to play ||| Fun social activities ||| More choice in activities,Rarely,2008-08-01,Zimbabwe,Female,23,25,20,59,14,7,43,17,16,15,29,10,34,17,0,0,0,"",Desktop,Edge 149.0
QO60X-mMRVk,QO60X-Dc_fg,false,Anonymous,Guest,07:31:58 AM,26/06/2026,false,07:31:59 AM,26/06/2026,"",true,true,100.00,19/19,en,"[1, 2, 3, 4, 5, 6, 7, 8, 9, 10, 12, 13, 14, 15, 16, 17, 18, 19]",false,"",14,2+ hours a week,Dance or movement,Feeling confident,5,5,5,5,5,5,5,5,"Yes, a lot",Very important,[],[],"[""Problem-solving ||| Handling stress ||| Teamwork ||| Focus ||| Social Connections ||| Speaking up ||| Leadership ||| Confidence""]",Very confident,Very easy,"",[],[],"[""make me feel included ||| positively influence my experience ||| make me feel comfortable asking them for help ||| help create safe environments ||| help me feel more confident""]",A little,Free or low-cost activities ||| Fun social activities ||| Better places to play,Often,1998-05-01,Nigeria,Female,26,17,19,46,12,12,23,22,21,0,22,16,91,8,0,0,0,"",Mobile,Chrome 148.0
QO7ejcsQnxU,QO7ejcDLeCY,false,Anonymous,Guest,08:11:15 AM,26/06/2026,false,08:11:15 AM,26/06/2026,"",true,true,5.26,1/19,en,[1],false,waves-for-change,0,"","","","","","","","","","","","","",[],[],[],"","","",[],[],[],"","","","","","",0,0,0,0,0,0,0,0,0,0,0,0,0,0,0,0,0,"",Mobile,Safari 604.1
QO8UQQ861Mw,QO8UQQVbHVA,false,Anonymous,Guest,09:16:35 AM,26/06/2026,false,09:16:35 AM,26/06/2026,"",true,true,47.37,9/19,en,"[1, 2, 3, 4, 5, 6, 7, 8, 9]",false,"",8,2+ hours a week,Online/virtual fitness ||| Dance or movement ||| Gym or exercise,Feeling healthy or strong,3,5,2,3,4,5,1,2,"Yes, a lot",Very important,"[""Focus""]",[],"[""Social Connections ||| Confidence ||| Teamwork ||| Handling stress ||| Problem-solving ||| Leadership ||| Speaking up""]",Not confident at all,"","",[],[],[],"","","","","","",10,12,54,31,5,6,30,169,0,0,0,0,0,0,0,0,0,"",Mobile,Chrome 143.0
QO9B0u3G0cg,QO9B0uOfMOc,false,Anonymous,Guest,10:01:55 AM,26/06/2026,false,10:01:55 AM,26/06/2026,"",true,true,15.79,3/19,en,"[1, 2, 3]",false,"",2,2+ hours a week,Informal play with friends ||| Physical education (PE) or school sport ||| Gym or exercise,"","","","","","","","","","","",[],[],[],"","","",[],[],[],"","","","","","",7,11,0,0,0,0,0,0,0,0,0,0,0,0,0,0,0,"",Desktop,Safari 605.1
QO_hVT-69Mw,QO_hVTEGeuw,false,Anonymous,Guest,11:51:03 AM,26/06/2026,false,11:51:04 AM,26/06/2026,"",true,true,100.00,19/19,en,"[1, 2, 3, 4, 5, 6, 7, 8, 9, 10, 12, 13, 14, 15, 16, 17, 18, 19]",false,waves-for-change,14,About 1–2 hours a week,Informal play with friends ||| Dance or movement,Competing,5,5,5,5,1,1,5,4,"Yes, a lot",Quite important,[],[],"[""Teamwork ||| Speaking up ||| Handling stress ||| Focus ||| Problem-solving ||| Leadership ||| Social Connections ||| Confidence""]",Confident,Quite easy,"",[],[],"[""make me feel comfortable asking them for help ||| help create safe environments ||| help me feel more confident ||| positively influence my experience ||| make me feel included""]",A little,Better places to play ||| More choice in activities ||| Supportive coaches,Often,2011-06-01,South Africa,Female,21,23,21,51,20,15,38,18,11,0,28,17,45,19,0,0,0,"",Mobile,Chrome 149.0
QO_pijKH3Vs,QO_piiiT-SY,false,Anonymous,Guest,11:56:32 AM,26/06/2026,false,11:56:32 AM,26/06/2026,"",true,true,100.00,19/19,en,"[1, 2, 3, 4, 5, 6, 7, 8, 9, 10, 12, 13, 14, 15, 16, 17, 18, 19]",false,unyo-linkedin,14,About 1–2 hours a week,Online/virtual fitness ||| Community sport club ||| Informal play with friends,Learning new skills,"","","",5,"","",5,5,"Yes, a lot",Very important,[],[],"[""Handling stress ||| Focus ||| Speaking up ||| Social Connections ||| Leadership ||| Problem-solving ||| Confidence ||| Teamwork""]",Very confident,Very easy,"",[],[],"[""make me feel comfortable asking them for help ||| make me feel included ||| positively influence my experience ||| help me feel more confident ||| help create safe environments""]","Yes, a lot",Better places to play ||| Free or low-cost activities ||| Fun social activities,Always,1996-01-01,France,Male,26,35,19,25,17,14,22,21,20,0,19,13,18,16,0,0,0,"",Desktop,Chrome 149.0
QO-l03j4CM8,QO-l03F-Z3g,false,Anonymous,Guest,12:58:52 PM,26/06/2026,false,12:58:52 PM,26/06/2026,"",true,true,5.26,1/19,en,[1],false,"",0,"","","","","","","","","","","","","",[],[],[],"","","",[],[],[],"","","","","","",0,0,0,0,0,0,0,0,0,0,0,0,0,0,0,0,0,"",Desktop,Safari 605.1
QPATSgNDyjU,QPATSfh2vK4,false,Anonymous,Guest,01:57:55 PM,26/06/2026,false,01:57:56 PM,26/06/2026,"",true,true,100.00,19/19,en,"[1, 2, 3, 4, 5, 6, 7, 8, 9, 10, 12, 13, 14, 15, 16, 17, 18, 19]",false,waves-for-change,14,2+ hours a week,Physical education (PE) or school sport,Being part of a team,4,5,5,5,5,3,5,4,"Yes, a lot",Very important,"[""Speaking up ||| Leadership""]",[],"[""Teamwork ||| Focus ||| Handling stress ||| Social Connections ||| Confidence ||| Problem-solving""]",Very confident,Very easy,"",[],[],"[""make me feel comfortable asking them for help ||| help create safe environments ||| make me feel included ||| positively influence my experience ||| help me feel more confident""]","Yes, a lot",More choice in activities ||| Feeling welcome ||| Better places to play,Always,2013-12-01,South Africa,Male,42,25,21,77,22,31,56,18,10,0,35,14,58,10,0,0,0,"",Mobile,Chrome 149.0
QPA19VQkRGc,QPA19Unh8cw,false,Anonymous,Guest,02:26:50 PM,26/06/2026,false,02:26:50 PM,26/06/2026,"",true,true,15.79,3/19,en,"[1, 2, 3]",false,"",2,2+ hours a week,Dance or movement ||| Gym or exercise,"","","","","","","","","","","",[],[],[],"","","",[],[],[],"","","","","","",12,10,0,0,0,0,0,0,0,0,0,0,0,0,0,0,0,"",Desktop,Edge 149.0
QPB2XQs5fBc,QPB2XQEcjMo,false,Anonymous,Guest,03:43:15 PM,26/06/2026,false,03:43:15 PM,26/06/2026,"",true,true,100.00,19/19,en,"[1, 2, 3, 4, 5, 6, 7, 8, 9, 10, 12, 13, 14, 15, 16, 17, 18, 19]",false,waves-for-change,14,2+ hours a week,Dance or movement ||| Physical education (PE) or school sport,Feeling confident,4,5,5,5,4,5,4,5,"Yes, a lot",Very important,[],[],"[""Speaking up ||| Teamwork ||| Confidence ||| Focus ||| Problem-solving ||| Handling stress ||| Leadership ||| Social Connections""]",Very confident,Very easy,"",[],[],"[""help me feel more confident ||| help create safe environments ||| make me feel included ||| make me feel comfortable asking them for help ||| positively influence my experience""]","Yes, a lot",More choice in activities ||| Better places to play ||| Supportive coaches,Sometimes,2016-11-01,South Africa,Male,17,26,27,53,11,15,31,26,14,0,26,13,41,27,0,0,0,"",Mobile,Chrome 148.0
QPCPeNmpvtM,QPCPeJ8u-QQ,false,Anonymous,Guest,04:15:09 PM,26/06/2026,false,04:15:09 PM,26/06/2026,"",true,true,100.00,19/19,en,"[1, 2, 3, 4, 5, 6, 7, 8, 9, 10, 12, 13, 14, 15, 16, 17, 18, 19]",false,waves-for-change,14,2+ hours a week,Physical education (PE) or school sport,Learning new skills,4,4,4,5,5,5,4,4,"Yes, a lot",Quite important,[],[],"[""Leadership ||| Teamwork ||| Social Connections ||| Speaking up ||| Focus ||| Problem-solving ||| Handling stress ||| Confidence""]",Confident,Very easy,"",[],[],"[""make me feel included ||| help me feel more confident ||| positively influence my experience ||| help create safe environments ||| make me feel comfortable asking them for help""]","Yes, a lot",Better places to play ||| More choice in activities ||| Supportive coaches,Always,2013-11-01,South Africa,Male,33,15,15,66,13,15,32,24,20,0,21,17,46,249,0,0,0,"",Mobile,Chrome 149.0
QPCqnDH6edE,QPCqnCTtRhI,false,Anonymous,Guest,04:35:29 PM,26/06/2026,false,04:35:29 PM,26/06/2026,"",true,true,31.58,6/19,en,"[1, 2, 3, 4, 5, 6]",false,waves-for-change,5,About 30–60 minutes a week,Physical education (PE) or school sport,Learning new skills,5,5,5,5,5,5,5,5,"Yes, a lot","",[],[],[],"","","",[],[],[],"","","","","","",22,16,12,45,7,0,0,0,0,0,0,0,0,0,0,0,0,"",Mobile,Chrome 126.0
QPDCgRhcR1A,QPDCgRAsuLM,false,Anonymous,Guest,05:03:09 PM,26/06/2026,false,05:03:09 PM,26/06/2026,"",true,true,26.32,5/19,en,"[1, 2, 3, 4, 5]",false,waves-for-change,4,I’m not active at the moment,Informal play with friends,Being part of a team,"","","",3,"","","","","","",[],[],[],"","","",[],[],[],"","","","","","",26,20,22,107,0,0,0,0,0,0,0,0,0,0,0,0,0,"",Mobile,Chrome 138.0
QPDCzx-dE5s,QPDCzxbBHmM,false,Anonymous,Guest,05:32:21 PM,26/06/2026,false,05:32:21 PM,26/06/2026,"",true,true,57.89,11/19,en,"[""1"", ""2"", ""3"", ""4"", ""5"", ""6"", 7, 8, 9, 10, 10, 11]",false,waves-for-change,10,I’m not active at the moment,Informal play with friends,Learning new skills,4,1,3,3,5,3,5,1,"No, I don't take part in sport",Not very important,[],[],"[""Speaking up ||| Focus ||| Problem-solving ||| Teamwork ||| Leadership ||| Social Connections ||| Handling stress ||| Confidence""]",Not confident at all,Very difficult,School or work pressure,"[""help create safe environments ||| make me feel comfortable asking them for help""]",[],"[""positively influence my experience""]","","","","","","",14,26,16,143,149,10,25,25,32,18,23,0,0,0,0,0,0,"",Mobile,Chrome 149.0
QPDk3jwaO8k,QPDk3jJ3c1M,false,Anonymous,Guest,05:37:32 PM,26/06/2026,false,"","","",true,false,"","",en,"",false,"",0,"","","","","","","","","","","","","",[],[],[],"","","",[],[],[],"","","","","","",0,0,0,0,0,0,0,0,0,0,0,0,0,0,0,0,0,"",Desktop,Chrome 149.0
QPECG1cgaGc,QPECG077PzU,false,Anonymous,Guest,06:15:55 PM,26/06/2026,false,06:15:56 PM,26/06/2026,"",true,true,100.00,19/19,en,"[1, 2, 3, 4, 5, 6, 7, 8, 9, 10, 11, 12, 13, 14, 15, 16, 17, 18, 19]",false,waves-for-change,15,Less than 30 minutes a week,Dance or movement,Feeling healthy or strong,3,1,2,3,4,5,1,2,"Yes, a lot",Neutral,"[""Leadership ||| Speaking up""]",[],"[""Confidence ||| Focus ||| Social Connections ||| Teamwork ||| Handling stress ||| Problem-solving""]",Confident,Difficult,School or work pressure,[],[],"[""make me feel included ||| make me feel comfortable asking them for help ||| positively influence my experience ||| help me feel more confident ||| help create safe environments""]",A little,Better places to play ||| Free or low-cost activities ||| More choice in activities,Often,2014-04-01,[OTHER] South Africa,Female,23,14,12,42,14,17,32,13,9,35,16,15,42,9,0,0,0,"",Mobile,Chrome 111.0
QPEJyuOCsks,QPEJytmow98,false,Anonymous,Guest,06:25:49 PM,26/06/2026,false,06:25:49 PM,26/06/2026,"",true,false,"","",en,"",false,unyo-facebook,14,About 1–2 hours a week,Informal play with friends,Relaxing or reducing stress,3,4,4,4,3,5,4,5,"Yes, a lot",Very important,[],[],"[""Leadership ||| Problem-solving ||| Confidence ||| Focus ||| Social Connections ||| Handling stress ||| Teamwork ||| Speaking up""]",Somewhat confident,Quite easy,"",[],[],"[""make me feel included ||| positively influence my experience ||| help create safe environments ||| make me feel comfortable asking them for help ||| help me feel more confident""]",A little,Fun social activities ||| Better places to play ||| Free or low-cost activities,Often,2001-06-01,Bangladesh,Male,27,33,101,70,18,12,26,34,18,0,14,11,47,18,0,0,0,"",Mobile,Chrome 149.0
QPEJJUFhcHI,QPEJJTgEncw,false,Anonymous,Guest,06:26:36 PM,26/06/2026,false,06:26:37 PM,26/06/2026,"",true,true,100.00,19/19,en,"[1, 2, 3, 4, 5, 6, 7, 8, 9, 10, 12, 13, 14, 15, 16, 17, 18, 19]",false,waves-for-change,14,About 1–2 hours a week,Dance or movement ||| Physical education (PE) or school sport ||| Gym or exercise,Feeling healthy or strong,2,2,1,3,3,5,1,2,"Yes, a lot",Very important,"[""Social Connections""]",[],"[""Speaking up ||| Leadership ||| Teamwork ||| Confidence ||| Focus ||| Handling stress ||| Problem-solving""]",Somewhat confident,Very easy,"",[],[],"[""make me feel included ||| make me feel comfortable asking them for help ||| help create safe environments ||| help me feel more confident ||| positively influence my experience""]","Yes, a lot",Supportive coaches ||| Feeling welcome ||| Free or low-cost activities,Sometimes,2011-06-01,South Africa,Female,48,41,28,64,17,16,36,26,15,0,27,21,49,42,0,0,0,"",Mobile,Chrome 149.0
QPEVRY1ddBg,QPEVRYO3vtc,false,Anonymous,Guest,06:39:00 PM,26/06/2026,false,06:39:00 PM,26/06/2026,"",true,true,100.00,19/19,en,"[1, 2, 3, 4, 5, 6, 7, 8, 9, 10, 12, 13, 14, 15, 16, 17, 18, 19]",false,"",14,2+ hours a week,Gym or exercise,Relaxing or reducing stress,2,5,3,4,4,3,5,5,Sometimes,Quite important,"[""Social Connections""]",[],"[""Speaking up ||| Handling stress ||| Confidence ||| Focus ||| Problem-solving ||| Leadership ||| Teamwork""]",Somewhat confident,Quite easy,"",[],[],"[""help me feel more confident ||| make me feel included ||| help create safe environments ||| positively influence my experience ||| make me feel comfortable asking them for help""]",Not sure,Free or low-cost activities ||| Fun social activities ||| Better places to play,Sometimes,1992-11-01,Pakistan,Male,21,38,25,82,15,17,39,20,21,0,35,20,56,17,0,0,0,"",Mobile,Chrome 149.0
QPK_7mdtbnw,QPK_7lqEL5s,false,Anonymous,Guest,02:16:16 AM,27/06/2026,false,"","","",true,false,"","",en,"",false,"",3,About 1–2 hours a week,Community sport club,Relaxing or reducing stress,"","","","","","","","","","",[],[],[],"","","",[],[],[],"","","","","","",6,6,8,0,0,0,0,0,0,0,0,0,0,0,0,0,0,"",Desktop,Chrome 148.0
QPMuHBqTE-w,QPMuHBJGyP0,false,Anonymous,Guest,04:26:58 AM,27/06/2026,false,04:26:58 AM,27/06/2026,"",true,false,"","",en,"",false,unyo-facebook,14,2+ hours a week,Dance or movement ||| Gym or exercise ||| Informal play with friends ||| Community sport club,Having fun,5,5,5,5,5,5,5,5,"Yes, a lot",Very important,[],[],"[""Leadership ||| Problem-solving ||| Teamwork ||| Focus ||| Confidence ||| Social Connections ||| Handling stress ||| Speaking up""]",Very confident,Very easy,"",[],[],"[""make me feel included ||| help create safe environments ||| make me feel comfortable asking them for help ||| help me feel more confident ||| positively influence my experience""]",A little,Fun social activities ||| Feeling welcome ||| Supportive coaches,Always,2001-01-01,"Sudan, South",Female,28,50,45,83,15,16,40,21,14,0,31,19,55,13,0,0,0,"",Mobile,Safari 604.1
QPOMizDKyy0,QPOMiyUn144,false,Anonymous,Guest,06:00:04 AM,27/06/2026,false,06:00:04 AM,27/06/2026,"",true,true,5.26,1/19,en,[1],false,waves-for-change,0,"","","","","","","","","","","","","",[],[],[],"","","",[],[],[],"","","","","","",0,0,0,0,0,0,0,0,0,0,0,0,0,0,0,0,0,"",Mobile,Chrome 147.0
QPO2CnyjVCw,QPO2CnGhHQU,false,Anonymous,Guest,06:48:29 AM,27/06/2026,false,06:48:29 AM,27/06/2026,"",true,true,100.00,19/19,en,"[1, 2, 3, 4, 5, 6, 7, 8, 9, 10, 12, 13, 14, 15, 16, 17, 18, 19]",false,"",14,2+ hours a week,Online/virtual fitness ||| Community sport club ||| Informal play with friends,Spending time with friends,3,2,4,4,4,4,4,4,Sometimes,Quite important,[],[],"[""Handling stress ||| Teamwork ||| Confidence ||| Speaking up ||| Leadership ||| Problem-solving ||| Focus ||| Social Connections""]",Confident,Quite easy,"",[],[],"[""help me feel more confident ||| help create safe environments ||| make me feel included ||| make me feel comfortable asking them for help ||| positively influence my experience""]",A little,Feeling welcome ||| Fun social activities ||| Free or low-cost activities,Often,2007-01-01,India,Male,9,14,24,34,9,3,14,11,5,0,10,8,15,16,0,0,0,"",Mobile,Chrome 149.0
QPPh-MTM8jE,QPPh-Lnnbx4,false,Anonymous,Guest,07:39:04 AM,27/06/2026,false,07:39:05 AM,27/06/2026,"",true,true,100.00,19/19,en,"[1, 2, 3, 4, 5, 6, 7, 8, 9, 10, 11, 12, 13, 14, 15, 16, 17, 18, 19]",false,"",15,2+ hours a week,Informal play with friends ||| Dance or movement,Feeling healthy or strong,4,4,4,4,4,3,3,4,"Yes, a lot",Quite important,"[""Speaking up""]",[],"[""Teamwork ||| Social Connections ||| Confidence ||| Problem-solving ||| Handling stress ||| Leadership ||| Focus""]",Confident,Difficult,Lack of time,"[""positively influence my experience""]",[],"[""make me feel included ||| help me feel more confident ||| help create safe environments ||| make me feel comfortable asking them for help""]",A little,More choice in activities ||| Better places to play ||| Fun social activities,Rarely,1994-12-01,Tanzania,Male,21,31,16,48,9,17,23,25,12,14,22,12,49,9,0,0,0,"",Mobile,Chrome 149.0
QPPo4RuHwv8,QPPo4RSYgdw,false,Anonymous,Guest,07:51:04 AM,27/06/2026,false,07:51:04 AM,27/06/2026,"",true,true,31.58,6/19,en,"[1, 2, 3, 4, 5, 6]",false,"",5,2+ hours a week,Gym or exercise ||| Physical education (PE) or school sport ||| Community sport club,Relaxing or reducing stress,1,2,2,2,2,1,2,2,"Yes, a lot","",[],[],[],"","","",[],[],[],"","","","","","",22,21,18,75,12,0,0,0,0,0,0,0,0,0,0,0,0,"",Desktop,Chrome 149.0
QPRlD1JFXqg,QPRlD0k1xuI,false,Anonymous,Guest,10:05:33 AM,27/06/2026,false,10:05:34 AM,27/06/2026,"",true,true,100.00,19/19,en,"[1, 2, 3, 4, 5, 6, 7, 8, 9, 10, 12, 13, 14, 15, 16, 17, 18, 19]",false,unyo-linkedin,14,2+ hours a week,Gym or exercise ||| Dance or movement ||| Informal play with friends,Relaxing or reducing stress,4,4,4,4,4,4,4,4,Sometimes,Neutral,[],[],"[""Problem-solving ||| Leadership ||| Confidence ||| Handling stress ||| Speaking up ||| Focus ||| Teamwork ||| Social Connections""]",Very confident,Quite easy,"",[],[],"[""help create safe environments ||| make me feel comfortable asking them for help ||| make me feel included ||| positively influence my experience ||| help me feel more confident""]",Not sure,Fun social activities ||| Supportive coaches ||| Feeling welcome,Rarely,2002-11-01,Nigeria,Male,17,26,27,137,77,11,26,9,10,0,26,32,53,12,0,0,0,"",Mobile,Mozilla 5.0
QPS-DPbOZNs,QPS-DO3MCjg,false,Anonymous,Guest,11:38:13 AM,27/06/2026,false,11:38:13 AM,27/06/2026,"",true,true,100.00,19/19,en,"[1, 2, 3, 4, 5, 6, 7, 8, 9, 10, 12, 13, 14, 15, 16, 17, 18, 19]",false,"",14,2+ hours a week,Dance or movement ||| Online/virtual fitness ||| Informal play with friends,Being part of a team,2,1,1,3,5,5,1,2,"Yes, a lot",Very important,[],[],"[""Confidence ||| Teamwork ||| Handling stress ||| Problem-solving ||| Social Connections ||| Focus ||| Speaking up ||| Leadership""]",Very confident,Very easy,"",[],[],"[""make me feel included ||| make me feel comfortable asking them for help ||| help me feel more confident ||| help create safe environments ||| positively influence my experience""]","Yes, a lot",Free or low-cost activities ||| Supportive coaches ||| More choice in activities,Always,2006-03-01,[OTHER] Pakistan,Other,12,17,17,35,4,4,16,10,2,0,8,6,29,2,0,0,0,"",Mobile,Safari 604.1
QPTKsNt5xTE,QPTKsNETqWU,false,Anonymous,Guest,11:47:28 AM,27/06/2026,false,11:47:28 AM,27/06/2026,"",true,true,10.53,2/19,en,"[1, 2]",false,"",1,2+ hours a week,"","","","","","","","","","","","",[],[],[],"","","",[],[],[],"","","","","","",10,0,0,0,0,0,0,0,0,0,0,0,0,0,0,0,0,"",Mobile,Safari 604.1
QPTOF4sKjF4,QPTOF4DR38U,false,Anonymous,Guest,11:55:15 AM,27/06/2026,false,11:55:15 AM,27/06/2026,"",true,false,"","",en,"",false,"",14,About 1–2 hours a week,Informal play with friends,Having fun,4,4,3,4,3,1,3,3,Sometimes,Quite important,"[""Problem-solving ||| Leadership ||| Speaking up""]",[],"[""Confidence ||| Handling stress ||| Social Connections ||| Focus ||| Teamwork""]",Confident,Very easy,"","[""help me feel more confident""]",[],"[""positively influence my experience ||| make me feel comfortable asking them for help ||| make me feel included ||| help create safe environments""]","Yes, a lot",Free or low-cost activities ||| Feeling welcome ||| Fun social activities,Sometimes,2011-08-01,India,Male,8,12,11,48,10,9,25,14,5,0,19,6,24,10,0,0,0,"",Mobile,Safari 604.1
QPTWaSETaqQ,QPTWaRhgi4o,false,Anonymous,Guest,12:00:48 PM,27/06/2026,false,12:00:48 PM,27/06/2026,"",true,true,21.05,4/19,en,"[1, 2, 3, 4]",false,"",3,2+ hours a week,Dance or movement ||| Gym or exercise,Relaxing or reducing stress,"","","","","","","","","","",[],[],[],"","","",[],[],[],"","","","","","",11,18,12,0,0,0,0,0,0,0,0,0,0,0,0,0,0,"",Mobile,Chrome 149.0
QPT6Z3flFeg,QPT6Z2mS_Io,false,Anonymous,Guest,12:43:37 PM,27/06/2026,false,12:43:37 PM,27/06/2026,"",true,true,100.00,19/19,en,"[1, 2, 3, 4, 5, 6, 7, 8, 9, 10, 12, 13, 14, 15, 16, 17, 18, 19]",false,"",14,About 1–2 hours a week,Gym or exercise ||| Online/virtual fitness ||| Community sport club,Feeling healthy or strong,5,5,5,5,5,5,5,5,"Yes, a lot",Very important,[],[],"[""Leadership ||| Focus ||| Social Connections ||| Confidence ||| Speaking up ||| Teamwork ||| Problem-solving ||| Handling stress""]",Very confident,Quite easy,"",[],[],"[""help me feel more confident ||| make me feel included ||| positively influence my experience ||| help create safe environments ||| make me feel comfortable asking them for help""]","Yes, a lot",More choice in activities ||| Better places to play ||| Free or low-cost activities,Often,1997-04-01,Malaysia,Male,21,16,14,16,14,5,16,9,7,0,10,5,34,12,0,0,0,"",Mobile,Chrome 150.0
QPUUZwBGI54,QPUUZvcw9XY,false,Anonymous,Guest,01:12:02 PM,27/06/2026,false,01:12:02 PM,27/06/2026,"",true,true,100.00,19/19,en,"[1, 2, 3, 4, 5, 6, 7, 8, 9, 10, 12, 13, 14, 15, 16, 17, 18, 19]",false,unyo-instagram,14,2+ hours a week,Community sport club,Feeling healthy or strong,"","","",5,"","","",5,"Yes, a lot",Quite important,[],[],"[""Handling stress ||| Problem-solving ||| Leadership ||| Social Connections ||| Teamwork ||| Speaking up ||| Focus ||| Confidence""]",Confident,Quite easy,"",[],[],"[""make me feel included ||| positively influence my experience ||| help me feel more confident ||| help create safe environments ||| make me feel comfortable asking them for help""]",A little,Free or low-cost activities ||| Better places to play ||| Fun social activities,Often,2010-01-01,Denmark,Female,10,23,14,36,7,6,33,8,6,0,13,10,15,8,0,0,0,"",Mobile,Safari 604.1
QPUwoeVQBew,QPUwod9MPXs,false,Anonymous,Guest,01:39:09 PM,27/06/2026,false,01:39:09 PM,27/06/2026,"",true,true,15.79,3/19,en,"[1, 2, 3]",false,waves-for-change,2,About 30–60 minutes a week,Gym or exercise,"","","","","","","","","","","",[],[],[],"","","",[],[],[],"","","","","","",8,12,0,0,0,0,0,0,0,0,0,0,0,0,0,0,0,"",Mobile,Chrome 149.0
QPUtA-s9flo,QPUtA_78UCw,false,Anonymous,Guest,01:53:07 PM,27/06/2026,false,01:53:07 PM,27/06/2026,"",true,true,100.00,19/19,en,"[1, 2, 3, 4, 5, 6, 7, 8, 9, 10, 11, 12, 13, 14, 15, 16, 17, 18, 19]",false,"",15,2+ hours a week,Gym or exercise,Relaxing or reducing stress,1,5,4,4,3,4,4,5,Sometimes,Quite important,"[""Speaking up ||| Problem-solving""]",[],"[""Leadership ||| Social Connections ||| Confidence ||| Teamwork ||| Handling stress ||| Focus""]",Somewhat confident,Difficult,Cost,[],[],"[""make me feel comfortable asking them for help ||| make me feel included ||| help create safe environments ||| help me feel more confident ||| positively influence my experience""]",A little,Better places to play ||| Feeling welcome ||| Fun social activities,Rarely,1998-07-01,Algeria,Female,37,27,486,68,96,14,33,29,18,57,39,15,50,21,0,0,0,"",Desktop,Edge 149.0
QPVXHjHMskI,QPVXHiRbURI,false,Anonymous,Guest,02:24:37 PM,27/06/2026,false,02:23:56 PM,27/06/2026,"",true,true,100.00,19/19,en,"[1, 2, 3, 4, 5, 6, 7, 8, 9, 10, 12, 13, 14, 15, 16, 17, 18, 19]",false,"",14,2+ hours a week,Dance or movement ||| Gym or exercise,Relaxing or reducing stress,2,4,3,5,5,4,5,4,Sometimes,Very important,"[""Social Connections ||| Speaking up""]",[],"[""Handling stress ||| Focus ||| Confidence ||| Teamwork ||| Leadership ||| Problem-solving""]",Somewhat confident,Very easy,"",[],[],"[""positively influence my experience ||| make me feel included ||| help me feel more confident ||| help create safe environments ||| make me feel comfortable asking them for help""]","Yes, a lot",Feeling welcome ||| Better places to play ||| Fun social activities,Sometimes,2009-01-01,India,Female,4,6,10,39,12,7,23,12,13,0,14,5,19,7,0,0,0,"",Mobile,Chrome 149.0
QPZaHej1Si0,QPZaHd5benQ,false,Anonymous,Guest,07:04:27 PM,27/06/2026,false,07:04:27 PM,27/06/2026,"",true,true,31.58,6/19,en,"[1, 2, 3, 4, 5, 6]",false,unyo-instagram,5,2+ hours a week,Gym or exercise,Feeling healthy or strong,5,5,4,5,5,3,3,5,"Yes, a lot","",[],[],[],"","","",[],[],[],"","","","","","",4,12,6,22,7,0,0,0,0,0,0,0,0,0,0,0,0,"",Mobile,Chrome 150.0
QPZUS5Lm6rU,QPZUS4SLUac,false,Anonymous,Guest,07:43:02 PM,27/06/2026,false,07:43:02 PM,27/06/2026,"",true,true,100.00,19/19,en,"[1, 2, 3, 4, 5, 6, 7, 8, 9, 10, 12, 13, 14, 15, 16, 17, 18, 19]",false,"",14,2+ hours a week,Dance or movement ||| Gym or exercise,Relaxing or reducing stress,5,1,2,5,4,3,5,4,"Yes, a lot",Very important,[],[],"[""Focus ||| Teamwork ||| Leadership ||| Problem-solving ||| Handling stress ||| Social Connections ||| Confidence ||| Speaking up""]",Confident,Quite easy,"",[],[],"[""help me feel more confident ||| positively influence my experience ||| help create safe environments ||| make me feel comfortable asking them for help ||| make me feel included""]","Yes, a lot",Fun social activities ||| Free or low-cost activities ||| Supportive coaches,Sometimes,1996-12-01,Saudi Arabia,Female,21,20,30,45,12,7,21,13,13,0,37,9,32,12,0,0,0,"",Desktop,Chrome 148.0
QPbyjy87gLA,QPbyjyGdOUo,false,Anonymous,Guest,09:52:47 PM,27/06/2026,false,09:52:47 PM,27/06/2026,"",true,true,36.84,7/19,en,"[1, 2, 3, 4, 5, 6, 7]",false,"",6,About 1–2 hours a week,I don’t regularly take part,Learning new skills,2,2,2,2,2,2,2,2,"Yes, a lot",Very important,[],[],[],"","","",[],[],[],"","","","","","",18,29,23,64,11,6,0,0,0,0,0,0,0,0,0,0,0,"",Mobile,Chrome 148.0
QPeut_Ab_Ck,QPeut9Qhg_U,false,Anonymous,Guest,01:15:38 AM,28/06/2026,false,01:15:38 AM,28/06/2026,"",true,true,5.26,1/19,en,[1],false,"",0,"","","","","","","","","","","","","",[],[],[],"","","",[],[],[],"","","","","","",0,0,0,0,0,0,0,0,0,0,0,0,0,0,0,0,0,"",Mobile,Chrome 148.0
QPj6UY8ZkP4,QPj6UXx_ywI,false,Anonymous,Guest,07:57:36 AM,28/06/2026,false,07:57:36 AM,28/06/2026,"",true,true,5.26,1/19,en,[1],false,"",0,"","","","","","","","","","","","","",[],[],[],"","","",[],[],[],"","","","","","",0,0,0,0,0,0,0,0,0,0,0,0,0,0,0,0,0,"",Desktop,Chrome 149.0
QPke-n8mQ0o,QPke-nHPOtM,false,Anonymous,Guest,07:57:51 AM,28/06/2026,false,07:57:51 AM,28/06/2026,"",true,true,5.26,1/19,en,[1],false,"",0,"","","","","","","","","","","","","",[],[],[],"","","",[],[],[],"","","","","","",0,0,0,0,0,0,0,0,0,0,0,0,0,0,0,0,0,"",Desktop,Chrome 149.0
QPh3wfeLHQo,QPh3we6yNI0,false,Anonymous,Guest,08:23:17 AM,28/06/2026,false,08:23:17 AM,28/06/2026,"",true,true,100.00,19/19,en,"[1, 2, 3, 4, 5, 6, 7, 8, 9, 10, 12, 13, 14, 15, 16, 17, 18, 19]",false,unyo-instagram,14,2+ hours a week,Informal play with friends,Being part of a team,5,5,5,5,4,5,5,5,"Yes, a lot",Very important,[],[],"[""Teamwork ||| Focus ||| Speaking up ||| Problem-solving ||| Handling stress ||| Social Connections ||| Leadership ||| Confidence""]",Very confident,Quite easy,"",[],[],"[""positively influence my experience ||| make me feel included ||| make me feel comfortable asking them for help ||| help me feel more confident ||| help create safe environments""]",A little,Better places to play ||| Feeling welcome ||| Free or low-cost activities,Always,2007-09-01,Pakistan,Female,8,25,25,42,16,11,15,13,9,0,16,14,22,15,0,0,0,"",Desktop,Chrome 149.0
QPlNAObyc2s,QPlNANxxGgk,false,Anonymous,Guest,09:07:41 AM,28/06/2026,false,09:07:43 AM,28/06/2026,"",true,true,100.00,19/19,en,"[""1"", ""2"", ""3"", ""4"", ""5"", ""6"", ""7"", ""8"", ""9"", 10, 11, 12, 13, 14, 15, 16, 17, 18, 19]",false,waves-for-change,15,About 1–2 hours a week,Informal play with friends,Feeling healthy or strong,5,5,2,5,5,5,5,5,"Yes, a lot",Very important,"[""Handling stress""]",[],"[""Social Connections ||| Confidence ||| Speaking up ||| Problem-solving ||| Leadership ||| Teamwork ||| Focus""]",Very confident,No access,Not interested in sport,[],[],"[""help create safe environments ||| positively influence my experience ||| make me feel included ||| help me feel more confident ||| make me feel comfortable asking them for help""]","Yes, a lot",Feeling welcome ||| Better places to play ||| Supportive coaches,Never,2015-11-01,[OTHER] South Africa,Other,30,51,53,61,22,40,202,45,19,59,69,31,74,16,0,0,0,"",Mobile,Chrome 114.0
QPlv9G8Y_0Q,QPlv9GGhlIc,false,Anonymous,Guest,09:26:20 AM,28/06/2026,false,09:26:20 AM,28/06/2026,"",true,true,5.26,1/19,en,[1],false,waves-for-change,0,2+ hours a week,"","","","","","","","","","","","",[],[],[],"","","",[],[],[],"","","","","","",30,0,0,0,0,0,0,0,0,0,0,0,0,0,0,0,0,"",Mobile,Chrome 147.0
QPl1wssUe3c,QPl1wsQfQkM,false,Anonymous,Guest,09:41:24 AM,28/06/2026,false,09:41:24 AM,28/06/2026,"",true,true,100.00,19/19,en,"[1, 2, 3, 4, 5, 6, 7, 8, 9, 10, 12, 13, 14, 15, 16, 17, 18, 19]",false,waves-for-change,14,2+ hours a week,Physical education (PE) or school sport,Feeling confident,3,1,2,3,4,5,1,4,"Yes, a lot",Very important,[],[],"[""Leadership ||| Social Connections ||| Teamwork ||| Handling stress ||| Speaking up ||| Focus ||| Confidence ||| Problem-solving""]",Very confident,Very easy,"",[],[],"[""make me feel included ||| positively influence my experience ||| make me feel comfortable asking them for help ||| help me feel more confident ||| help create safe environments""]","Yes, a lot",More choice in activities ||| Feeling welcome ||| Supportive coaches,Always,2013-04-01,South Africa,Other,14,33,31,177,12,14,35,24,6,0,15,20,40,7,0,0,0,"",Mobile,Chrome 147.0
QPrmiAUvxh8,QPrmh-hsCsI,false,Anonymous,Guest,04:21:57 PM,28/06/2026,false,04:21:58 PM,28/06/2026,"",true,true,100.00,19/19,en,"[1, 2, 3, 4, 5, 6, 7, 8, 9, 10, 12, 13, 14, 15, 16, 17, 18, 19]",false,"",14,About 1–2 hours a week,Gym or exercise,Learning new skills,4,3,4,3,3,4,4,5,"Yes, a lot",Very important,[],[],"[""Focus ||| Problem-solving ||| Confidence ||| Leadership ||| Teamwork ||| Speaking up ||| Handling stress ||| Social Connections""]",Somewhat confident,Quite easy,"",[],[],"[""help me feel more confident ||| make me feel included ||| help create safe environments ||| make me feel comfortable asking them for help ||| positively influence my experience""]","Yes, a lot",Feeling welcome ||| Free or low-cost activities ||| Better places to play,Rarely,1993-07-01,Zambia,Male,35,28,20,44,17,7,27,24,10,0,20,12,50,10,0,0,0,"",Mobile,Chrome 143.0
QPt5S8Jz3qU,QPt5S7d88mE,false,Anonymous,Guest,07:02:59 PM,28/06/2026,false,07:00:57 PM,28/06/2026,"",true,true,100.00,19/19,en,"[1, 2, 3, 4, 5, 6, 7, 8, 9, 10, 12, 13, 14, 15, 16, 17, 18, 19]",false,"",14,2+ hours a week,Physical education (PE) or school sport,Competing,5,2,4,5,5,5,5,5,Sometimes,Neutral,"[""Problem-solving""]",[],"[""Focus ||| Handling stress ||| Speaking up ||| Leadership ||| Teamwork ||| Confidence ||| Social Connections""]",Confident,Very easy,"",[],[],"[""make me feel comfortable asking them for help ||| help create safe environments ||| help me feel more confident ||| positively influence my experience ||| make me feel included""]",A little,Fun social activities ||| Supportive coaches ||| Better places to play,Always,2004-07-01,Pakistan,Male,23,12,17,40,12,13,25,20,17,0,26,13,19,18,0,0,0,"",Mobile,Chrome 149.0
QPWZIRs0oOA,QPWZIQ9M5vo,false,Anonymous,Guest,11:35:03 PM,28/06/2026,false,11:35:03 PM,28/06/2026,"",true,true,21.05,4/19,en,"[1, 2, 3, 4]",false,unyo-linkedin,3,About 1–2 hours a week,Gym or exercise ||| Dance or movement ||| Community sport club,Having fun,"","","","","","","","","","",[],[],[],"","","",[],[],[],"","","","","","",49,18,115175,0,0,0,0,0,0,0,0,0,0,0,0,0,0,"",Desktop,Edge 149.0
QP01On6VMeo,QP01OnXI0vk,false,Anonymous,Guest,03:03:58 AM,29/06/2026,false,03:03:58 AM,29/06/2026,"",true,true,5.26,1/19,en,[1],false,"",0,"","","","","","","","","","","","","",[],[],[],"","","",[],[],[],"","","","","","",0,0,0,0,0,0,0,0,0,0,0,0,0,0,0,0,0,"",Mobile,Chrome 149.0
QP6AWlhQqeg,QP6AWk0dkpA,false,Anonymous,Guest,09:05:32 AM,29/06/2026,false,09:05:32 AM,29/06/2026,"",true,true,73.68,14/19,en,"[1, 2, 3, 4, 5, 6, 7, 8, 9, 10, 12, 13, 14]",false,"",12,2+ hours a week,Gym or exercise,Feeling confident,1,4,3,3,5,1,4,2,"Yes, a lot",Very important,"[""Speaking up ||| Leadership ||| Teamwork""]",[],"[""Social Connections ||| Confidence ||| Handling stress ||| Problem-solving ||| Focus""]",Very confident,Very easy,"",[],[],"[""make me feel comfortable asking them for help ||| make me feel included ||| help create safe environments ||| positively influence my experience ||| help me feel more confident""]",Not really,Better places to play ||| Feeling welcome ||| Supportive coaches,"","","","",10,15,19,43,7,7,34,9,6,0,15,7,17,0,0,0,0,"",Desktop,Chrome 148.0
QP_UakjSrhg,QP_UakEvpBg,false,Anonymous,Guest,02:07:32 PM,29/06/2026,false,02:07:32 PM,29/06/2026,"",true,true,31.58,6/19,en,"[1, 2, 3, 4, 5, 6]",false,waves-for-change,5,About 1–2 hours a week,Community sport club,Learning new skills,3,5,4,4,4,5,4,4,Sometimes,"",[],[],[],"","","",[],[],[],"","","","","","",27,40,25,77,21,0,0,0,0,0,0,0,0,0,0,0,0,"",Mobile,Chrome 149.0
QP_VgMQl9js,QP_VgK-JhMg,false,Anonymous,Guest,02:09:30 PM,29/06/2026,false,02:09:30 PM,29/06/2026,"",true,true,100.00,19/19,en,"[1, 2, 3, 4, 5, 6, 7, 8, 9, 10, 11, 12, 13, 14, 15, 16, 17, 18, 19]",false,"",15,2+ hours a week,Gym or exercise ||| Dance or movement ||| Informal play with friends ||| Online/virtual fitness,Feeling healthy or strong,5,4,4,3,3,3,4,4,"Yes, a lot",Quite important,[],[],"[""Problem-solving ||| Social Connections ||| Leadership ||| Focus ||| Teamwork ||| Confidence ||| Handling stress ||| Speaking up""]",Very confident,Difficult,Cost,"[""make me feel comfortable asking them for help""]",[],"[""help me feel more confident ||| make me feel included ||| help create safe environments ||| positively influence my experience""]",Not really,Free or low-cost activities ||| More choice in activities ||| Supportive coaches,Sometimes,2002-04-01,Peru,Female,5,40,21,34,6,4,17,9,5,9,17,5,32,5,0,0,0,"",Mobile,Safari 604.1
QP_YiuyOpK8,QP_YiuQAsXc,false,Anonymous,Guest,02:14:51 PM,29/06/2026,false,02:14:52 PM,29/06/2026,"",true,true,100.00,19/19,en,"[1, 2, 3, 4, 5, 6, 7, 8, 9, 10, 12, 13, 14, 15, 16, 17, 18, 19]",false,waves-for-change,14,2+ hours a week,Physical education (PE) or school sport,Having fun,4,4,4,4,4,4,4,5,"Yes, a lot",Quite important,[],[],"[""Leadership ||| Social Connections ||| Speaking up ||| Handling stress ||| Problem-solving ||| Focus ||| Teamwork ||| Confidence""]",Confident,Quite easy,"",[],[],"[""make me feel comfortable asking them for help ||| help me feel more confident ||| make me feel included ||| positively influence my experience ||| help create safe environments""]","Yes, a lot",More choice in activities ||| Free or low-cost activities ||| Better places to play,Often,2014-04-01,South Africa,Male,27,22,19,65,15,13,36,14,30,0,19,10,25,9,0,0,0,"",Mobile,Chrome 141.0
QP_cGGDzBoQ,QP_cGFZrD34,false,Anonymous,Guest,02:17:55 PM,29/06/2026,false,02:17:55 PM,29/06/2026,"",true,true,100.00,19/19,en,"[1, 2, 3, 4, 5, 6, 7, 8, 9, 10, 12, 13, 14, 15, 16, 17, 18, 19]",false,waves-for-change,14,About 1–2 hours a week,Dance or movement,Learning new skills,4,4,5,5,4,4,5,5,Sometimes,Neutral,"[""Handling stress""]",[],"[""Problem-solving ||| Social Connections ||| Focus ||| Teamwork ||| Confidence ||| Leadership ||| Speaking up""]",Somewhat confident,Quite easy,"","[""help me feel more confident""]",[],"[""make me feel comfortable asking them for help ||| make me feel included ||| help create safe environments ||| positively influence my experience""]",A little,Better places to play ||| Supportive coaches ||| Free or low-cost activities,Often,2009-10-01,[OTHER] South African,Female,25,14,11,38,8,10,34,16,33,0,22,19,28,8,0,0,0,"",Mobile,Chrome 148.0
QP_T7m03qJc,QP_T7mOV4ig,false,Anonymous,Guest,02:21:24 PM,29/06/2026,false,02:21:25 PM,29/06/2026,"",true,true,100.00,19/19,en,"[""1"", 2, 3, 4, 5, 6, 7, 8, 9, 10, 12, 13, 14, 15, 16, 17, 18, 19]",false,waves-for-change,14,About 30–60 minutes a week,Community sport club,Learning new skills,5,5,4,5,4,5,4,5,Sometimes,Quite important,"[""Handling stress""]",[],"[""Focus ||| Leadership ||| Social Connections ||| Teamwork ||| Confidence ||| Speaking up ||| Problem-solving""]",Confident,Quite easy,"","[""make me feel included""]",[],"[""help me feel more confident ||| make me feel comfortable asking them for help ||| positively influence my experience ||| help create safe environments""]","Yes, a lot",Supportive coaches ||| Better places to play ||| Feeling welcome,Sometimes,2014-05-01,South Africa,Male,138,27,12,83,47,25,42,30,39,0,67,17,57,39,0,0,0,"",Mobile,Chrome 149.0
QP_jNd4WZ1M,QP_jNddSENw,false,Anonymous,Guest,02:23:54 PM,29/06/2026,false,02:23:54 PM,29/06/2026,"",true,true,100.00,19/19,en,"[1, 2, 3, 4, 5, 6, 7, 8, 9, 10, 12, 13, 14, 15, 16, 17, 18, 19]",false,waves-for-change,14,2+ hours a week,Community sport club,Being part of a team,2,4,1,5,5,4,5,4,"Yes, a lot",Very important,"[""Speaking up""]",[],"[""Problem-solving ||| Leadership ||| Confidence ||| Teamwork ||| Social Connections ||| Handling stress ||| Focus""]",Very confident,Very easy,"",[],[],"[""help create safe environments ||| make me feel comfortable asking them for help ||| positively influence my experience ||| help me feel more confident ||| make me feel included""]","Yes, a lot",Better places to play ||| Fun social activities ||| Supportive coaches,Always,2012-10-01,South Africa,Male,15,14,16,41,10,5,22,13,4,0,14,8,23,4,0,0,0,"",Mobile,Chrome 149.0
QP_mEHfIS6U,QP_mEGlu7HE,false,Anonymous,Guest,02:29:50 PM,29/06/2026,false,02:28:33 PM,29/06/2026,"",true,true,100.00,19/19,en,"[1, 2, 3, 4, 5, 6, 7, 8, 9, 10, 12, 13, 14, 15, 16, 17, 18, 19]",false,waves-for-change,14,About 1–2 hours a week,Physical education (PE) or school sport ||| Community sport club,Having fun,5,5,5,5,5,5,5,5,"Yes, a lot",Very important,"[""Handling stress ||| Leadership""]",[],"[""Problem-solving ||| Focus ||| Teamwork ||| Speaking up ||| Social Connections ||| Confidence""]",Somewhat confident,Very easy,"",[],[],"[""help me feel more confident ||| make me feel comfortable asking them for help ||| help create safe environments ||| positively influence my experience ||| make me feel included""]","Yes, a lot",Better places to play ||| Supportive coaches ||| Fun social activities,Sometimes,2015-02-01,South Africa,Male,11,53,13,73,11,5,22,8,6,0,19,9,27,9,0,0,0,"",Mobile,Chrome 130.0
QP_we1QWBmE,QP_we0sszC4,false,Anonymous,Guest,02:34:36 PM,29/06/2026,false,02:34:36 PM,29/06/2026,"",true,true,5.26,1/19,en,[1],false,waves-for-change,0,"","","","","","","","","","","","","",[],[],[],"","","",[],[],[],"","","","","","",0,0,0,0,0,0,0,0,0,0,0,0,0,0,0,0,0,"",Mobile,Chrome 143.0
QP-cXLPNQTo,QP-cXKy7mWM,false,Anonymous,Guest,03:26:34 PM,29/06/2026,false,03:26:34 PM,29/06/2026,"",true,true,31.58,6/19,en,"[1, 2, 3, 4, 5, 6]",false,waves-for-change,4,About 30–60 minutes a week,"",Learning new skills,5,5,5,5,5,5,5,5,"Yes, a lot","",[],[],[],"","","",[],[],[],"","","","","","",85,0,28,65,21,0,0,0,0,0,0,0,0,0,0,0,0,"",Mobile,Chrome 149.0
QP-TPvUcxec,QP-TPumjqfQ,false,Anonymous,Guest,03:27:45 PM,29/06/2026,false,03:27:46 PM,29/06/2026,"",true,true,100.00,19/19,en,"[1, 2, 3, 4, 5, 6, 7, 8, 9, 10, 11, 12, 13, 14, 15, 16, 17, 18, 19]",false,waves-for-change,15,2+ hours a week,Dance or movement ||| Physical education (PE) or school sport ||| Informal play with friends,Learning new skills,5,5,5,4,4,5,4,5,"Yes, a lot",Quite important,"[""Leadership""]",[],"[""Handling stress ||| Focus ||| Speaking up ||| Teamwork ||| Confidence ||| Social Connections ||| Problem-solving""]",Somewhat confident,Difficult,Lack of time,[],[],"[""help create safe environments ||| help me feel more confident ||| make me feel comfortable asking them for help ||| positively influence my experience ||| make me feel included""]",Not sure,Feeling welcome ||| More choice in activities ||| Fun social activities,Rarely,2014-12-01,South Africa,Female,19,63,25,78,17,24,89,26,38,26,44,21,66,237,0,0,0,"",Mobile,Chrome 149.0
QP-5-k2h4XI,QP-5-jzaf3I,false,Anonymous,Guest,03:54:45 PM,29/06/2026,false,03:54:45 PM,29/06/2026,"",true,true,5.26,1/19,en,[1],false,"",0,"","","","","","","","","","","","","",[],[],[],"","","",[],[],[],"","","","","","",0,0,0,0,0,0,0,0,0,0,0,0,0,0,0,0,0,"",Desktop,Chrome 148.0
QP-wGEi0Kr8,QP-wGD8h6l4,false,Anonymous,Guest,03:57:46 PM,29/06/2026,false,03:57:46 PM,29/06/2026,"",true,true,100.00,19/19,en,"[1, 2, 3, 4, 5, 6, 7, 8, 9, 10, 12, 13, 14, 15, 16, 17, 18, 19]",false,waves-for-change,14,About 30–60 minutes a week,Gym or exercise,Feeling confident,"",4,"","","","","","",Very little,Very important,"[""Handling stress ||| Speaking up""]",[],"[""Leadership ||| Problem-solving ||| Teamwork ||| Focus ||| Social Connections ||| Confidence""]",Very confident,Quite easy,"",[],[],"[""make me feel included ||| positively influence my experience ||| help create safe environments ||| help me feel more confident ||| make me feel comfortable asking them for help""]","Yes, a lot",Free or low-cost activities ||| Supportive coaches ||| Better places to play,Always,1988-03-01,South Africa,Female,58,21,238,226,92,20,29,21,23,0,26,13,50,85,0,0,0,"",Mobile,Chrome 143.0
QQAvN7HPmI0,QQAvN6cv2os,false,Anonymous,Guest,04:57:15 PM,29/06/2026,false,04:57:16 PM,29/06/2026,"",true,true,100.00,19/19,en,"[1, 2, 3, 4, 5, 6, 7, 8, 9, 10, 12, 13, 14, 15, 16, 17, 18, 19]",false,"",14,2+ hours a week,Physical education (PE) or school sport ||| Dance or movement ||| Gym or exercise ||| Community sport club,Learning new skills,4,4,4,4,3,1,5,3,"Yes, a lot",Very important,[],[],"[""Social Connections ||| Speaking up ||| Problem-solving ||| Confidence ||| Leadership ||| Focus ||| Teamwork ||| Handling stress""]",Very confident,Quite easy,"",[],[],"[""help create safe environments ||| make me feel comfortable asking them for help ||| help me feel more confident ||| positively influence my experience ||| make me feel included""]","Yes, a lot",More choice in activities ||| Free or low-cost activities ||| Feeling welcome,Always,2002-12-01,Kenya,Male,13,12,18,28,11,10,22,9,15,0,11,11,27,15,0,0,0,"",Mobile,Safari 604.1
QQA4ENMKS4E,QQA4EMmT84Q,false,Anonymous,Guest,05:06:54 PM,29/06/2026,false,05:06:54 PM,29/06/2026,"",true,true,100.00,19/19,en,"[1, 2, 3, 4, 5, 6, 7, 8, 9, 10, 12, 13, 14, 15, 16, 17, 18, 19]",false,"",14,2+ hours a week,Community sport club ||| Gym or exercise ||| Informal play with friends ||| Physical education (PE) or school sport,Feeling healthy or strong,5,5,5,5,5,5,5,5,"Yes, a lot",Very important,[],[],"[""Social Connections ||| Handling stress ||| Focus ||| Leadership ||| Problem-solving ||| Speaking up ||| Confidence ||| Teamwork""]",Very confident,Quite easy,"",[],[],"[""help create safe environments ||| positively influence my experience ||| help me feel more confident ||| make me feel included ||| make me feel comfortable asking them for help""]","Yes, a lot",Better places to play ||| Feeling welcome ||| Free or low-cost activities,Always,1989-12-01,Nigeria,Male,11,22,20,31,9,7,17,10,7,0,14,8,13,7,0,0,0,"",Mobile,Safari 604.1
QQBJSyGeFow,QQBJSxZ6evs,false,Anonymous,Guest,05:21:23 PM,29/06/2026,false,05:21:23 PM,29/06/2026,"",true,true,5.26,1/19,en,[1],false,unyo-instagram,0,"","","","","","","","","","","","","",[],[],[],"","","",[],[],[],"","","","","","",0,0,0,0,0,0,0,0,0,0,0,0,0,0,0,0,0,"",Mobile,Chrome 149.0
QQBLzPADEQw,QQBLzObqkSg,false,Anonymous,Guest,05:28:59 PM,29/06/2026,false,05:29:00 PM,29/06/2026,"",true,true,100.00,19/19,en,"[1, 2, 3, 4, 5, 6, 7, 8, 9, 10, 12, 13, 14, 15, 16, 17, 18, 19]",false,"",14,2+ hours a week,Physical education (PE) or school sport ||| Community sport club ||| Informal play with friends ||| Gym or exercise ||| Dance or movement,Spending time with friends,4,4,5,5,5,4,5,5,"Yes, a lot",Very important,[],[],"[""Leadership ||| Confidence ||| Problem-solving ||| Teamwork ||| Handling stress ||| Focus ||| Speaking up ||| Social Connections""]",Very confident,Quite easy,"",[],[],"[""make me feel comfortable asking them for help ||| make me feel included ||| help me feel more confident ||| positively influence my experience ||| help create safe environments""]","Yes, a lot",More choice in activities ||| Free or low-cost activities ||| Better places to play,Rarely,1996-02-01,Uganda,Male,14,16,13,37,7,21,20,13,20,0,17,6,31,15,0,0,0,"",Mobile,Safari 604.1
QQBXPwCJjLk,QQBXPvf69pk,false,Anonymous,Guest,05:37:00 PM,29/06/2026,false,05:37:00 PM,29/06/2026,"",true,true,15.79,3/19,en,"[1, 2, 3]",false,"",2,2+ hours a week,Gym or exercise,"","","","","","","","","","","",[],[],[],"","","",[],[],[],"","","","","","",14,11,0,0,0,0,0,0,0,0,0,0,0,0,0,0,0,"",Mobile,Safari 604.1
QQBU1l6iKOk,QQBU1lQ3a54,false,Anonymous,Guest,05:37:47 PM,29/06/2026,false,05:37:47 PM,29/06/2026,"",true,true,100.00,19/19,en,"[1, 2, 3, 4, 5, 6, 7, 8, 9, 10, 11, 12, 13, 14, 15, 16, 17, 18, 19]",false,"",15,Less than 30 minutes a week,Community sport club ||| Dance or movement ||| Online/virtual fitness ||| Gym or exercise,Feeling healthy or strong,4,3,3,4,3,2,2,4,Sometimes,Quite important,[],[],"[""Leadership ||| Social Connections ||| Confidence ||| Problem-solving ||| Speaking up ||| Handling stress ||| Teamwork ||| Focus""]",Confident,Very difficult,Cost,[],[],"[""make me feel comfortable asking them for help ||| positively influence my experience ||| help me feel more confident ||| make me feel included ||| help create safe environments""]",Not sure,Better places to play ||| Supportive coaches ||| Free or low-cost activities,Rarely,2002-01-01,Kenya,Female,10,10,8,38,9,6,37,17,6,5,12,7,29,6,0,0,0,"",Mobile,Chrome 149.0
QQBaQ6AEu-E,QQBaQ4ipsAY,false,Anonymous,Guest,05:43:36 PM,29/06/2026,false,05:43:36 PM,29/06/2026,"",true,true,100.00,19/19,en,"[1, 2, 3, 4, 5, 6, 7, 8, 9, 10, 12, 13, 14, 15, 16, 17, 18, 19]",false,"",14,2+ hours a week,Gym or exercise ||| Community sport club ||| Physical education (PE) or school sport,Having fun,4,5,3,3,2,1,2,3,Sometimes,Quite important,"[""Handling stress ||| Problem-solving""]",[],"[""Speaking up ||| Focus ||| Confidence ||| Teamwork ||| Social Connections ||| Leadership""]",Very confident,Very easy,"","[""positively influence my experience ||| help me feel more confident""]",[],"[""make me feel included ||| make me feel comfortable asking them for help ||| help create safe environments""]",A little,Feeling welcome ||| Fun social activities ||| Better places to play,Sometimes,2008-09-01,Pakistan,Male,8,11,11,38,6,7,19,8,5,0,18,6,12,8,0,0,0,"",Desktop,Chrome 149.0
QQBUx2mlz3s,QQBUx2KJc-I,false,Anonymous,Guest,05:50:34 PM,29/06/2026,false,05:50:34 PM,29/06/2026,"",true,true,100.00,19/19,en,"[1, 2, 3, 4, 5, 6, 7, 8, 9, 10, 11, 12, 13, 14, 15, 16, 17, 18, 19]",false,waves-for-change,15,About 30–60 minutes a week,Physical education (PE) or school sport,Feeling healthy or strong,5,3,4,3,3,5,4,3,Sometimes,Quite important,[],[],"[""Social Connections ||| Handling stress ||| Problem-solving ||| Teamwork ||| Leadership ||| Speaking up ||| Focus ||| Confidence""]",Somewhat confident,Difficult,School or work pressure,[],[],"[""positively influence my experience ||| help create safe environments ||| help me feel more confident ||| make me feel included ||| make me feel comfortable asking them for help""]",Not sure,Fun social activities ||| More choice in activities ||| Better places to play,Rarely,2014-07-01,South Africa,Female,27,19,13,611,13,9,19,10,83,20,17,11,33,12,0,0,0,"",Mobile,Chrome 149.0
QQB_e-pW3Gc,QQB_e-DgY6s,false,Anonymous,Guest,06:19:33 PM,29/06/2026,false,06:19:33 PM,29/06/2026,"",true,true,5.26,1/19,en,[1],false,"",0,"","","","","","","","","","","","","",[],[],[],"","","",[],[],[],"","","","","","",0,0,0,0,0,0,0,0,0,0,0,0,0,0,0,0,0,"",Mobile,Safari 604.1
QQB_8HAmlkA,QQB_8GnLAnM,false,Anonymous,Guest,06:19:57 PM,29/06/2026,false,06:19:57 PM,29/06/2026,"",true,true,5.26,1/19,en,[1],false,"",0,"","","","","","","","","","","","","",[],[],[],"","","",[],[],[],"","","","","","",0,0,0,0,0,0,0,0,0,0,0,0,0,0,0,0,0,"",Mobile,Safari 604.1
QQB861aEWJA,QQB860c02Gw,false,Anonymous,Guest,06:26:56 PM,29/06/2026,false,06:26:56 PM,29/06/2026,"",true,true,100.00,19/19,en,"[1, 2, 3, 4, 5, 6, 7, 8, 9, 10, 12, 13, 14, 15, 16, 17, 18, 19]",false,waves-for-change,14,About 30–60 minutes a week,Physical education (PE) or school sport,Spending time with friends,3,3,3,4,3,4,3,4,Sometimes,Quite important,[],[],"[""Teamwork ||| Focus ||| Confidence ||| Handling stress ||| Social Connections ||| Problem-solving ||| Leadership ||| Speaking up""]",Very confident,Quite easy,"",[],[],"[""make me feel included ||| make me feel comfortable asking them for help ||| help me feel more confident ||| help create safe environments ||| positively influence my experience""]","Yes, a lot",More choice in activities ||| Free or low-cost activities ||| Better places to play,Sometimes,2013-04-01,South Africa,Male,69,19,22,64,20,84,33,13,16,0,34,13,28,20,0,0,0,"",Mobile,Chrome 149.0
QQCLbforVtQ,QQCLbfAEVQs,false,Anonymous,Guest,06:37:36 PM,29/06/2026,false,06:37:36 PM,29/06/2026,"",true,true,100.00,19/19,en,"[1, 2, 3, 4, 5, 6, 7, 8, 9, 10, 12, 13, 14, 15, 16, 17, 18, 19]",false,"",14,2+ hours a week,Informal play with friends ||| Community sport club ||| Dance or movement ||| Online/virtual fitness,Being part of a team,5,5,5,5,5,5,5,5,"Yes, a lot",Very important,[],[],"[""Problem-solving ||| Speaking up ||| Social Connections ||| Teamwork ||| Confidence ||| Focus ||| Leadership ||| Handling stress""]",Very confident,Very easy,"",[],[],"[""help create safe environments ||| make me feel comfortable asking them for help ||| help me feel more confident ||| positively influence my experience ||| make me feel included""]","Yes, a lot",Feeling welcome ||| Supportive coaches ||| Fun social activities,Always,1998-10-01,United States,Female,25,16,19,27,5,8,20,10,7,0,12,7,15,5,0,0,0,"",Mobile,Safari 604.1
QQCW3y4IRDY,QQCW3yG2sjc,false,Anonymous,Guest,06:47:46 PM,29/06/2026,false,"","","",true,false,"","",en,"",false,"",5,I’m not active at the moment,I don’t regularly take part,Relaxing or reducing stress,3,4,3,4,4,4,4,4,Very little,"",[],[],[],"","","",[],[],[],"","","","","","",24,12,18,32,15,0,0,0,0,0,0,0,0,0,0,0,0,"",Mobile,Chrome 149.0
QQCYFCEAGG0,QQCYFBlYlbo,false,Anonymous,Guest,06:49:48 PM,29/06/2026,false,06:49:33 PM,29/06/2026,"",true,true,100.00,19/19,en,"[1, 2, 3, 4, 5, 6, 7, 8, 9, 10, 12, 13, 14, 15, 16, 17, 18, 19]",false,"",14,2+ hours a week,Community sport club ||| Gym or exercise ||| Physical education (PE) or school sport,Being part of a team,5,5,5,4,3,2,3,2,Sometimes,Very important,[],[],"[""Confidence ||| Teamwork ||| Leadership ||| Social Connections ||| Handling stress ||| Problem-solving ||| Speaking up ||| Focus""]",Somewhat confident,Quite easy,"",[],[],"[""help me feel more confident ||| make me feel comfortable asking them for help ||| make me feel included ||| help create safe environments ||| positively influence my experience""]",A little,Better places to play ||| More choice in activities ||| Free or low-cost activities,Often,2005-08-01,United States,Female,4,10,6,16,3,2,13,6,4,0,9,4,9,4,0,0,0,"",Mobile,Safari 604.1
QQCbIa4i-PQ,QQCbIabP4NI,false,Anonymous,Guest,06:51:03 PM,29/06/2026,false,06:51:02 PM,29/06/2026,"",true,true,5.26,1/19,en,[1],false,waves-for-change,0,"","","","","","","","","","","","","",[],[],[],"","","",[],[],[],"","","","","","",0,0,0,0,0,0,0,0,0,0,0,0,0,0,0,0,0,"",Mobile,Chrome 149.0
QQCaQSOB5x8,QQCaQRwZ8E4,false,Anonymous,Guest,06:51:23 PM,29/06/2026,false,06:51:23 PM,29/06/2026,"",true,true,36.84,7/19,en,"[1, 2, 3, 4, 5, 6, 7]",false,"",6,2+ hours a week,Dance or movement ||| Gym or exercise ||| Physical education (PE) or school sport,Being part of a team,5,5,5,4,4,5,5,3,"Yes, a lot",Very important,[],[],[],"","","",[],[],[],"","","","","","",9,14,16,32,13,8,0,0,0,0,0,0,0,0,0,0,0,"",Mobile,Safari 604.1
QQCbw8jS9gY,QQCbw74Eeik,false,Anonymous,Guest,06:56:04 PM,29/06/2026,false,06:56:04 PM,29/06/2026,"",true,true,100.00,19/19,en,"[1, 2, 3, 4, 5, 6, 7, 8, 9, 10, 12, 13, 14, 15, 16, 17, 18, 19]",false,"",14,About 1–2 hours a week,Informal play with friends,Having fun,3,3,3,2,2,1,1,2,"Yes, a lot",Very important,[],[],"[""Handling stress ||| Speaking up ||| Social Connections ||| Focus ||| Problem-solving ||| Teamwork ||| Confidence ||| Leadership""]",Slightly confident,Quite easy,"",[],[],"[""help me feel more confident ||| make me feel included ||| make me feel comfortable asking them for help ||| positively influence my experience ||| help create safe environments""]",A little,Fun social activities ||| Free or low-cost activities ||| Better places to play,Sometimes,1983-08-01,United States,Female,25,29,16,47,7,6,18,13,5,0,12,6,24,12,0,0,0,"",Desktop,Edge 149.0
QQChbCbeVhU,QQChbByJSHM,false,Anonymous,Guest,06:58:00 PM,29/06/2026,false,06:58:00 PM,29/06/2026,"",true,true,15.79,3/19,en,"[1, 2, 3]",false,"",2,About 1–2 hours a week,Dance or movement ||| Gym or exercise,"","","","","","","","","","","",[],[],[],"","","",[],[],[],"","","","","","",10,8,0,0,0,0,0,0,0,0,0,0,0,0,0,0,0,"",Mobile,Safari 604.1
QQCf3FP60RE,QQCf3EkaVNQ,false,Anonymous,Guest,07:00:56 PM,29/06/2026,false,07:00:56 PM,29/06/2026,"",true,true,100.00,19/19,en,"[1, 2, 3, 4, 5, 6, 7, 8, 9, 10, 12, 13, 14, 15, 16, 17, 18, 19]",false,"",14,2+ hours a week,Community sport club ||| Gym or exercise ||| Informal play with friends,Having fun,4,4,4,5,4,4,4,5,"Yes, a lot",Quite important,[],[],"[""Leadership ||| Speaking up ||| Teamwork ||| Confidence ||| Focus ||| Social Connections ||| Problem-solving ||| Handling stress""]",Very confident,Very easy,"",[],[],"[""make me feel comfortable asking them for help ||| positively influence my experience ||| help create safe environments ||| make me feel included ||| help me feel more confident""]","Yes, a lot",Better places to play ||| More choice in activities ||| Fun social activities,Always,2008-12-01,Canada,Male,6,11,11,16,8,9,14,6,4,0,10,105,11,5,0,0,0,"",Desktop,Chrome 149.0
QQClExYiCSs,QQClEwyazls,false,Anonymous,Guest,07:02:50 PM,29/06/2026,false,07:02:50 PM,29/06/2026,"",true,true,5.26,1/19,en,[1],false,"",0,"","","","","","","","","","","","","",[],[],[],"","","",[],[],[],"","","","","","",0,0,0,0,0,0,0,0,0,0,0,0,0,0,0,0,0,"",Desktop,Chrome 149.0
QQCugvea0AA,QQCugvFsO1U,false,Anonymous,Guest,07:12:00 PM,29/06/2026,false,07:12:00 PM,29/06/2026,"",true,true,5.26,1/19,en,[1],false,unyo-instagram,0,"","","","","","","","","","","","","",[],[],[],"","","",[],[],[],"","","","","","",0,0,0,0,0,0,0,0,0,0,0,0,0,0,0,0,0,"",Desktop,Chrome 149.0
QQDA0IjTCV4,QQDA0IH6HBM,false,Anonymous,Guest,07:32:22 PM,29/06/2026,false,"","","",true,false,"","",en,"",false,"",0,"","","","","","","","","","","","","",[],[],[],"","","",[],[],[],"","","","","","",0,0,0,0,0,0,0,0,0,0,0,0,0,0,0,0,0,"",Mobile,Safari 604.1
QQC_qc7eBcQ,QQC_qcMxrLI,false,Anonymous,Guest,07:33:27 PM,29/06/2026,false,07:33:27 PM,29/06/2026,"",true,true,52.63,10/19,en,"[1, 2, 3, 4, 5, 6, 7, 8, 9, 10]",false,"",9,I’m not active at the moment,I don’t regularly take part,Having fun,2,1,2,4,2,2,4,4,Sometimes,Not important at all,[],[],"[""Social Connections ||| Teamwork ||| Speaking up ||| Handling stress ||| Leadership ||| Confidence ||| Problem-solving ||| Focus""]",Not confident at all,Very easy,"",[],[],[],"","","","","","",12,29,37,37,28,11,21,20,12,0,0,0,0,0,0,0,0,"",Desktop,Edge 149.0
QQDESe8IptA,QQDESeWOmWY,false,Anonymous,Guest,07:41:07 PM,29/06/2026,false,07:41:08 PM,29/06/2026,"",true,true,100.00,19/19,en,"[1, 2, 3, 4, 5, 6, 7, 8, 9, 10, 12, 13, 14, 15, 16, 17, 18, 19]",false,"",14,About 1–2 hours a week,Community sport club ||| Dance or movement,Having fun,3,5,4,5,3,5,4,5,"Yes, a lot",Very important,[],[],"[""Leadership ||| Problem-solving ||| Handling stress ||| Focus ||| Confidence ||| Speaking up ||| Teamwork ||| Social Connections""]",Very confident,Very easy,"",[],[],"[""help create safe environments ||| positively influence my experience ||| make me feel included ||| help me feel more confident ||| make me feel comfortable asking them for help""]","Yes, a lot",Supportive coaches ||| Feeling welcome ||| Free or low-cost activities,Often,2007-11-01,Canada,Female,16,16,14,55,32,11,38,7,10,0,10,4,52,6,0,0,0,"",Desktop,Chrome 149.0
QQC9EZVzTX4,QQC9EYjNJ7Y,false,Anonymous,Guest,07:51:39 PM,29/06/2026,false,07:51:40 PM,29/06/2026,"",true,true,100.00,19/19,en,"[""1"", ""2"", 3, 4, 5, 6, 7, 8, 9, 10, 12, 13, 14, 15, 16, 17, 18, 19]",false,"",14,2+ hours a week,Community sport club ||| Physical education (PE) or school sport ||| I don’t regularly take part,Having fun,3,3,4,5,4,3,5,5,"Yes, a lot",Quite important,[],[],"[""Social Connections ||| Handling stress ||| Teamwork ||| Problem-solving ||| Speaking up ||| Leadership ||| Focus ||| Confidence""]",Confident,Very easy,"",[],[],"[""positively influence my experience ||| help create safe environments ||| make me feel comfortable asking them for help ||| make me feel included ||| help me feel more confident""]","Yes, a lot",Free or low-cost activities ||| Feeling welcome ||| Better places to play,Always,1999-12-01,Sierra Leone,Male,12,49,27,74,33,9,48,13,11,0,26,12,32,9,0,0,0,"",Mobile,Chrome 148.0
QQDcArDHo3s,QQDcAqmijAI,false,Anonymous,Guest,08:02:16 PM,29/06/2026,false,"","","",true,true,"","",en,"",false,waves-for-change,0,"","","","","","","","","","","","","",[],[],[],"","","",[],[],[],"","","","","","",0,0,0,0,0,0,0,0,0,0,0,0,0,0,0,0,0,"",Mobile,Chrome 125.0
QQDXu3fQC7Q,QQDXu3A8kuk,false,Anonymous,Guest,08:07:30 PM,29/06/2026,false,08:07:30 PM,29/06/2026,"",true,true,89.47,17/19,en,"[1, 2, 3, 4, 5, 6, 7, 8, 9, 10, 12, 13, 14, 15, 16, 17]",false,"",13,About 30–60 minutes a week,Online/virtual fitness ||| Informal play with friends ||| Gym or exercise ||| Dance or movement,Feeling healthy or strong,5,4,5,5,5,5,5,5,"Yes, a lot",Very important,[],[],"[""Handling stress ||| Focus ||| Confidence ||| Teamwork ||| Problem-solving ||| Speaking up ||| Leadership ||| Social Connections""]",Somewhat confident,Quite easy,"",[],[],"[""make me feel included ||| positively influence my experience ||| help create safe environments ||| make me feel comfortable asking them for help ||| help me feel more confident""]","Yes, a lot",More choice in activities ||| Free or low-cost activities ||| Better places to play,Often,2000-08-01,Solomon Islands,"",12,21,23,46,12,8,23,16,9,0,39,35,291,9,0,0,0,"",Desktop,Edge 149.0
QQEwknHEZEk,QQEwkmjO9No,false,Anonymous,Guest,09:35:45 PM,29/06/2026,false,09:35:45 PM,29/06/2026,"",true,true,31.58,6/19,en,"[1, 2, 3, 4, 5, 6]",false,"",5,About 30–60 minutes a week,Online/virtual fitness ||| I don’t regularly take part ||| Dance or movement ||| Informal play with friends ||| Physical education (PE) or school sport ||| Community sport club,Feeling confident,4,2,3,2,1,3,4,1,Sometimes,Very important,[],[],[],"","","",[],[],[],"","","","","","",9,11,19,21,8,5,0,0,0,0,0,0,0,0,0,0,0,"",Mobile,Chrome 149.0
QQEDiq89DIk,QQEDiqb15bQ,false,Anonymous,Guest,09:51:43 PM,29/06/2026,false,09:51:43 PM,29/06/2026,"",true,true,100.00,19/19,en,"[1, 2, 3, 4, 5, 6, 7, 8, 9, 10, 12, 13, 14, 15, 16, 17, 18, 19]",false,"",14,About 1–2 hours a week,Gym or exercise,Feeling confident,2,5,5,5,5,5,5,5,"Yes, a lot",Quite important,[],[],"[""Teamwork ||| Social Connections ||| Problem-solving ||| Focus ||| Leadership ||| Handling stress ||| Confidence ||| Speaking up""]",Confident,Quite easy,"",[],[],"[""make me feel comfortable asking them for help ||| help me feel more confident ||| positively influence my experience ||| help create safe environments ||| make me feel included""]",A little,Free or low-cost activities ||| Supportive coaches ||| Better places to play,Rarely,1997-05-01,Peru,Female,14,4,1,29,9,1,12,6,4,0,8,4,13,7,0,0,0,"",Desktop,Chrome 149.0
QQFlsy635U8,QQFlswCtnfg,false,Anonymous,Guest,10:39:10 PM,29/06/2026,false,10:39:10 PM,29/06/2026,"",true,true,100.00,19/19,en,"[1, 2, 3, 4, 5, 6, 7, 8, 9, 10, 11, 12, 13, 14, 15, 16, 17, 18, 19]",false,"",15,About 1–2 hours a week,Community sport club ||| Gym or exercise,Competing,5,3,4,4,3,2,2,4,Sometimes,Very important,[],[],"[""Focus ||| Problem-solving ||| Speaking up ||| Teamwork ||| Leadership ||| Handling stress ||| Confidence ||| Social Connections""]",Somewhat confident,Difficult,Cost,"[""positively influence my experience ||| make me feel included ||| help create safe environments ||| make me feel comfortable asking them for help""]",[],"[""help me feel more confident""]",A little,Free or low-cost activities ||| Supportive coaches ||| Better places to play,Rarely,2009-12-01,Azerbaijan,Female,25,24,42,66,20,16,23,13,16,16,56,19,28,17,0,0,0,"",Mobile,Safari 604.1
QQGxFeCaYiM,QQGxFdafT14,false,Anonymous,Guest,11:54:21 PM,29/06/2026,false,11:54:21 PM,29/06/2026,"",true,true,5.26,1/19,en,[1],false,"",0,"","","","","","","","","","","","","",[],[],[],"","","",[],[],[],"","","","","","",0,0,0,0,0,0,0,0,0,0,0,0,0,0,0,0,0,"",Mobile,Safari 604.1
QQG7mkKWsyQ,QQG7mjgBoAM,false,Anonymous,Guest,12:05:49 AM,30/06/2026,false,12:05:49 AM,30/06/2026,"",true,true,5.26,1/19,en,[1],false,"",0,"","","","","","","","","","","","","",[],[],[],"","","",[],[],[],"","","","","","",0,0,0,0,0,0,0,0,0,0,0,0,0,0,0,0,0,"",Mobile,Safari 604.1
QQHzo0Y3zbs,QQHzozeSLqE,false,Anonymous,Guest,01:14:19 AM,30/06/2026,false,01:14:19 AM,30/06/2026,"",true,true,100.00,19/19,en,"[1, 2, 3, 4, 5, 6, 7, 8, 9, 10, 12, 13, 14, 15, 16, 17, 18, 19]",false,"",14,About 30–60 minutes a week,Dance or movement ||| Online/virtual fitness,Spending time with friends,4,3,4,4,4,3,3,4,Sometimes,Very important,"[""Handling stress""]",[],"[""Problem-solving ||| Social Connections ||| Teamwork ||| Focus ||| Leadership ||| Speaking up ||| Confidence""]",Not confident at all,Quite easy,"","[""positively influence my experience""]",[],"[""make me feel comfortable asking them for help ||| make me feel included ||| help me feel more confident ||| help create safe environments""]","Yes, a lot",More choice in activities ||| Fun social activities ||| Feeling welcome,Rarely,1993-08-01,Senegal,Female,23,17,11,53,16,9,30,14,10,0,29,10,150,12,0,0,0,"",Mobile,Safari 604.1
QQIfJmOWIoc,QQIfJlQ_H0M,false,Anonymous,Guest,01:55:43 AM,30/06/2026,false,"","","",true,false,"","",en,"",false,"",3,About 1–2 hours a week,Physical education (PE) or school sport,Feeling confident,"","","","","","","","","","",[],[],[],"","","",[],[],[],"","","","","","",19,11,17,0,0,0,0,0,0,0,0,0,0,0,0,0,0,"",Mobile,Safari 604.1
QQJs2_ROIdk,QQJs29p1J8g,false,Anonymous,Guest,03:22:53 AM,30/06/2026,false,03:22:54 AM,30/06/2026,"",true,true,100.00,19/19,en,"[1, 2, 3, 4, 5, 6, 7, 8, 9, 10, 12, 13, 14, 15, 16, 17, 18, 19]",false,"",14,2+ hours a week,Community sport club,Being part of a team,4,4,4,4,4,4,4,4,"Yes, a lot",Very important,[],[],"[""Leadership ||| Handling stress ||| Problem-solving ||| Speaking up ||| Focus ||| Confidence ||| Social Connections ||| Teamwork""]",Very confident,Very easy,"",[],[],"[""help create safe environments ||| make me feel comfortable asking them for help ||| positively influence my experience ||| make me feel included ||| help me feel more confident""]","Yes, a lot",Feeling welcome ||| Supportive coaches ||| More choice in activities,Always,1995-08-01,Nepal,Other,14,20,24,16,4,5,14,5,5,0,8,7,20,5,0,0,0,"",Mobile,Chrome 147.0
QQJ0Dt_AoUI,QQJ0DtdXh5U,false,Anonymous,Guest,03:28:54 AM,30/06/2026,false,03:28:54 AM,30/06/2026,"",true,true,26.32,5/19,en,"[1, 2, 3, 4, 5]",false,"",4,2+ hours a week,Physical education (PE) or school sport,Relaxing or reducing stress,4,4,5,4,5,3,3,4,"","",[],[],[],"","","",[],[],[],"","","","","","",11,26,17,40,0,0,0,0,0,0,0,0,0,0,0,0,0,"",Desktop,Chrome 149.0
QQKS7sk8NeE,QQKS7r8LhIM,false,Anonymous,Guest,04:04:50 AM,30/06/2026,false,04:04:50 AM,30/06/2026,"",true,true,100.00,19/19,en,"[1, 2, 3, 4, 5, 6, 7, 8, 9, 10, 12, 13, 14, 15, 16, 17, 18, 19]",false,"",14,2+ hours a week,Gym or exercise,Feeling healthy or strong,5,4,5,5,5,5,5,5,"Yes, a lot",Very important,[],[],"[""Teamwork ||| Handling stress ||| Speaking up ||| Confidence ||| Leadership ||| Problem-solving ||| Social Connections ||| Focus""]",Confident,Very easy,"","[""make me feel comfortable asking them for help""]",[],"[""positively influence my experience ||| help me feel more confident ||| make me feel included ||| help create safe environments""]",A little,Better places to play ||| More choice in activities ||| Free or low-cost activities,Always,2009-06-01,India,Male,8,8,11,35,5,6,17,8,4,0,14,5,19,4,0,0,0,"",Mobile,Chrome 149.0
QQK50Y9oKJc,QQK50YQAW-c,false,Anonymous,Guest,04:43:55 AM,30/06/2026,false,04:43:55 AM,30/06/2026,"",true,true,5.26,1/19,en,[1],false,"",0,"","","","","","","","","","","","","",[],[],[],"","","",[],[],[],"","","","","","",0,0,0,0,0,0,0,0,0,0,0,0,0,0,0,0,0,"",Desktop,Chrome 149.0
QQLRXaaNJn4,QQLRXZ5l2Qw,false,Anonymous,Guest,05:22:23 AM,30/06/2026,false,05:22:23 AM,30/06/2026,"",true,true,100.00,19/19,en,"[1, 2, 3, 4, 5, 6, 7, 8, 9, 10, 12, 13, 14, 15, 16, 17, 18, 19]",false,unyo-facebook,14,About 30–60 minutes a week,Gym or exercise,Feeling confident,4,5,4,4,4,4,5,5,"Yes, a lot",Very important,[],[],"[""Teamwork ||| Handling stress ||| Confidence ||| Speaking up ||| Leadership ||| Social Connections ||| Problem-solving ||| Focus""]",Very confident,Quite easy,"",[],[],"[""make me feel comfortable asking them for help ||| help me feel more confident ||| positively influence my experience ||| make me feel included ||| help create safe environments""]",A little,Fun social activities ||| Feeling welcome ||| Better places to play,Often,2000-07-01,Zambia,Male,35,46,26,153,22,44,59,26,60,0,55,18,48,34,0,0,0,"",Mobile,Chrome 149.0
QQMVahwWJMI,QQMVahEOK3Y,false,Anonymous,Guest,06:25:50 AM,30/06/2026,false,06:25:50 AM,30/06/2026,"",true,true,52.63,10/19,en,"[1, 2, 3, 4, 5, 6, 7, 8, 9, 10]",false,"",9,2+ hours a week,Gym or exercise,Feeling healthy or strong,4,2,3,2,5,1,3,4,"Yes, a lot",Very important,"[""Handling stress""]",[],"[""Speaking up ||| Leadership ||| Focus ||| Confidence ||| Social Connections ||| Problem-solving ||| Teamwork""]",Very confident,Very easy,"",[],[],[],"","","","","","",12,12,14,27,8,5,29,13,6,0,0,0,0,0,0,0,0,"",Mobile,Safari 604.1
QQM_thANC3g,QQM_tgVPzns,false,Anonymous,Guest,07:15:08 AM,30/06/2026,false,07:15:08 AM,30/06/2026,"",true,false,"","",en,"",false,"",15,2+ hours a week,I don’t regularly take part,Feeling confident,3,3,2,4,4,3,3,4,Sometimes,Quite important,"[""Speaking up ||| Social Connections ||| Teamwork""]",[],"[""Handling stress ||| Confidence ||| Problem-solving ||| Focus ||| Leadership""]",Confident,Difficult,Cost,[],[],"[""make me feel included ||| positively influence my experience ||| help create safe environments ||| help me feel more confident ||| make me feel comfortable asking them for help""]",A little,Supportive coaches ||| Fun social activities ||| Better places to play,Sometimes,2003-11-01,Nigeria,Female,23,7,8,31,6,10,26,7,13,9,16,9,26,10,0,0,0,"",Mobile,Chrome 148.0
QQNHj_yOBn4,QQNHj_YOd1w,false,Anonymous,Guest,07:21:22 AM,30/06/2026,false,07:21:23 AM,30/06/2026,"",true,true,21.05,4/19,en,"[1, 2, 3, 4]",false,waves-for-change,3,About 1–2 hours a week,Gym or exercise,Having fun,"","","","","","","","","","",[],[],[],"","","",[],[],[],"","","","","","",87,39,19,0,0,0,0,0,0,0,0,0,0,0,0,0,0,"",Mobile,Chrome 102.0
QQMx-CNnJfY,QQMx-BuiMw4,false,Anonymous,Guest,07:21:42 AM,30/06/2026,false,07:21:42 AM,30/06/2026,"",true,true,100.00,19/19,en,"[1, 2, 3, 4, 5, 6, 7, 8, 9, 10, 12, 13, 14, 15, 16, 17, 18, 19]",false,"",14,2+ hours a week,Informal play with friends,Feeling confident,5,5,5,5,5,5,4,5,Sometimes,Quite important,[],[],"[""Confidence ||| Social Connections ||| Speaking up ||| Focus ||| Handling stress ||| Leadership ||| Teamwork ||| Problem-solving""]",Somewhat confident,Quite easy,"",[],[],"[""help me feel more confident ||| make me feel included ||| make me feel comfortable asking them for help ||| help create safe environments ||| positively influence my experience""]",Not sure,Better places to play ||| More choice in activities ||| Fun social activities,Sometimes,1994-11-01,Eswatini,Female,261,267,260,1617,261,257,268,270,259,0,264,266,284,262,0,0,0,"",Desktop,Chrome 149.0
QQNWqukJKJs,QQNWqt5YDAk,false,Anonymous,Guest,07:34:56 AM,30/06/2026,false,07:34:56 AM,30/06/2026,"",true,true,5.26,1/19,en,[1],false,"",0,"","","","","","","","","","","","","",[],[],[],"","","",[],[],[],"","","","","","",0,0,0,0,0,0,0,0,0,0,0,0,0,0,0,0,0,"",Mobile,Chrome 149.0
QQNYtXt6bd4,QQNYtXEm9JE,false,Anonymous,Guest,07:37:52 AM,30/06/2026,false,07:37:52 AM,30/06/2026,"",true,true,5.26,1/19,en,[1],false,"",0,"","","","","","","","","","","","","",[],[],[],"","","",[],[],[],"","","","","","",0,0,0,0,0,0,0,0,0,0,0,0,0,0,0,0,0,"",Mobile,Chrome 149.0
QQNsNr50h-w,QQNsNrH8vA4,false,Anonymous,Guest,08:00:19 AM,30/06/2026,false,08:00:19 AM,30/06/2026,"",true,true,52.63,10/19,en,"[1, 2, 3, 4, 5, 6, 7, 8, 9, 10]",false,"",9,2+ hours a week,Gym or exercise,Feeling healthy or strong,3,5,3,3,4,4,5,4,Sometimes,Very important,"[""Speaking up ||| Leadership ||| Social Connections""]",[],"[""Focus ||| Handling stress ||| Problem-solving ||| Teamwork ||| Confidence""]",Confident,Very easy,"",[],[],[],"","","","","","",6,10,8,29,6,5,19,10,9,0,0,0,0,0,0,0,0,"",Desktop,Edge 149.0
QQQMdv-5f_Y,QQQMdvSY1wM,false,Anonymous,Guest,10:53:24 AM,30/06/2026,false,10:53:24 AM,30/06/2026,"",true,true,5.26,1/19,en,[1],false,"",0,"","","","","","","","","","","","","",[],[],[],"","","",[],[],[],"","","","","","",0,0,0,0,0,0,0,0,0,0,0,0,0,0,0,0,0,"",Mobile,Safari 604.1
QQRH87NiDtY,QQRH86kqnJo,false,Anonymous,Guest,12:06:59 PM,30/06/2026,false,12:06:59 PM,30/06/2026,"",true,true,100.00,19/19,en,"[1, 2, 3, 4, 5, 6, 7, 8, 9, 10, 12, 13, 14, 15, 16, 17, 18, 19]",false,"",14,2+ hours a week,Gym or exercise,Feeling healthy or strong,5,5,5,5,4,2,3,3,"Yes, a lot",Very important,[],[],"[""Social Connections ||| Speaking up ||| Leadership ||| Confidence ||| Handling stress ||| Teamwork ||| Focus ||| Problem-solving""]",Confident,Very easy,"",[],[],"[""help create safe environments ||| help me feel more confident ||| positively influence my experience ||| make me feel comfortable asking them for help ||| make me feel included""]","Yes, a lot",Free or low-cost activities ||| Better places to play ||| Feeling welcome,Sometimes,1995-12-01,Russia,Female,43,187,12,31,9,7,24,16,8,0,16,7,69,9,0,0,0,"",Desktop,Safari 605.1
QQRVwKSDYCw,QQRVwJr32AM,false,Anonymous,Guest,12:13:31 PM,30/06/2026,false,12:13:31 PM,30/06/2026,"",true,true,5.26,1/19,en,[1],false,"",0,"","","","","","","","","","","","","",[],[],[],"","","",[],[],[],"","","","","","",0,0,0,0,0,0,0,0,0,0,0,0,0,0,0,0,0,"",Desktop,Edge 149.0
QQRfCzduHkQ,QQRfCywWUuM,false,Anonymous,Guest,12:26:52 PM,30/06/2026,false,12:26:52 PM,30/06/2026,"",true,true,94.74,18/19,en,"[1, 2, 3, 4, 5, 6, 7, 8, 9, 10, 11, 12, 13, 14, 15, 16, 17, 18]",false,"",14,About 1–2 hours a week,I don’t regularly take part,Feeling confident,1,1,1,1,1,1,1,1,"No, I don't take part in sport",Not important at all,"[""Leadership ||| Teamwork ||| Handling stress ||| Speaking up ||| Focus ||| Problem-solving ||| Confidence ||| Social Connections""]",[],[],Confident,No access,Not interested in sport,"[""make me feel included ||| make me feel comfortable asking them for help ||| positively influence my experience ||| help create safe environments ||| help me feel more confident""]",[],[],A little,Supportive coaches ||| Feeling welcome ||| Free or low-cost activities,Never,2010-02-01,Albania,Male,5,11,13,22,3,7,22,6,2,5,16,3,16,6,0,0,0,"",Mobile,Chrome 149.0
QQRrC3Iw408,QQRrC2dlWhE,false,Anonymous,Guest,12:38:42 PM,30/06/2026,false,"","","",true,false,"","",en,"",false,unyo-linkedin,14,About 1–2 hours a week,Physical education (PE) or school sport,Spending time with friends,4,4,4,5,5,3,5,3,Sometimes,Quite important,[],[],"[""Leadership ||| Social Connections ||| Problem-solving ||| Teamwork ||| Speaking up ||| Handling stress ||| Confidence ||| Focus""]",Somewhat confident,Very difficult,Lack of time,[],[],"[""make me feel included ||| positively influence my experience ||| help create safe environments ||| make me feel comfortable asking them for help ||| help me feel more confident""]",A little,Fun social activities ||| Better places to play ||| Free or low-cost activities,Often,2008-01-01,India,Male,4,5,4,14,4,3,13,6,5,3,8,4,14,4,0,0,0,"",Mobile,Mozilla 5.0
QQR6Kppadxw,QQR6Ko1l63Q,false,Anonymous,Guest,12:57:24 PM,30/06/2026,false,12:57:24 PM,30/06/2026,"",true,true,100.00,19/19,en,"[1, 2, 3, 4, 5, 6, 7, 8, 9, 10, 12, 13, 14, 15, 16, 17, 18, 19]",false,unyo-linkedin,14,About 30–60 minutes a week,Gym or exercise,Feeling healthy or strong,4,4,4,5,5,2,5,5,"Yes, a lot",Very important,[],[],"[""Leadership ||| Speaking up ||| Handling stress ||| Focus ||| Problem-solving ||| Social Connections ||| Teamwork ||| Confidence""]",Confident,Quite easy,"",[],[],"[""positively influence my experience ||| make me feel comfortable asking them for help ||| help me feel more confident ||| help create safe environments ||| make me feel included""]","Yes, a lot",More choice in activities ||| Better places to play ||| Free or low-cost activities,Never,1998-03-01,United Kingdom,Male,10,17,22,54,9,5,20,18,7,0,11,6,22,9,0,0,0,"",Mobile,Chrome 143.0
QQSc2mvsuDI,QQSc2mAxMgg,false,Anonymous,Guest,01:35:17 PM,30/06/2026,false,01:35:17 PM,30/06/2026,"",true,false,"","",en,"",false,"",14,About 30–60 minutes a week,Gym or exercise,Feeling healthy or strong,1,2,3,3,5,4,1,2,"Yes, a lot",Very important,[],[],"[""Social Connections ||| Leadership ||| Confidence ||| Teamwork ||| Handling stress ||| Problem-solving ||| Speaking up ||| Focus""]",Very confident,Very easy,"","[""make me feel included ||| help create safe environments ||| help me feel more confident""]",[],"[""make me feel comfortable asking them for help ||| positively influence my experience""]","Yes, a lot",Free or low-cost activities ||| More choice in activities ||| Supportive coaches,Never,1995-03-01,Colombia,Prefer not to say,14,9,12,23,8,5,14,10,10,0,21,6,16,6,0,0,0,"",Desktop,Chrome 149.0
QQSkL3UnUwA,QQSkL257xzY,false,Anonymous,Guest,01:39:27 PM,30/06/2026,false,"","","",true,false,"","",en,"",false,count-us-in,1,About 1–2 hours a week,"","","","","","","","","","","","",[],[],[],"","","",[],[],[],"","","","","","",8,0,0,0,0,0,0,0,0,0,0,0,0,0,0,0,0,"",Mobile,Chrome 150.0
QQSkvA_tG9U,QQSkvAil7dY,false,Anonymous,Guest,01:40:12 PM,30/06/2026,false,01:40:12 PM,30/06/2026,"",true,true,15.79,3/19,en,"[1, 2, 3]",false,unyo-linkedin,2,2+ hours a week,Online/virtual fitness ||| Dance or movement ||| Gym or exercise,"","","","","","","","","","","",[],[],[],"","","",[],[],[],"","","","","","",9,13,0,0,0,0,0,0,0,0,0,0,0,0,0,0,0,"",Desktop,Chrome 149.0
QQNxhpAm8Mg,QQNxhofLCv4,false,Anonymous,Guest,01:47:34 PM,30/06/2026,false,01:47:34 PM,30/06/2026,"",true,true,5.26,1/19,en,[1],false,"",0,"","","","","","","","","","","","","",[],[],[],"","","",[],[],[],"","","","","","",0,0,0,0,0,0,0,0,0,0,0,0,0,0,0,0,0,"",Mobile,Chrome 149.0
QQTCug4VXBQ,QQTCugdpe1w,false,Anonymous,Guest,02:12:56 PM,30/06/2026,false,"","","",true,false,"","",en,"",false,count-us-in,1,I’m not active at the moment,"","","","","","","","","","","","",[],[],[],"","","",[],[],[],"","","","","","",11,0,0,0,0,0,0,0,0,0,0,0,0,0,0,0,0,"",Mobile,Safari 604.1
QQS4y6Xy0ec,QQS4y50ueeg,false,Anonymous,Guest,02:21:50 PM,30/06/2026,false,02:21:50 PM,30/06/2026,"",true,true,94.74,18/19,en,"[1, 2, 3, 4, 5, 6, 7, 8, 9, 10, 12, 13, 14, 15, 16, 17, 18]",false,"",13,2+ hours a week,Gym or exercise,Learning new skills,5,5,5,5,5,5,5,5,"Yes, a lot",Very important,[],[],"[""Social Connections ||| Teamwork ||| Speaking up ||| Focus ||| Handling stress ||| Leadership ||| Confidence ||| Problem-solving""]",Very confident,Very easy,"",[],[],"[""help me feel more confident ||| help create safe environments ||| positively influence my experience ||| make me feel included ||| make me feel comfortable asking them for help""]","Yes, a lot",Better places to play ||| Supportive coaches ||| Free or low-cost activities,Often,1968-01-01,Brazil,Male,96,47,78,186,81,46,95,51,41,0,58,42,84,43,0,0,0,"",Desktop,Chrome 149.0
QQS_v8zfCxY,QQS_v71mEh8,false,Anonymous,Guest,02:22:26 PM,30/06/2026,false,"","","",true,false,"","",en,"",false,unyo-linkedin,1,About 1–2 hours a week,"","","","","","","","","","","","",[],[],[],"","","",[],[],[],"","","","","","",844,0,0,0,0,0,0,0,0,0,0,0,0,0,0,0,0,"",Mobile,Chrome 143.0
QQTlTBr76CM,QQTlTBBL6iQ,false,Anonymous,Guest,02:57:32 PM,30/06/2026,false,02:57:33 PM,30/06/2026,"",true,true,100.00,19/19,en,"[1, 2, 3, 4, 5, 6, 7, 8, 9, 10, 12, 13, 14, 15, 16, 17, 18, 19]",false,"",14,About 1–2 hours a week,Online/virtual fitness ||| Community sport club ||| Dance or movement ||| Informal play with friends ||| Physical education (PE) or school sport,Being part of a team,4,4,4,5,5,5,5,5,"Yes, a lot",Very important,[],[],"[""Confidence ||| Leadership ||| Problem-solving ||| Handling stress ||| Speaking up ||| Teamwork ||| Focus ||| Social Connections""]",Confident,Quite easy,"",[],[],"[""make me feel included ||| help me feel more confident ||| make me feel comfortable asking them for help ||| help create safe environments ||| positively influence my experience""]","Yes, a lot",Fun social activities ||| Supportive coaches ||| Better places to play,Often,2000-07-01,Nigeria,Female,11,26,29,59,14,10,35,15,12,0,26,9,39,10,0,0,0,"",Mobile,Chrome 149.0
QQTuYSaBsOA,QQTuYRvhA68,false,Anonymous,Guest,03:04:50 PM,30/06/2026,false,03:04:50 PM,30/06/2026,"",true,false,"","",en,"",false,"",14,About 1–2 hours a week,Gym or exercise ||| Physical education (PE) or school sport ||| Online/virtual fitness ||| Dance or movement ||| Informal play with friends,Being part of a team,"",4,3,"","","","","","Yes, a lot",Quite important,[],[],"[""Social Connections ||| Leadership ||| Teamwork ||| Problem-solving ||| Focus ||| Speaking up ||| Confidence ||| Handling stress""]",Confident,Quite easy,"",[],[],"[""make me feel included ||| make me feel comfortable asking them for help ||| help me feel more confident ||| help create safe environments ||| positively influence my experience""]","Yes, a lot",Better places to play ||| Feeling welcome ||| Supportive coaches,Often,2004-03-01,Spain,Female,16,18,88,72,11,4,12,14,6,0,11,17,9,3,0,0,0,"",Mobile,Chrome 149.0
QQT1tipduCs,QQT1thHb3K4,false,Anonymous,Guest,03:11:55 PM,30/06/2026,false,03:11:55 PM,30/06/2026,"",true,true,100.00,19/19,en,"[1, 2, 3, 4, 5, 6, 7, 8, 9, 10, 12, 13, 14, 15, 16, 17, 18, 19]",false,"",14,2+ hours a week,Gym or exercise,Feeling healthy or strong,5,5,5,5,5,5,5,5,"Yes, a lot",Very important,[],[],"[""Speaking up ||| Confidence ||| Problem-solving ||| Handling stress ||| Social Connections ||| Focus ||| Leadership ||| Teamwork""]",Very confident,Very easy,"",[],[],"[""help me feel more confident ||| make me feel comfortable asking them for help ||| positively influence my experience ||| help create safe environments ||| make me feel included""]","Yes, a lot",More choice in activities ||| Free or low-cost activities ||| Fun social activities,Rarely,1996-09-01,United States,Female,10,9,19,25,6,6,22,7,5,0,14,6,14,9,0,0,0,"",Mobile,Safari 604.1
QQT7gKT84i4,QQT7gJuqgvw,false,Anonymous,Guest,03:14:29 PM,30/06/2026,false,03:14:29 PM,30/06/2026,"",true,true,5.26,1/19,en,[1],false,"",0,"","","","","","","","","","","","","",[],[],[],"","","",[],[],[],"","","","","","",0,0,0,0,0,0,0,0,0,0,0,0,0,0,0,0,0,"",Mobile,Safari 604.1
QQT5bhwQtEU,QQT5bhVENKI,false,Anonymous,Guest,03:15:14 PM,30/06/2026,false,03:15:14 PM,30/06/2026,"",true,true,100.00,19/19,en,"[1, 2, 3, 4, 5, 6, 7, 8, 9, 10, 11, 12, 13, 14, 15, 16, 17, 18, 19]",false,unyo-instagram,15,About 30–60 minutes a week,Gym or exercise,Relaxing or reducing stress,5,4,4,5,5,5,5,5,Sometimes,Very important,[],[],"[""Handling stress ||| Confidence ||| Teamwork ||| Social Connections ||| Speaking up ||| Focus ||| Problem-solving ||| Leadership""]",Confident,Difficult,Not interested in sport,[],[],"[""positively influence my experience ||| make me feel included ||| help me feel more confident ||| help create safe environments ||| make me feel comfortable asking them for help""]","Yes, a lot",Supportive coaches ||| Fun social activities ||| Better places to play,Often,2007-09-01,India,Male,8,6,14,28,7,5,17,13,8,8,12,5,11,4,0,0,0,"",Mobile,Chrome 149.0
QQUNFipQ52w,QQUNFiOegDQ,false,Anonymous,Guest,03:33:42 PM,30/06/2026,false,"","","",true,false,"","",en,"",false,unyo-instagram,0,"","","","","","","","","","","","","",[],[],[],"","","",[],[],[],"","","","","","",0,0,0,0,0,0,0,0,0,0,0,0,0,0,0,0,0,"",Mobile,Chrome 149.0
QQVbeSMdLKI,QQVbeRbfIL8,false,Anonymous,Guest,05:05:36 PM,30/06/2026,false,05:05:36 PM,30/06/2026,"",true,true,100.00,19/19,en,"[1, 2, 3, 4, 5, 6, 7, 8, 9, 10, 12, 13, 14, 15, 16, 17, 18, 19]",false,unyo-linkedin,14,2+ hours a week,Informal play with friends ||| Gym or exercise,Being part of a team,5,5,5,5,5,5,5,5,"Yes, a lot",Very important,[],[],"[""Social Connections ||| Focus ||| Teamwork ||| Problem-solving ||| Confidence ||| Handling stress ||| Speaking up ||| Leadership""]",Very confident,Quite easy,"",[],[],"[""help create safe environments ||| positively influence my experience ||| help me feel more confident ||| make me feel included ||| make me feel comfortable asking them for help""]","Yes, a lot",Supportive coaches ||| Free or low-cost activities ||| Better places to play,Always,1965-01-01,India,Male,33,39,33,48,13,8,22,13,9,0,18,7,25,15,0,0,0,"",Mobile,Chrome 149.0
QQV3Kr6jLug,QQV3KrQeB2o,false,Anonymous,Guest,05:33:07 PM,30/06/2026,false,05:33:07 PM,30/06/2026,"",true,true,78.95,15/19,en,"[1, 2, 3, 4, 5, 6, 7, 8, 9, 10, 12, 13, 14, 15]",false,"",13,2+ hours a week,Dance or movement,Relaxing or reducing stress,5,5,5,5,5,5,5,5,"Yes, a lot",Very important,[],[],"[""Speaking up ||| Leadership ||| Handling stress ||| Social Connections ||| Focus ||| Teamwork ||| Confidence ||| Problem-solving""]",Very confident,Quite easy,"",[],[],"[""help create safe environments ||| make me feel included ||| help me feel more confident ||| positively influence my experience ||| make me feel comfortable asking them for help""]","Yes, a lot",Fun social activities ||| More choice in activities ||| Feeling welcome,Always,"","","",10,14,15,31,8,5,17,11,21,0,16,8,29,16,0,0,0,"",Desktop,Edge 149.0
QQWs4C0MiFc,QQWs4CZFeyw,false,Anonymous,Guest,06:31:38 PM,30/06/2026,false,06:31:39 PM,30/06/2026,"",true,true,100.00,19/19,en,"[1, 2, 3, 4, 5, 6, 7, 8, 9, 10, 12, 13, 14, 15, 16, 17, 18, 19]",false,"",14,Less than 30 minutes a week,Physical education (PE) or school sport,Relaxing or reducing stress,"","","",3,"","",3,3,"Yes, a lot",Very important,"[""Focus""]",[],"[""Confidence ||| Speaking up ||| Leadership ||| Problem-solving ||| Handling stress ||| Teamwork ||| Social Connections""]",Confident,Quite easy,"","[""positively influence my experience ||| help me feel more confident""]",[],"[""make me feel comfortable asking them for help ||| help create safe environments ||| make me feel included""]","Yes, a lot",Better places to play ||| Free or low-cost activities ||| More choice in activities,Often,2010-01-01,United Kingdom,Male,4,9,13,17,9,3,19,7,5,0,20,5,18,17,0,0,0,"",Mobile,Safari 604.1
QQXajb9ZcXI,QQXajbPWwU8,false,Anonymous,Guest,07:18:47 PM,30/06/2026,false,07:18:47 PM,30/06/2026,"",true,true,21.05,4/19,en,"[1, 2, 3, 4]",false,unyo-instagram,3,About 1–2 hours a week,Dance or movement,Learning new skills,"","","","","","","","","","",[],[],[],"","","",[],[],[],"","","","","","",10,14,14,0,0,0,0,0,0,0,0,0,0,0,0,0,0,"",Mobile,Chrome 149.0
QQXc-IJ8WxU,QQXc-Hw_KIU,false,Anonymous,Guest,07:23:53 PM,30/06/2026,false,07:23:54 PM,30/06/2026,"",true,true,100.00,19/19,en,"[1, 2, 3, 4, 5, 6, 7, 8, 9, 10, 12, 13, 14, 15, 16, 17, 18, 19]",false,"",14,2+ hours a week,Informal play with friends ||| Community sport club ||| Gym or exercise,Being part of a team,5,2,1,4,5,2,4,4,"Yes, a lot",Very important,[],[],"[""Speaking up ||| Handling stress ||| Focus ||| Leadership ||| Confidence ||| Social Connections ||| Problem-solving ||| Teamwork""]",Confident,Very easy,"",[],[],"[""help create safe environments ||| help me feel more confident ||| positively influence my experience ||| make me feel comfortable asking them for help ||| make me feel included""]","Yes, a lot",Free or low-cost activities ||| Better places to play ||| Supportive coaches,Often,2004-04-01,United States,Female,10,10,11,29,6,4,17,8,4,0,10,5,27,4,0,0,0,"",Desktop,Chrome 147.0
QQYNMEpPOPE,QQYNMD-6Rtw,false,Anonymous,Guest,08:13:25 PM,30/06/2026,false,08:13:25 PM,30/06/2026,"",true,true,5.26,1/19,en,[1],false,unyo-linkedin,0,"","","","","","","","","","","","","",[],[],[],"","","",[],[],[],"","","","","","",0,0,0,0,0,0,0,0,0,0,0,0,0,0,0,0,0,"",Mobile,Mozilla 5.0
QQYazGDHHgg,QQYazFhBHUQ,false,Anonymous,Guest,08:28:47 PM,30/06/2026,false,08:28:48 PM,30/06/2026,"",true,true,5.26,1/19,en,[1],false,unyo-linkedin,0,"","","","","","","","","","","","","",[],[],[],"","","",[],[],[],"","","","","","",0,0,0,0,0,0,0,0,0,0,0,0,0,0,0,0,0,"",Desktop,Chrome 148.0
QQYoZ271ECM,QQYoZ2N7CGk,false,Anonymous,Guest,08:49:30 PM,30/06/2026,false,08:49:30 PM,30/06/2026,"",true,false,"","",en,"",false,unyo-instagram,14,2+ hours a week,Gym or exercise ||| Dance or movement,Feeling confident,3,4,3,5,3,3,3,3,Sometimes,Very important,"[""Speaking up""]",[],"[""Focus ||| Handling stress ||| Teamwork ||| Leadership ||| Confidence ||| Social Connections ||| Problem-solving""]",Confident,Very easy,"",[],[],"[""make me feel comfortable asking them for help ||| positively influence my experience ||| make me feel included ||| help create safe environments ||| help me feel more confident""]","Yes, a lot",Feeling welcome ||| Better places to play ||| Free or low-cost activities,Often,2002-10-01,Italy,Male,17,16,16,47,9,10,22,31,9,0,43,23,34,20,0,0,0,"",Desktop,Edge 149.0
QQVvgLwotvA,QQVvgLAJtWo,false,Anonymous,Guest,08:51:38 PM,30/06/2026,false,08:51:39 PM,30/06/2026,"",true,true,100.00,19/19,en,"[1, 2, 3, 4, 5, 6, 7, 8, 9, 10, 12, 13, 14, 15, 16, 17, 18, 19]",false,"",14,About 30–60 minutes a week,Community sport club ||| Gym or exercise,Competing,4,4,4,4,4,4,4,4,Sometimes,Very important,[],[],"[""Confidence ||| Leadership ||| Social Connections ||| Focus ||| Handling stress ||| Speaking up ||| Problem-solving ||| Teamwork""]",Confident,Quite easy,"",[],[],"[""help me feel more confident ||| make me feel included ||| positively influence my experience ||| make me feel comfortable asking them for help ||| help create safe environments""]","Yes, a lot",Supportive coaches ||| Better places to play ||| More choice in activities,Often,1981-05-01,Brazil,Prefer not to say,11,13,11,52,8645,3,19,12,9,0,8,7,18,5,0,0,0,"",Desktop,Safari 605.1
QQYwQgJgl5E,QQYwQfZn0Ao,false,Anonymous,Guest,08:51:43 PM,30/06/2026,false,08:51:43 PM,30/06/2026,"",true,true,5.26,1/19,en,[1],false,unyo-linkedin,0,"","","","","","","","","","","","","",[],[],[],"","","",[],[],[],"","","","","","",0,0,0,0,0,0,0,0,0,0,0,0,0,0,0,0,0,"",Mobile,Chrome 143.0
QQY74rhg8d8,QQY74qufnGk,false,Anonymous,Guest,09:08:48 PM,30/06/2026,false,09:08:48 PM,30/06/2026,"",true,true,100.00,19/19,en,"[1, 2, 3, 4, 5, 6, 7, 8, 9, 10, 11, 12, 13, 14, 15, 16, 17, 18, 19]",false,"",15,2+ hours a week,Dance or movement ||| Gym or exercise,Relaxing or reducing stress,5,5,4,4,5,2,3,4,Sometimes,Very important,[],[],"[""Teamwork ||| Focus ||| Problem-solving ||| Leadership ||| Speaking up ||| Social Connections ||| Confidence ||| Handling stress""]",Very confident,Very difficult,Other (please share) [Fitness centers to close to my location],"[""help create safe environments ||| make me feel included""]",[],"[""help me feel more confident ||| positively influence my experience ||| make me feel comfortable asking them for help""]",A little,Better places to play ||| Fun social activities ||| Free or low-cost activities,Rarely,1997-01-01,Nigeria,Female,9,16,6,35,9,5,19,11,8,47,4,6,14,6,0,0,0,"",Mobile,Safari 604.1
QQdU_fphq-Q,QQdU_fEoLJY,false,Anonymous,Guest,02:11:46 AM,01/07/2026,false,"","","",true,false,"","",en,"",false,"",1,2+ hours a week,"","","","","","","","","","","","",[],[],[],"","","",[],[],[],"","","","","","",13,0,0,0,0,0,0,0,0,0,0,0,0,0,0,0,0,"",Mobile,Safari 604.1
QQeZept0zBg,QQeZepBoxgs,false,Anonymous,Guest,03:29:30 AM,01/07/2026,false,03:29:30 AM,01/07/2026,"",true,true,100.00,19/19,en,"[1, 2, 3, 4, 5, 6, 7, 8, 9, 10, 12, 13, 14, 15, 16, 17, 18, 19]",false,"",14,2+ hours a week,Gym or exercise,Learning new skills,5,5,5,5,5,3,2,5,"Yes, a lot",Very important,[],[],"[""Confidence ||| Handling stress ||| Teamwork ||| Speaking up ||| Focus ||| Social Connections ||| Leadership ||| Problem-solving""]",Very confident,Very easy,"",[],[],"[""positively influence my experience ||| make me feel comfortable asking them for help ||| help me feel more confident ||| make me feel included ||| help create safe environments""]","Yes, a lot",Supportive coaches ||| Free or low-cost activities ||| Better places to play,Never,2000-12-01,The Gambia,Female,14,11,8,26,5,7,16,7,4,0,13,6,13,5,0,0,0,"",Mobile,Safari 604.1
QQjb0an6tDU,QQjb0ZqTgGw,false,Anonymous,Guest,09:18:27 AM,01/07/2026,false,"","","",true,false,"","",en,"",false,football-beyond-borders,0,"","","","","","","","","","","","","",[],[],[],"","","",[],[],[],"","","","","","",0,0,0,0,0,0,0,0,0,0,0,0,0,0,0,0,0,"",Mobile,Chrome 149.0
QQjoLBbOBxY,QQjoLAwCDKU,false,Anonymous,Guest,09:32:17 AM,01/07/2026,false,09:32:17 AM,01/07/2026,"",true,true,5.26,1/19,en,[1],false,waves-for-change,0,"","","","","","","","","","","","","",[],[],[],"","","",[],[],[],"","","","","","",0,0,0,0,0,0,0,0,0,0,0,0,0,0,0,0,0,"",Mobile,Chrome 138.0
QQjt3LBl3ms,QQjt3KSivFc,false,Anonymous,Guest,09:39:42 AM,01/07/2026,false,"","","",true,false,"","",en,"",false,unyo-linkedin,3,2+ hours a week,Dance or movement ||| Gym or exercise,Relaxing or reducing stress,"","","","","","","","","","",[],[],[],"","","",[],[],[],"","","","","","",9,48,23,0,0,0,0,0,0,0,0,0,0,0,0,0,0,"",Mobile,Chrome 149.0
QQkF9lty__g,QQkF9lIWJWs,false,Anonymous,Guest,10:07:10 AM,01/07/2026,false,10:07:10 AM,01/07/2026,"",true,true,100.00,19/19,en,"[1, 2, 3, 4, 5, 6, 7, 8, 9, 10, 12, 13, 14, 15, 16, 17, 18, 19]",false,football-beyond-borders,14,2+ hours a week,Physical education (PE) or school sport ||| Gym or exercise,Competing,4,5,5,5,5,2,2,5,"Yes, a lot",Very important,"[""Speaking up ||| Social Connections""]",[],"[""Confidence ||| Teamwork ||| Handling stress ||| Focus ||| Problem-solving ||| Leadership""]",Confident,Very easy,"","[""positively influence my experience ||| help create safe environments""]",[],"[""help me feel more confident ||| make me feel included ||| make me feel comfortable asking them for help""]",A little,Supportive coaches ||| More choice in activities ||| Free or low-cost activities,Rarely,2010-01-01,United Kingdom,Male,6,14,9,19,4,4,13,6,3,0,10,5,13,4,0,0,0,"",Mobile,Safari 604.1
QQj8fBVq3AY,QQj8fAxJJEA,false,Anonymous,Guest,10:09:44 AM,01/07/2026,false,10:09:45 AM,01/07/2026,"",true,true,100.00,19/19,en,"[""1"", ""2"", ""3"", ""4"", ""5"", ""6"", 7, 8, 9, 10, 12, 13, 14, 15, 16, 17, 18, 19]",false,"",14,2+ hours a week,Community sport club,Spending time with friends,5,4,4,5,5,3,2,5,"Yes, a lot",Very important,"[""Social Connections""]",[],"[""Teamwork ||| Speaking up ||| Leadership ||| Problem-solving ||| Focus ||| Handling stress ||| Confidence""]",Slightly confident,Quite easy,"",[],[],"[""make me feel comfortable asking them for help ||| positively influence my experience ||| make me feel included ||| help create safe environments ||| help me feel more confident""]",A little,Fun social activities ||| More choice in activities ||| Feeling welcome,Often,2005-11-01,Uganda,Male,34,41,24,73,15,24,94,26,20,0,31,31,73,24,0,0,0,"",Mobile,Chrome 149.0
QQlcQzaWTAA,QQlcQy--jwo,false,Anonymous,Guest,11:38:44 AM,01/07/2026,false,11:38:44 AM,01/07/2026,"",true,true,5.26,1/19,en,[1],false,"",0,"","","","","","","","","","","","","",[],[],[],"","","",[],[],[],"","","","","","",0,0,0,0,0,0,0,0,0,0,0,0,0,0,0,0,0,"",Desktop,Chrome 149.0
QQmN8tE0_KA,QQmN8sZufCk,false,Anonymous,Guest,12:33:02 PM,01/07/2026,false,"","","",true,false,"","",en,"",false,unyo-instagram,0,"","","","","","","","","","","","","",[],[],[],"","","",[],[],[],"","","","","","",0,0,0,0,0,0,0,0,0,0,0,0,0,0,0,0,0,"",Mobile,Chrome 150.0
QQmevM8GJN8,QQmevMRkzUw,false,Anonymous,Guest,12:51:16 PM,01/07/2026,false,"","","",true,false,"","",en,"",false,unyo-linkedin,0,"","","","","","","","","","","","","",[],[],[],"","","",[],[],[],"","","","","","",0,0,0,0,0,0,0,0,0,0,0,0,0,0,0,0,0,"",Mobile,Mozilla 5.0
QQmeodrjyyU,QQmeoc-y4mY,false,Anonymous,Guest,12:51:19 PM,01/07/2026,false,12:51:19 PM,01/07/2026,"",true,true,5.26,1/19,en,[1],false,unyo-linkedin,0,"","","","","","","","","","","","","",[],[],[],"","","",[],[],[],"","","","","","",0,0,0,0,0,0,0,0,0,0,0,0,0,0,0,0,0,"",Mobile,Mozilla 5.0
QQm30_jDkvI,QQm309vuWOs,false,Anonymous,Guest,01:27:45 PM,01/07/2026,false,01:27:45 PM,01/07/2026,"",true,true,5.26,1/19,en,[1],false,unyo-linkedin,0,"","","","","","","","","","","","","",[],[],[],"","","",[],[],[],"","","","","","",0,0,0,0,0,0,0,0,0,0,0,0,0,0,0,0,0,"",Mobile,Mozilla 5.0
QQnDOxREhOs,QQnDOwsV4ZU,false,Anonymous,Guest,01:33:20 PM,01/07/2026,false,01:33:20 PM,01/07/2026,"",true,true,31.58,6/19,en,"[1, 2, 3, 4, 5, 6]",false,unyo-linkedin,5,2+ hours a week,Physical education (PE) or school sport ||| Gym or exercise,Competing,3,5,5,5,5,3,5,5,Sometimes,"",[],[],[],"","","",[],[],[],"","","","","","",21,21,9,49,10,0,0,0,0,0,0,0,0,0,0,0,0,"",Desktop,Chrome 148.0
QQnDfO2J8Os,QQnDfObPOUE,false,Anonymous,Guest,01:34:38 PM,01/07/2026,false,01:34:41 PM,01/07/2026,"",true,true,100.00,19/19,en,"[1, 2, 3, 4, 5, 6, 7, 8, 9, 10, 12, 13, 14, 15, 16, 17, 18, 19]",false,unyo-instagram,14,Less than 30 minutes a week,I don’t regularly take part,Relaxing or reducing stress,5,3,5,5,5,3,5,3,Sometimes,Very important,[],[],"[""Confidence ||| Handling stress ||| Speaking up ||| Social Connections ||| Leadership ||| Problem-solving ||| Focus ||| Teamwork""]",Somewhat confident,Quite easy,"",[],[],"[""make me feel comfortable asking them for help ||| make me feel included ||| help create safe environments ||| positively influence my experience ||| help me feel more confident""]","Yes, a lot",Fun social activities ||| Feeling welcome ||| More choice in activities,Always,2010-02-01,Indonesia,Female,7,5,12,22,6,3,16,8,7,0,11,6,18,5,0,0,0,"",Mobile,Chrome 149.0
QQnJdm_NL2Y,QQnJdmID2Fs,false,Anonymous,Guest,01:40:47 PM,01/07/2026,false,01:40:47 PM,01/07/2026,"",true,true,100.00,19/19,en,"[1, 2, 3, 4, 5, 6, 7, 8, 9, 10, 12, 13, 14, 15, 16, 17, 18, 19]",false,unyo-instagram,14,About 30–60 minutes a week,Online/virtual fitness ||| Physical education (PE) or school sport,Feeling healthy or strong,4,3,4,4,4,4,4,4,Sometimes,Neutral,[],[],"[""Teamwork ||| Handling stress ||| Problem-solving ||| Focus ||| Social Connections ||| Confidence ||| Speaking up ||| Leadership""]",Confident,Very easy,"",[],[],"[""help create safe environments ||| make me feel comfortable asking them for help ||| make me feel included ||| help me feel more confident ||| positively influence my experience""]",Not really,Free or low-cost activities ||| Supportive coaches ||| Feeling welcome,Sometimes,2011-09-01,Singapore,Female,6,9,9,17,5,4,11,10,4,0,15,5,19,5,0,0,0,"",Mobile,Chrome 149.0
QQnP43vtQHU,QQnP43IyiMk,false,Anonymous,Guest,01:49:39 PM,01/07/2026,false,01:49:39 PM,01/07/2026,"",true,true,68.42,13/19,en,"[1, 2, 3, 4, 5, 6, 7, 8, 9, 10, 11, 12, 13]",false,"",12,Less than 30 minutes a week,I don’t regularly take part,Feeling healthy or strong,3,2,2,2,2,2,2,2,Sometimes,Neutral,"[""Teamwork ||| Leadership""]",[],"[""Speaking up ||| Social Connections ||| Focus ||| Handling stress ||| Problem-solving ||| Confidence""]",Slightly confident,Difficult,Cost,"[""help create safe environments""]",[],"[""make me feel included ||| make me feel comfortable asking them for help ||| positively influence my experience ||| help me feel more confident""]","Yes, a lot","","","","","",14,18,17,50,15,21,32,21,8,16,24,6,0,0,0,0,0,"",Mobile,Mozilla 5.0
QQnYe9In5MU,QQnYe8rrA2o,false,Anonymous,Guest,01:54:38 PM,01/07/2026,false,"","","",true,false,"","",en,"",false,unyo-linkedin,1,Less than 30 minutes a week,"","","","","","","","","","","","",[],[],[],"","","",[],[],[],"","","","","","",7,0,0,0,0,0,0,0,0,0,0,0,0,0,0,0,0,"",Desktop,Chrome 148.0
QQngEf492ow,QQngEfUiGy0,false,Anonymous,Guest,02:08:46 PM,01/07/2026,false,02:08:47 PM,01/07/2026,"",true,true,100.00,19/19,en,"[1, 2, 3, 4, 5, 6, 7, 8, 9, 10, 12, 13, 14, 15, 16, 17, 18, 19]",false,"",13,About 30–60 minutes a week,"",Being part of a team,"","","",5,5,5,5,5,Sometimes,Very important,[],[],"[""Leadership ||| Social Connections ||| Confidence ||| Teamwork ||| Speaking up ||| Problem-solving ||| Focus ||| Handling stress""]",Confident,Quite easy,"",[],[],"[""make me feel included ||| positively influence my experience ||| help me feel more confident ||| make me feel comfortable asking them for help ||| help create safe environments""]",Not sure,Supportive coaches ||| Free or low-cost activities ||| Fun social activities,Always,2007-05-01,Bangladesh,Male,21,0,18,45,15,9,18,19,7,0,10,11,41,14,0,0,0,"",Mobile,Chrome 149.0
QQn2GcRXbWE,QQn2GbcB8n8,false,Anonymous,Guest,02:27:03 PM,01/07/2026,false,"","","",true,false,"","",en,"",false,"",0,"","","","","","","","","","","","","",[],[],[],"","","",[],[],[],"","","","","","",0,0,0,0,0,0,0,0,0,0,0,0,0,0,0,0,0,"",Desktop,Chrome 149.0
QQn23HanYQU,QQn23GzqGhs,false,Anonymous,Guest,02:28:17 PM,01/07/2026,false,02:28:17 PM,01/07/2026,"",true,true,21.05,4/19,en,"[1, 2, 3, 4]",false,unyo-instagram,3,About 1–2 hours a week,Gym or exercise,Feeling healthy or strong,"","","","","","","","","","",[],[],[],"","","",[],[],[],"","","","","","",9,12,15,0,0,0,0,0,0,0,0,0,0,0,0,0,0,"",Mobile,Chrome 149.0
QQoJnzqCYkQ,QQoJny-4HNs,false,Anonymous,Guest,02:51:40 PM,01/07/2026,false,02:51:40 PM,01/07/2026,"",true,false,"","",en,"",false,unyo-instagram,15,Less than 30 minutes a week,Online/virtual fitness ||| Informal play with friends,Spending time with friends,4,3,2,3,2,3,5,3,Sometimes,Neutral,"[""Problem-solving ||| Teamwork ||| Handling stress""]",[],"[""Leadership ||| Focus ||| Confidence ||| Social Connections ||| Speaking up""]",Somewhat confident,Very difficult,Cost,"[""make me feel comfortable asking them for help ||| positively influence my experience ||| help me feel more confident ||| make me feel included""]",[],"[""help create safe environments""]","Yes, a lot",Supportive coaches ||| Better places to play ||| Feeling welcome,Rarely,2008-01-01,India,Female,13,22,11,36,9,5,19,10,6,16,16,7,13,7,0,0,0,"",Mobile,Chrome 149.0
QQoVHiedEaw,QQoVHiBsGJM,false,Anonymous,Guest,03:01:59 PM,01/07/2026,false,03:01:59 PM,01/07/2026,"",true,true,36.84,7/19,en,"[1, 2, 3, 4, 5, 6, 7]",false,"",6,About 30–60 minutes a week,Dance or movement ||| Informal play with friends ||| Physical education (PE) or school sport,Feeling confident,4,4,3,5,5,3,3,4,Sometimes,Quite important,[],[],[],"","","",[],[],[],"","","","","","",9,12,12,28,7,5,0,0,0,0,0,0,0,0,0,0,0,"",Desktop,Safari 605.1
QQpBgcg1Qfk,QQpBgb8h1bE,false,Anonymous,Guest,03:53:23 PM,01/07/2026,false,03:53:23 PM,01/07/2026,"",true,true,100.00,19/19,en,"[1, 2, 3, 4, 5, 6, 7, 8, 9, 10, 12, 13, 14, 15, 16, 17, 18, 19]",false,unyo-instagram,14,About 30–60 minutes a week,Dance or movement ||| Gym or exercise ||| Online/virtual fitness,Feeling healthy or strong,4,4,4,3,4,3,3,3,Sometimes,Quite important,"[""Speaking up""]",[],"[""Handling stress ||| Leadership ||| Focus ||| Teamwork ||| Confidence ||| Problem-solving ||| Social Connections""]",Very confident,Very easy,"",[],[],"[""positively influence my experience ||| make me feel comfortable asking them for help ||| help me feel more confident ||| make me feel included ||| help create safe environments""]","Yes, a lot",Better places to play ||| More choice in activities ||| Free or low-cost activities,Sometimes,2009-02-01,[OTHER] United Kingdom,Female,9,37,15,33,10,8,17,8,8,0,11,5,21,6,0,0,0,"",Mobile,Safari 604.1
QQpMQ6TzgzU,QQpMQ5uDA1g,false,Anonymous,Guest,04:00:51 PM,01/07/2026,false,04:00:51 PM,01/07/2026,"",true,true,5.26,1/19,en,[1],false,"",0,"","","","","","","","","","","","","",[],[],[],"","","",[],[],[],"","","","","","",0,0,0,0,0,0,0,0,0,0,0,0,0,0,0,0,0,"",Desktop,Chrome 149.0
QQpVx5Q6Als,QQpVx4nrcCg,false,Anonymous,Guest,04:11:31 PM,01/07/2026,false,04:11:31 PM,01/07/2026,"",true,true,21.05,4/19,en,"[1, 2, 3, 4]",false,unyo-linkedin,3,About 30–60 minutes a week,Dance or movement ||| Gym or exercise,Having fun,"","","","","","","","","","",[],[],[],"","","",[],[],[],"","","","","","",5,7,7,0,0,0,0,0,0,0,0,0,0,0,0,0,0,"",Desktop,Chrome 149.0
QQp5UkzFh2A,QQp5UkPmxME,false,Anonymous,Guest,04:50:04 PM,01/07/2026,false,04:50:04 PM,01/07/2026,"",true,true,5.26,1/19,en,[1],false,"",0,"","","","","","","","","","","","","",[],[],[],"","","",[],[],[],"","","","","","",0,0,0,0,0,0,0,0,0,0,0,0,0,0,0,0,0,"",Mobile,Chrome 149.0
QQqRdPJlRY8,QQqRdOZW_VI,false,Anonymous,Guest,05:18:33 PM,01/07/2026,false,05:18:33 PM,01/07/2026,"",true,true,42.11,8/19,en,"[1, 2, 3, 4, 5, 6, 7, 8]",false,"",7,2+ hours a week,Gym or exercise,Feeling healthy or strong,5,5,5,5,3,5,5,5,"Yes, a lot",Very important,[],[],"[""Problem-solving ||| Confidence ||| Handling stress ||| Speaking up ||| Social Connections ||| Teamwork ||| Leadership ||| Focus""]","","","",[],[],[],"","","","","","",25,5,13,41,5,5,26,0,0,0,0,0,0,0,0,0,0,"",Mobile,Mozilla 5.0
QQniz4NN8qE,QQniz33nN9A,false,Anonymous,Guest,05:26:46 PM,01/07/2026,false,05:26:46 PM,01/07/2026,"",true,true,5.26,1/19,en,[1],false,"",0,"","","","","","","","","","","","","",[],[],[],"","","",[],[],[],"","","","","","",0,0,0,0,0,0,0,0,0,0,0,0,0,0,0,0,0,"",Desktop,Chrome 149.0
QQqo78u9Nxs,QQqo778drGI,false,Anonymous,Guest,05:43:24 PM,01/07/2026,false,05:43:24 PM,01/07/2026,"",true,true,10.53,2/19,en,"[1, 2]",false,unyo-linkedin,1,About 1–2 hours a week,"","","","","","","","","","","","",[],[],[],"","","",[],[],[],"","","","","","",170,0,0,0,0,0,0,0,0,0,0,0,0,0,0,0,0,"",Mobile,Mozilla 5.0
QQq1oB-b0AY,QQq1oBd7s4I,false,Anonymous,Guest,05:56:15 PM,01/07/2026,false,05:56:15 PM,01/07/2026,"",true,true,15.79,3/19,en,"[1, 2, 3]",false,"",2,About 30–60 minutes a week,Online/virtual fitness,"","","","","","","","","","","",[],[],[],"","","",[],[],[],"","","","","","",13,8,0,0,0,0,0,0,0,0,0,0,0,0,0,0,0,"",Mobile,Chrome 150.0
QQqw9XxtEs8,QQqw9XPzaoo,false,Anonymous,Guest,05:56:33 PM,01/07/2026,false,05:56:33 PM,01/07/2026,"",true,true,94.74,18/19,en,"[1, 2, 3, 4, 5, 6, 7, 8, 9, 10, 12, 13, 14, 15, 16, 17, 18]",false,"",13,Less than 30 minutes a week,Online/virtual fitness,Being part of a team,4,4,4,4,2,3,3,4,Not at all,Not very important,[],[],"[""Social Connections ||| Teamwork ||| Leadership ||| Confidence ||| Focus ||| Handling stress ||| Problem-solving ||| Speaking up""]",Very confident,Quite easy,"","[""positively influence my experience ||| make me feel comfortable asking them for help""]",[],"[""help me feel more confident ||| make me feel included ||| help create safe environments""]",Not sure,Better places to play ||| Feeling welcome ||| Fun social activities,Never,2009-12-01,Nigeria,Female,17,12,15,59,15,24,24,22,11,0,23,12,33,13,0,0,0,"",Desktop,Chrome 149.0
QQrrPC-q0hI,QQrrPBlM-YQ,false,Anonymous,Guest,06:57:45 PM,01/07/2026,false,06:57:46 PM,01/07/2026,"",true,true,100.00,19/19,en,"[1, 2, 3, 4, 5, 6, 7, 8, 9, 10, 12, 13, 14, 15, 16, 17, 18, 19]",false,"",14,2+ hours a week,Gym or exercise,Feeling healthy or strong,1,3,2,5,4,3,3,5,Sometimes,Quite important,"[""Speaking up ||| Social Connections ||| Teamwork ||| Leadership""]",[],"[""Problem-solving ||| Focus ||| Confidence ||| Handling stress""]",Confident,Very easy,"","[""make me feel included""]",[],"[""make me feel comfortable asking them for help ||| help me feel more confident ||| positively influence my experience ||| help create safe environments""]","Yes, a lot",More choice in activities ||| Fun social activities ||| Better places to play,Often,1999-11-01,Tunisia,Female,7,9,11,25,6,6,18,8,4,0,13,6,25,6,0,0,0,"",Mobile,Chrome 150.0
QQtLhereiYQ,QQtLhdf3isY,false,Anonymous,Guest,08:40:10 PM,01/07/2026,false,"","","",true,false,"","",en,"",false,"",0,"","","","","","","","","","","","","",[],[],[],"","","",[],[],[],"","","","","","",0,0,0,0,0,0,0,0,0,0,0,0,0,0,0,0,0,"",Mobile,Safari 604.1
QQs2F07hmhY,QQs2F0F6nzw,false,Anonymous,Guest,09:02:17 PM,01/07/2026,false,"","","",true,false,"","",en,"",false,"",0,"","","","","","","","","","","","","",[],[],[],"","","",[],[],[],"","","","","","",0,0,0,0,0,0,0,0,0,0,0,0,0,0,0,0,0,"",Desktop,Chrome 148.0
QQt-i2P56qQ,QQt-i1cwR1s,false,Anonymous,Guest,09:36:49 PM,01/07/2026,false,09:36:49 PM,01/07/2026,"",true,true,15.79,3/19,en,"[1, 2, 3]",false,"",2,About 1–2 hours a week,I don’t regularly take part,"","","","","","","","","","","",[],[],[],"","","",[],[],[],"","","","","","",7,6,0,0,0,0,0,0,0,0,0,0,0,0,0,0,0,"",Mobile,Safari 604.1
QQuBOUrOz-A,QQuBOUIX8GY,false,Anonymous,Guest,09:41:42 PM,01/07/2026,false,09:41:42 PM,01/07/2026,"",true,false,"","",en,"",false,unyo-linkedin,15,2+ hours a week,Gym or exercise,Feeling healthy or strong,3,3,2,5,5,2,1,3,"Yes, a lot",Very important,"[""Speaking up ||| Problem-solving""]",[],"[""Confidence ||| Teamwork ||| Leadership ||| Handling stress ||| Focus ||| Social Connections""]",Somewhat confident,Very difficult,School or work pressure,"[""make me feel included""]",[],"[""make me feel comfortable asking them for help ||| positively influence my experience ||| help create safe environments ||| help me feel more confident""]",Not sure,Feeling welcome ||| Free or low-cost activities ||| Supportive coaches,Never,Invalid date,Argentina,Female,7,7,7,29,5,4,19,8,7,7,16,5,27,5,0,0,0,"",Mobile,Mozilla 5.0
QQwTs9F8t6A,QQwTs8X6pmM,false,Anonymous,Guest,12:31:01 AM,02/07/2026,false,12:31:01 AM,02/07/2026,"",true,true,100.00,19/19,en,"[1, 2, 3, 4, 5, 6, 7, 8, 9, 10, 12, 13, 14, 15, 16, 17, 18, 19]",false,"",14,Less than 30 minutes a week,Online/virtual fitness ||| Gym or exercise ||| Physical education (PE) or school sport,Feeling healthy or strong,3,1,2,5,4,5,1,5,"Yes, a lot",Very important,"[""Leadership""]",[],"[""Social Connections ||| Teamwork ||| Confidence ||| Speaking up ||| Focus ||| Problem-solving ||| Handling stress""]",Very confident,Quite easy,"",[],[],"[""make me feel included ||| positively influence my experience ||| make me feel comfortable asking them for help ||| help create safe environments ||| help me feel more confident""]","Yes, a lot",Free or low-cost activities ||| Better places to play ||| Supportive coaches,Never,2000-12-01,The Gambia,Female,22,36,54,119,10,20,49,26,18,0,25,10,48,10,0,0,0,"",Mobile,Chrome 149.0
QQy4zdSrPKY,QQy4zcsJPyc,false,Anonymous,Guest,03:19:20 AM,02/07/2026,false,03:19:20 AM,02/07/2026,"",true,true,26.32,5/19,en,"[1, 2, 3, 4, 5]",false,"",4,2+ hours a week,Gym or exercise,Relaxing or reducing stress,4,3,4,4,5,3,3,4,"","",[],[],[],"","","",[],[],[],"","","","","","",11,7,7,17,0,0,0,0,0,0,0,0,0,0,0,0,0,"",Desktop,Chrome 149.0
QQ0461JE2T4,QQ0460j4H2g,false,Anonymous,Guest,05:44:36 AM,02/07/2026,false,05:44:37 AM,02/07/2026,"",true,true,100.00,19/19,en,"[1, 2, 3, 4, 5, 6, 7, 8, 9, 10, 12, 13, 14, 15, 16, 17, 18, 19]",false,"",14,2+ hours a week,Informal play with friends,Relaxing or reducing stress,4,4,4,3,4,4,3,3,Sometimes,Very important,[],[],"[""Problem-solving ||| Focus ||| Confidence ||| Teamwork ||| Handling stress ||| Social Connections ||| Leadership ||| Speaking up""]",Confident,Quite easy,"",[],[],"[""help me feel more confident ||| make me feel included ||| positively influence my experience ||| make me feel comfortable asking them for help ||| help create safe environments""]","Yes, a lot",Free or low-cost activities ||| Supportive coaches ||| Better places to play,Often,1990-10-01,India,Male,12,31,21,49,8,9,34,10,12,0,20,10,39,7,0,0,0,"",Mobile,Chrome 149.0
QQ1zmuPj6DQ,QQ1zmtVdFYg,false,Anonymous,Guest,06:47:37 AM,02/07/2026,false,06:47:37 AM,02/07/2026,"",true,true,15.79,3/19,en,"[1, 2, 3]",false,unyo-linkedin,2,2+ hours a week,Informal play with friends ||| Community sport club ||| Physical education (PE) or school sport,"","","","","","","","","","","",[],[],[],"","","",[],[],[],"","","","","","",8,6,0,0,0,0,0,0,0,0,0,0,0,0,0,0,0,"",Desktop,Chrome 149.0
QQ3ANyXE_Cg,QQ3ANxnekaQ,false,Anonymous,Guest,08:07:08 AM,02/07/2026,false,"","","",true,false,"","",en,"",false,"",2,2+ hours a week,I don’t regularly take part,"","","","","","","","","","","",[],[],[],"","","",[],[],[],"","","","","","",28,7,0,0,0,0,0,0,0,0,0,0,0,0,0,0,0,"",Mobile,Chrome 149.0
QQ3Djm80D2c,QQ3Djmjo0Ak,false,Anonymous,Guest,08:09:57 AM,02/07/2026,false,"","","",true,false,"","",en,"",false,"",0,"","","","","","","","","","","","","",[],[],[],"","","",[],[],[],"","","","","","",0,0,0,0,0,0,0,0,0,0,0,0,0,0,0,0,0,"",Mobile,Safari 604.1
QQ3mJ2U7mJc,QQ3mJ1ygPgU,false,Anonymous,Guest,08:49:08 AM,02/07/2026,false,08:49:08 AM,02/07/2026,"",true,true,26.32,5/19,en,"[1, 2, 3, 4, 5]",false,"",4,2+ hours a week,Gym or exercise,Learning new skills,5,3,3,3,3,3,3,3,"","",[],[],[],"","","",[],[],[],"","","","","","",12,13,13,38,0,0,0,0,0,0,0,0,0,0,0,0,0,"",Desktop,Safari 605.1
QQouzQFAM3E,QQouzPQl9ao,false,Anonymous,Guest,09:39:42 AM,02/07/2026,false,09:39:46 AM,02/07/2026,"",true,true,10.53,2/19,en,"[1, 2]",false,"",1,About 1–2 hours a week,"","","","","","","","","","","","",[],[],[],"","","",[],[],[],"","","","","","",19,0,0,0,0,0,0,0,0,0,0,0,0,0,0,0,0,"",Desktop,Chrome 149.0
QQ4YKsWZhys,QQ4YKr2q5fI,false,Anonymous,Guest,09:42:47 AM,02/07/2026,false,"","","",true,false,"","",en,"",false,"",0,"","","","","","","","","","","","","",[],[],[],"","","",[],[],[],"","","","","","",0,0,0,0,0,0,0,0,0,0,0,0,0,0,0,0,0,"",Mobile,Chrome 149.0
QQ4iXEBmwuE,QQ4iXDQGLhM,false,Anonymous,Guest,09:56:23 AM,02/07/2026,false,09:56:23 AM,02/07/2026,"",true,true,100.00,19/19,en,"[1, 2, 3, 4, 5, 6, 7, 8, 9, 10, 12, 13, 14, 15, 16, 17, 18, 19]",false,"",14,About 1–2 hours a week,Gym or exercise,Feeling healthy or strong,3,3,3,5,5,3,5,2,"Yes, a lot",Quite important,"[""Speaking up""]",[],"[""Social Connections ||| Confidence ||| Handling stress ||| Teamwork ||| Focus ||| Problem-solving ||| Leadership""]",Confident,Very easy,"","[""make me feel included""]",[],"[""positively influence my experience ||| help me feel more confident ||| make me feel comfortable asking them for help ||| help create safe environments""]",A little,Free or low-cost activities ||| Better places to play ||| More choice in activities,Often,1993-11-01,United Kingdom,Male,7,14,12,23,7,5,14,5,4,0,12,8,14,8,0,0,0,"",Mobile,Chrome 149.0
QQ4hkwoSsbY,QQ4hkwKe-g0,false,Anonymous,Guest,09:56:41 AM,02/07/2026,false,09:56:42 AM,02/07/2026,"",true,true,100.00,19/19,en,"[1, 2, 3, 4, 5, 6, 7, 8, 9, 10, 12, 13, 14, 15, 16, 17, 18, 19]",false,"",14,2+ hours a week,Community sport club,Being part of a team,4,3,5,2,3,2,3,3,Sometimes,Quite important,"[""Leadership ||| Speaking up""]",[],"[""Handling stress ||| Focus ||| Confidence ||| Teamwork ||| Social Connections ||| Problem-solving""]",Confident,Very easy,"","[""help create safe environments ||| make me feel comfortable asking them for help""]",[],"[""positively influence my experience ||| make me feel included ||| help me feel more confident""]",A little,Feeling welcome ||| Better places to play ||| Supportive coaches,Often,2003-02-01,United Kingdom,Male,13,13,12,63,6,9,24,7,4,0,23,8,23,4,0,0,0,"",Mobile,Safari 604.1
QQ4iLy0mqYw,QQ4iLycVqUg,false,Anonymous,Guest,09:56:42 AM,02/07/2026,false,09:56:42 AM,02/07/2026,"",true,true,100.00,19/19,en,"[1, 2, 3, 4, 5, 6, 7, 8, 9, 10, 12, 13, 14, 15, 16, 17, 18, 19]",false,"",14,2+ hours a week,Physical education (PE) or school sport ||| Community sport club,Having fun,4,3,5,4,3,2,3,3,"Yes, a lot",Very important,[],[],"[""Problem-solving ||| Leadership ||| Focus ||| Social Connections ||| Confidence ||| Handling stress ||| Speaking up ||| Teamwork""]",Somewhat confident,Very easy,"",[],[],"[""make me feel included ||| help me feel more confident ||| make me feel comfortable asking them for help ||| positively influence my experience ||| help create safe environments""]",A little,Feeling welcome ||| Supportive coaches ||| Free or low-cost activities,Sometimes,1999-03-01,United Kingdom,Male,7,10,17,35,7,6,14,9,4,0,21,6,16,7,0,0,0,"",Mobile,Safari 604.1
QQ4hksyvjbs,QQ4hksVhHGM,false,Anonymous,Guest,09:57:10 AM,02/07/2026,false,09:57:10 AM,02/07/2026,"",true,true,100.00,19/19,en,"[1, 2, 3, 4, 5, 6, 7, 8, 9, 10, 12, 13, 14, 15, 16, 17, 18, 19]",false,"",14,2+ hours a week,Gym or exercise,Feeling healthy or strong,1,2,1,4,3,1,1,1,Not at all,Not very important,"[""Social Connections ||| Speaking up ||| Teamwork ||| Problem-solving ||| Handling stress ||| Leadership""]",[],"[""Focus ||| Confidence""]",Very confident,Very easy,"","[""make me feel included ||| positively influence my experience ||| help me feel more confident ||| make me feel comfortable asking them for help""]",[],"[""help create safe environments""]",Not at all,Fun social activities ||| More choice in activities ||| Free or low-cost activities,Sometimes,1978-09-01,Italy,Male,10,7,11,41,18,11,30,8,6,0,28,6,23,10,0,0,0,"",Mobile,Safari 604.1
QQ4i8cYMgM8,QQ4i8b4AxxI,false,Anonymous,Guest,09:57:16 AM,02/07/2026,false,09:57:16 AM,02/07/2026,"",true,true,100.00,19/19,en,"[1, 2, 3, 4, 5, 6, 7, 8, 9, 10, 12, 13, 14, 15, 16, 17, 18, 19]",false,"",14,2+ hours a week,Gym or exercise,Relaxing or reducing stress,4,3,4,4,5,4,3,3,"Yes, a lot",Very important,[],[],"[""Confidence ||| Speaking up ||| Problem-solving ||| Teamwork ||| Social Connections ||| Focus ||| Leadership ||| Handling stress""]",Somewhat confident,Very easy,"",[],[],"[""help me feel more confident ||| make me feel comfortable asking them for help ||| help create safe environments ||| make me feel included ||| positively influence my experience""]","Yes, a lot",More choice in activities ||| Better places to play ||| Free or low-cost activities,Often,1995-03-01,United Kingdom,Female,7,6,13,25,7,4,42,8,3,0,9,8,16,5,0,0,0,"",Mobile,Safari 604.1
QQ4hl1_LH5c,QQ4hl1XQ-n8,false,Anonymous,Guest,09:57:43 AM,02/07/2026,false,09:57:43 AM,02/07/2026,"",true,true,100.00,19/19,en,"[1, 2, 3, 4, 5, 6, 7, 8, 9, 10, 11, 12, 13, 14, 15, 16, 17, 18, 19]",false,"",15,I’m not active at the moment,I don’t regularly take part,Having fun,3,3,3,3,3,3,3,3,Sometimes,Neutral,[],[],"[""Confidence ||| Speaking up ||| Problem-solving ||| Handling stress ||| Leadership ||| Teamwork ||| Social Connections ||| Focus""]",Slightly confident,Difficult,Lack of time,[],[],"[""make me feel included ||| help create safe environments ||| positively influence my experience ||| make me feel comfortable asking them for help ||| help me feel more confident""]",A little,More choice in activities ||| Free or low-cost activities ||| Better places to play,Sometimes,2002-06-01,United Kingdom,Male,123,116,70,74,13,4,17,8,9,12,12,6,18,10,0,0,0,"",Mobile,Safari 604.1
QQ4jDGr3HGc,QQ4jDGK9ifU,false,Anonymous,Guest,09:57:44 AM,02/07/2026,false,09:57:44 AM,02/07/2026,"",true,true,100.00,19/19,en,"[1, 2, 3, 4, 5, 6, 7, 8, 9, 10, 12, 13, 14, 15, 16, 17, 18, 19]",false,"",14,2+ hours a week,Gym or exercise,Feeling healthy or strong,3,4,3,4,4,1,3,3,Sometimes,Very important,[],[],"[""Social Connections ||| Focus ||| Confidence ||| Leadership ||| Speaking up ||| Problem-solving ||| Handling stress ||| Teamwork""]",Confident,Very easy,"",[],[],"[""help create safe environments ||| make me feel comfortable asking them for help ||| positively influence my experience ||| help me feel more confident ||| make me feel included""]",A little,Better places to play ||| Free or low-cost activities ||| More choice in activities,Sometimes,1989-02-01,United Kingdom,Male,10,49,50,45,13,4,16,6,4,0,9,6,17,6,0,0,0,"",Mobile,Chrome 143.0
QQ4i6GGLcus,QQ4i6Fg8kBQ,false,Anonymous,Guest,09:58:03 AM,02/07/2026,false,09:58:03 AM,02/07/2026,"",true,true,100.00,19/19,en,"[1, 2, 3, 4, 5, 6, 7, 8, 9, 10, 12, 13, 14, 15, 16, 17, 18, 19]",false,"",14,2+ hours a week,Physical education (PE) or school sport,Learning new skills,5,5,5,5,3,2,1,3,"Yes, a lot",Very important,[],[],"[""Problem-solving ||| Speaking up ||| Social Connections ||| Focus ||| Teamwork ||| Handling stress ||| Leadership ||| Confidence""]",Somewhat confident,Very easy,"",[],[],"[""make me feel included ||| positively influence my experience ||| help create safe environments ||| make me feel comfortable asking them for help ||| help me feel more confident""]",A little,More choice in activities ||| Feeling welcome ||| Better places to play,Sometimes,1987-05-01,United Kingdom,Male,15,14,20,39,5,5,21,13,4,0,14,7,22,9,0,0,0,"",Mobile,Chrome 149.0
QQ4izVJlpvs,QQ4izUtMTWM,false,Anonymous,Guest,10:01:47 AM,02/07/2026,false,10:01:47 AM,02/07/2026,"",true,true,100.00,19/19,en,"[1, 2, 3, 4, 5, 6, 7, 8, 9, 10, 12, 13, 14, 15, 16, 17, 18, 19]",false,"",14,2+ hours a week,Community sport club ||| Physical education (PE) or school sport ||| Gym or exercise,Having fun,5,1,2,4,4,3,2,5,"Yes, a lot",Very important,[],[],"[""Speaking up ||| Teamwork ||| Problem-solving ||| Focus ||| Social Connections ||| Leadership ||| Handling stress ||| Confidence""]",Slightly confident,Quite easy,"",[],[],"[""positively influence my experience ||| make me feel comfortable asking them for help ||| help me feel more confident ||| help create safe environments ||| make me feel included""]",A little,Fun social activities ||| Free or low-cost activities ||| Supportive coaches,Often,2001-02-01,[OTHER] England,Female,18,26,76,50,16,8,28,11,13,0,17,11,18,5,0,0,0,"",Mobile,Safari 604.1
QQ4zuGjSiqI,QQ4zuGF5Cdw,false,Anonymous,Guest,10:24:44 AM,02/07/2026,false,10:24:44 AM,02/07/2026,"",true,true,100.00,19/19,en,"[1, 2, 3, 4, 5, 6, 7, 8, 9, 10, 11, 12, 13, 14, 15, 16, 17, 18, 19]",false,"",15,About 1–2 hours a week,Online/virtual fitness ||| Gym or exercise ||| Dance or movement,Feeling healthy or strong,2,3,2,3,5,1,1,1,Sometimes,Neutral,"[""Speaking up""]",[],"[""Social Connections ||| Teamwork ||| Leadership ||| Focus ||| Confidence ||| Problem-solving ||| Handling stress""]",Confident,Difficult,Lack of time,"[""help create safe environments""]",[],"[""make me feel comfortable asking them for help ||| positively influence my experience ||| help me feel more confident ||| make me feel included""]",A little,Feeling welcome ||| Free or low-cost activities ||| Better places to play,Rarely,2004-07-01,United Kingdom,Female,11,16,17,37,7,238,49,8,9,9,76,11,8,6,0,0,0,"",Desktop,Chrome 145.0
QQ53l0BW954,QQ53lzX3qvg,false,Anonymous,Guest,11:30:23 AM,02/07/2026,false,11:30:23 AM,02/07/2026,"",true,true,100.00,19/19,en,"[1, 2, 3, 4, 5, 6, 7, 8, 9, 10, 12, 13, 14, 15, 16, 17, 18, 19]",false,unyo-linkedin,14,About 1–2 hours a week,Gym or exercise ||| Informal play with friends,Learning new skills,5,4,4,5,5,5,5,5,Sometimes,Very important,[],[],"[""Leadership ||| Social Connections ||| Handling stress ||| Focus ||| Teamwork ||| Confidence ||| Speaking up ||| Problem-solving""]",Confident,Very easy,"",[],[],"[""make me feel included ||| make me feel comfortable asking them for help ||| help me feel more confident ||| help create safe environments ||| positively influence my experience""]","Yes, a lot",Fun social activities ||| Feeling welcome ||| More choice in activities,Often,2010-02-01,Indonesia,Female,23,15,14,26,8,7,15,10,4,0,10,10,25,6,0,0,0,"",Mobile,Chrome 143.0
QQ6AP_8W9ts,QQ6AP_jQeDs,false,Anonymous,Guest,11:36:14 AM,02/07/2026,false,11:36:14 AM,02/07/2026,"",true,true,10.53,2/19,en,"[1, 2]",false,unyo-linkedin,1,2+ hours a week,"","","","","","","","","","","","",[],[],[],"","","",[],[],[],"","","","","","",10,0,0,0,0,0,0,0,0,0,0,0,0,0,0,0,0,"",Mobile,Mozilla 5.0
QQ4hvpGJeo0,QQ4hvokeGDU,false,Anonymous,Guest,11:41:53 AM,02/07/2026,false,11:41:54 AM,02/07/2026,"",true,true,100.00,19/19,en,"[1, 2, 3, 4, 5, 6, 7, 8, 9, 10, 12, 13, 14, 15, 16, 17, 18, 19]",false,"",14,2+ hours a week,Community sport club ||| Informal play with friends ||| Gym or exercise ||| Physical education (PE) or school sport,Relaxing or reducing stress,5,4,2,2,3,2,2,4,Sometimes,Very important,[],[],"[""Confidence ||| Teamwork ||| Leadership ||| Problem-solving ||| Speaking up ||| Focus ||| Social Connections ||| Handling stress""]",Confident,Very easy,"",[],[],"[""make me feel included ||| make me feel comfortable asking them for help ||| help me feel more confident ||| help create safe environments ||| positively influence my experience""]",A little,Feeling welcome ||| Better places to play ||| Free or low-cost activities,Often,1995-07-01,Albania,Male,21,19,34,70,14,12,23,17,9,0,29,29,26,14,0,0,0,"",Mobile,Safari 604.1
QQ7O1UYS_J4,QQ7O1Tt5p6U,false,Anonymous,Guest,01:09:14 PM,02/07/2026,false,01:09:14 PM,02/07/2026,"",true,false,"","",en,"",false,"",15,About 1–2 hours a week,Community sport club ||| Gym or exercise ||| Informal play with friends,Feeling healthy or strong,5,3,3,3,3,1,2,3,Sometimes,Quite important,[],[],"[""Leadership ||| Teamwork ||| Problem-solving ||| Handling stress ||| Social Connections ||| Confidence ||| Speaking up ||| Focus""]",Confident,Difficult,Cost,"[""positively influence my experience""]",[],"[""help create safe environments ||| make me feel included ||| help me feel more confident ||| make me feel comfortable asking them for help""]",A little,More choice in activities ||| Free or low-cost activities ||| Better places to play,Rarely,Invalid date,United Kingdom,Female,13,13,15,33,9,5,16,10,13,36,8,5,19,8,0,0,0,"",Desktop,Safari 605.1
QQ7aB-Jug1o,QQ7aB_tk2r4,false,Anonymous,Guest,01:17:22 PM,02/07/2026,false,01:17:22 PM,02/07/2026,"",true,true,100.00,19/19,en,"[1, 2, 3, 4, 5, 6, 7, 8, 9, 10, 12, 13, 14, 15, 16, 17, 18, 19]",false,"",14,2+ hours a week,Physical education (PE) or school sport ||| Community sport club ||| Gym or exercise ||| Informal play with friends ||| Dance or movement,Spending time with friends,5,5,5,5,5,5,5,5,"Yes, a lot",Very important,[],[],"[""Speaking up ||| Social Connections ||| Leadership ||| Problem-solving ||| Handling stress ||| Teamwork ||| Confidence ||| Focus""]",Very confident,Quite easy,"",[],[],"[""help create safe environments ||| make me feel comfortable asking them for help ||| help me feel more confident ||| positively influence my experience ||| make me feel included""]","Yes, a lot",Supportive coaches ||| Free or low-cost activities ||| Feeling welcome,Sometimes,2009-07-01,United States,Female,4,10,12,26,8,7,16,8,6,0,9,8,17,7,0,0,0,"",Desktop,Chrome 149.0
QQ85xhoQLr8,QQ85xg_rqOk,false,Anonymous,Guest,03:02:13 PM,02/07/2026,false,03:02:13 PM,02/07/2026,"",true,true,100.00,19/19,en,"[1, 2, 3, 4, 5, 6, 7, 8, 9, 10, 12, 13, 14, 15, 16, 17, 18, 19]",false,unyo-instagram,14,2+ hours a week,Gym or exercise,Being part of a team,1,1,1,1,1,1,1,1,"Yes, a lot",Very important,[],[],"[""Confidence ||| Social Connections ||| Speaking up ||| Handling stress ||| Focus ||| Leadership ||| Problem-solving ||| Teamwork""]",Confident,Quite easy,"",[],[],"[""make me feel included ||| help create safe environments ||| help me feel more confident ||| positively influence my experience ||| make me feel comfortable asking them for help""]","Yes, a lot",Supportive coaches ||| Better places to play ||| Feeling welcome,Always,2002-03-01,Pakistan,Other,14,24,5,25,9,6,22,13,6,0,9,6,13,5,0,0,0,"",Mobile,Safari 604.1
QQ_vGj5g8w4,QQ_vGjUTOqQ,false,Anonymous,Guest,05:07:22 PM,02/07/2026,false,05:07:22 PM,02/07/2026,"",true,true,10.53,2/19,en,"[1, 2]",false,"",1,About 30–60 minutes a week,"","","","","","","","","","","","",[],[],[],"","","",[],[],[],"","","","","","",31,0,0,0,0,0,0,0,0,0,0,0,0,0,0,0,0,"",Mobile,Safari 604.1
QRANOPyKtOY,QRANOPFvTFo,false,Anonymous,Guest,06:59:55 PM,02/07/2026,false,"","","",true,false,"","",en,"",false,unyo-linkedin,11,2+ hours a week,Community sport club ||| Gym or exercise,Feeling healthy or strong,3,1,2,3,4,5,1,2,"Yes, a lot",Very important,[],[],"[""Confidence ||| Social Connections ||| Speaking up ||| Handling stress ||| Teamwork ||| Leadership ||| Problem-solving ||| Focus""]",Very confident,Very easy,"",[],[],"[""help me feel more confident ||| positively influence my experience ||| make me feel comfortable asking them for help ||| help create safe environments ||| make me feel included""]","Yes, a lot","","","","","",18,18,13,17,459,16,18,8,9,0,16,10,0,0,0,0,0,"",Desktop,Chrome 149.0
QRCWlM8QxEA,QRCWlMNUOgo,false,Anonymous,Guest,09:22:54 PM,02/07/2026,false,09:22:54 PM,02/07/2026,"",true,true,100.00,19/19,en,"[1, 2, 3, 4, 5, 6, 7, 8, 9, 10, 12, 13, 14, 15, 16, 17, 18, 19]",false,unyo-instagram,14,2+ hours a week,Gym or exercise,Competing,5,4,3,5,5,5,4,3,"Yes, a lot",Quite important,[],[],"[""Problem-solving ||| Confidence ||| Speaking up ||| Focus ||| Handling stress ||| Social Connections ||| Leadership ||| Teamwork""]",Confident,Very easy,"",[],[],"[""help me feel more confident ||| positively influence my experience ||| make me feel included ||| make me feel comfortable asking them for help ||| help create safe environments""]",A little,Feeling welcome ||| More choice in activities ||| Free or low-cost activities,Sometimes,2009-10-01,Sri Lanka,Male,11,6,7,29,8,8,15,9,5,0,20,9,16,8,0,0,0,"",Mobile,Safari 604.1
QRH2vnYpcyY,QRH2vmtErz8,false,Anonymous,Guest,03:45:45 AM,03/07/2026,false,"","","",true,false,"","",en,"",false,"",4,About 1–2 hours a week,Dance or movement,Having fun,4,3,4,3,4,4,4,5,"","",[],[],[],"","","",[],[],[],"","","","","","",9,26,12,35,0,0,0,0,0,0,0,0,0,0,0,0,0,"",Mobile,Mozilla 5.0
QRJFr5A6s9A,QRJFr4Qc0j4,false,Anonymous,Guest,05:10:42 AM,03/07/2026,false,05:10:42 AM,03/07/2026,"",true,true,5.26,1/19,en,[1],false,"",0,"","","","","","","","","","","","","",[],[],[],"","","",[],[],[],"","","","","","",0,0,0,0,0,0,0,0,0,0,0,0,0,0,0,0,0,"",Mobile,Chrome 143.0
QRMaD2B45xM,QRMaD1Q52Ok,false,Anonymous,Guest,09:03:25 AM,03/07/2026,false,09:03:25 AM,03/07/2026,"",true,true,10.53,2/19,en,"[""1"", 2]",false,"",1,2+ hours a week,"","","","","","","","","","","","",[],[],[],"","","",[],[],[],"","","","","","",25,0,0,0,0,0,0,0,0,0,0,0,0,0,0,0,0,"",Mobile,Chrome 149.0
QRMcEqO19LQ,QRMcEpzxgu8,false,Anonymous,Guest,09:05:00 AM,03/07/2026,false,"","","",true,false,"","",en,"",false,unyo-linkedin,2,About 1–2 hours a week,Online/virtual fitness ||| Gym or exercise,"","","","","","","","","","","",[],[],[],"","","",[],[],[],"","","","","","",4,7,0,0,0,0,0,0,0,0,0,0,0,0,0,0,0,"",Mobile,Mozilla 5.0
QRMebDWnN8s,QRMebClSMSM,false,Anonymous,Guest,09:07:23 AM,03/07/2026,false,"","","",true,false,"","",en,"",false,"",0,"","","","","","","","","","","","","",[],[],[],"","","",[],[],[],"","","","","","",0,0,0,0,0,0,0,0,0,0,0,0,0,0,0,0,0,"",Desktop,Chrome 149.0
QRMe67BFcXM,QRMe66kea94,false,Anonymous,Guest,09:12:03 AM,03/07/2026,false,09:12:04 AM,03/07/2026,"",true,true,100.00,19/19,en,"[1, 2, 3, 4, 5, 6, 7, 8, 9, 10, 12, 13, 14, 15, 16, 17, 18, 19]",false,"",14,2+ hours a week,Online/virtual fitness ||| Physical education (PE) or school sport ||| Community sport club,Being part of a team,"","","",5,"","","",5,"Yes, a lot",Very important,[],[],"[""Confidence ||| Focus ||| Speaking up ||| Social Connections ||| Handling stress ||| Teamwork ||| Problem-solving ||| Leadership""]",Very confident,Very easy,"",[],[],"[""help me feel more confident ||| make me feel comfortable asking them for help ||| help create safe environments ||| positively influence my experience ||| make me feel included""]","Yes, a lot",Feeling welcome ||| Supportive coaches ||| Fun social activities,Always,2003-07-01,India,Male,12,17,15,30,9,6,17,8,10,0,18,18,12,10,0,0,0,"",Mobile,Chrome 149.0
QRMk9IW9EP4,QRMk9HvKrW0,false,Anonymous,Guest,09:14:32 AM,03/07/2026,false,09:14:32 AM,03/07/2026,"",true,true,5.26,1/19,en,[1],false,"",0,"","","","","","","","","","","","","",[],[],[],"","","",[],[],[],"","","","","","",0,0,0,0,0,0,0,0,0,0,0,0,0,0,0,0,0,"",Mobile,Safari 604.1
QRMnM1GcUl4,QRMnM0r5JuA,false,Anonymous,Guest,09:20:59 AM,03/07/2026,false,09:21:00 AM,03/07/2026,"",true,true,100.00,19/19,en,"[1, 2, 3, 4, 5, 6, 7, 8, 9, 10, 12, 13, 14, 15, 16, 17, 18, 19]",false,"",14,About 1–2 hours a week,Gym or exercise,Relaxing or reducing stress,5,5,5,5,5,5,3,5,Sometimes,Very important,[],[],"[""Leadership ||| Focus ||| Confidence ||| Teamwork ||| Social Connections ||| Problem-solving ||| Speaking up ||| Handling stress""]",Very confident,Quite easy,"",[],[],"[""help me feel more confident ||| make me feel comfortable asking them for help ||| positively influence my experience ||| help create safe environments ||| make me feel included""]",A little,Fun social activities ||| Feeling welcome ||| Better places to play,Often,1994-08-01,India,Male,88,88,87,121,85,83,94,92,82,0,92,88,104,83,0,0,0,"",Desktop,Chrome 149.0
QRMqv-5z5Ic,QRMqv-epi5I,false,Anonymous,Guest,09:21:21 AM,03/07/2026,false,"","","",true,false,"","",en,"",false,"",1,2+ hours a week,"","","","","","","","","","","","",[],[],[],"","","",[],[],[],"","","","","","",25,0,0,0,0,0,0,0,0,0,0,0,0,0,0,0,0,"",Mobile,Chrome 149.0
QRMnkGkHxXw,QRMnkF-_txQ,false,Anonymous,Guest,09:22:47 AM,03/07/2026,false,09:22:47 AM,03/07/2026,"",true,false,"","",en,"",false,"",15,About 1–2 hours a week,Online/virtual fitness,Relaxing or reducing stress,3,5,2,4,5,2,2,3,Sometimes,Quite important,"[""Speaking up""]",[],"[""Confidence ||| Problem-solving ||| Social Connections ||| Focus ||| Handling stress ||| Leadership ||| Teamwork""]",Somewhat confident,Difficult,School or work pressure,"[""make me feel included""]",[],"[""positively influence my experience ||| make me feel comfortable asking them for help ||| help create safe environments ||| help me feel more confident""]",Not really,Free or low-cost activities ||| Better places to play ||| Feeling welcome,Often,2009-04-01,Turkey,Female,11,17,14,59,16,10,23,12,18,18,23,10,30,15,0,0,0,"",Mobile,Chrome 149.0
QRMte-yMegU,QRMte_jsRe4,false,Anonymous,Guest,09:24:38 AM,03/07/2026,false,09:24:38 AM,03/07/2026,"",true,true,5.26,1/19,en,[1],false,"",0,"","","","","","","","","","","","","",[],[],[],"","","",[],[],[],"","","","","","",0,0,0,0,0,0,0,0,0,0,0,0,0,0,0,0,0,"",Desktop,Chrome 149.0
QRMsOCAnJvk,QRMsOBkyXEs,false,Anonymous,Guest,09:26:22 AM,03/07/2026,false,09:26:22 AM,03/07/2026,"",true,true,5.26,1/19,en,[1],false,"",0,"","","","","","","","","","","","","",[],[],[],"","","",[],[],[],"","","","","","",0,0,0,0,0,0,0,0,0,0,0,0,0,0,0,0,0,"",Mobile,Chrome 149.0
QRMv8V2JCmo,QRMv8VYwJcc,false,Anonymous,Guest,09:26:47 AM,03/07/2026,false,09:26:47 AM,03/07/2026,"",true,true,15.79,3/19,en,"[1, 2, 3]",false,"",2,2+ hours a week,Gym or exercise ||| Physical education (PE) or school sport ||| Dance or movement,"","","","","","","","","","","",[],[],[],"","","",[],[],[],"","","","","","",6,10,0,0,0,0,0,0,0,0,0,0,0,0,0,0,0,"",Mobile,Safari 604.1
QRMvdcBN4Wk,QRMvdbnd0Cs,false,Anonymous,Guest,09:28:43 AM,03/07/2026,false,09:28:43 AM,03/07/2026,"",true,false,"","",en,"",false,"",14,2+ hours a week,Dance or movement,Learning new skills,5,3,4,4,5,5,5,5,"Yes, a lot",Very important,[],[],"[""Leadership ||| Confidence ||| Teamwork ||| Problem-solving ||| Focus ||| Speaking up ||| Handling stress ||| Social Connections""]",Very confident,Very easy,"",[],[],"[""help create safe environments ||| make me feel comfortable asking them for help ||| help me feel more confident ||| positively influence my experience ||| make me feel included""]",Not really,Supportive coaches ||| More choice in activities ||| Feeling welcome,Always,1996-10-01,India,Other,8,5,5,22,10,10,15,11,4,0,10,5,19,8,0,0,0,"",Mobile,Chrome 149.0
QRMr6-eY_Lo,QRMr6-Dtk8g,false,Anonymous,Guest,09:29:52 AM,03/07/2026,false,09:29:52 AM,03/07/2026,"",true,true,100.00,19/19,en,"[1, 2, 3, 4, 5, 6, 7, 8, 9, 10, 11, 12, 13, 14, 15, 16, 17, 18, 19]",false,"",15,2+ hours a week,Gym or exercise,Learning new skills,4,5,5,5,5,2,5,5,"Yes, a lot",Very important,[],[],"[""Focus ||| Social Connections ||| Leadership ||| Speaking up ||| Problem-solving ||| Teamwork ||| Handling stress ||| Confidence""]",Very confident,Difficult,"Other (please share) [not proper resources, filed, and equipments for that specific resource in my living area or city tbs]",[],[],"[""make me feel comfortable asking them for help ||| help me feel more confident ||| positively influence my experience ||| make me feel included ||| help create safe environments""]","Yes, a lot",More choice in activities ||| Feeling welcome ||| Better places to play,Always,2007-11-01,India,Female,11,22,26,55,10,16,20,17,16,65,19,9,56,19,0,0,0,"",Desktop,Chrome 149.0
QRMrUeP-C7o,QRMrUdo2jqg,false,Anonymous,Guest,09:30:12 AM,03/07/2026,false,09:30:12 AM,03/07/2026,"",true,true,100.00,19/19,en,"[1, 2, 3, 4, 5, 6, 7, 8, 9, 10, 12, 13, 14, 15, 16, 17, 18, 19]",false,"",14,2+ hours a week,Gym or exercise,Feeling healthy or strong,4,5,5,4,5,1,1,3,"Yes, a lot",Very important,[],[],"[""Speaking up ||| Social Connections ||| Problem-solving ||| Handling stress ||| Teamwork ||| Focus ||| Leadership ||| Confidence""]",Very confident,Very easy,"",[],[],"[""make me feel comfortable asking them for help ||| help create safe environments ||| make me feel included ||| positively influence my experience ||| help me feel more confident""]","Yes, a lot",Feeling welcome ||| More choice in activities ||| Fun social activities,Often,Invalid date,[OTHER] Norway,Female,233,25,27,38,10,5,23,8,5,0,25,25,33,8,0,0,0,"",Mobile,Safari 604.1
QRMyD0k41EM,QRMyDznp784,false,Anonymous,Guest,09:34:07 AM,03/07/2026,false,09:34:08 AM,03/07/2026,"",true,true,100.00,19/19,en,"[1, 2, 3, 4, 5, 6, 7, 8, 9, 10, 12, 13, 14, 15, 16, 17, 18, 19]",false,"",14,2+ hours a week,Informal play with friends ||| Physical education (PE) or school sport ||| Community sport club,Having fun,5,5,5,5,5,5,5,5,"Yes, a lot",Very important,[],[],"[""Teamwork ||| Speaking up ||| Problem-solving ||| Handling stress ||| Leadership ||| Confidence ||| Social Connections ||| Focus""]",Very confident,Very easy,"",[],[],"[""help create safe environments ||| make me feel comfortable asking them for help ||| positively influence my experience ||| help me feel more confident ||| make me feel included""]","Yes, a lot",Better places to play ||| Free or low-cost activities ||| Supportive coaches,Always,2005-05-01,Uganda,Male,19,26,13,30,7,9,23,16,6,0,17,9,26,7,0,0,0,"",Mobile,Chrome 149.0
QRMx9HZMg38,QRMx9G00EGw,false,Anonymous,Guest,09:34:44 AM,03/07/2026,false,09:34:44 AM,03/07/2026,"",true,true,31.58,6/19,en,"[1, 2, 3, 4, 5, 6]",false,"",5,Less than 30 minutes a week,Dance or movement,Feeling confident,3,5,3,4,4,4,4,4,"Yes, a lot","",[],[],[],"","","",[],[],[],"","","","","","",32,76,23,173,88,0,0,0,0,0,0,0,0,0,0,0,0,"",Desktop,Chrome 149.0
QRM0zgcmzAs,QRM0zgAkHBw,false,Anonymous,Guest,09:37:04 AM,03/07/2026,false,09:37:04 AM,03/07/2026,"",true,true,100.00,19/19,en,"[1, 2, 3, 4, 5, 6, 7, 8, 9, 10, 12, 13, 14, 15, 16, 17, 18, 19]",false,"",14,About 1–2 hours a week,Informal play with friends,Feeling confident,5,3,3,5,3,2,2,3,Sometimes,Quite important,[],[],"[""Problem-solving ||| Teamwork ||| Handling stress ||| Leadership ||| Social Connections ||| Focus ||| Speaking up ||| Confidence""]",Somewhat confident,Quite easy,"",[],[],"[""make me feel included ||| make me feel comfortable asking them for help ||| positively influence my experience ||| help create safe environments ||| help me feel more confident""]",A little,Better places to play ||| Free or low-cost activities ||| Fun social activities,Rarely,Invalid date,Ukraine,Male,12,39,20,45,11,7,23,13,7,0,19,12,27,11,0,0,0,"",Desktop,Safari 605.1
QRM6Euly37k,QRM6EuIhbVc,false,Anonymous,Guest,09:37:46 AM,03/07/2026,false,09:37:46 AM,03/07/2026,"",true,true,5.26,1/19,en,[1],false,"",0,"","","","","","","","","","","","","",[],[],[],"","","",[],[],[],"","","","","","",0,0,0,0,0,0,0,0,0,0,0,0,0,0,0,0,0,"",Mobile,Safari 604.1
QRM6SAQYE6k,QRM6R-rPJeE,false,Anonymous,Guest,09:38:03 AM,03/07/2026,false,09:38:03 AM,03/07/2026,"",true,true,10.53,2/19,en,"[1, 2]",false,"",1,About 1–2 hours a week,"","","","","","","","","","","","",[],[],[],"","","",[],[],[],"","","","","","",16,0,0,0,0,0,0,0,0,0,0,0,0,0,0,0,0,"",Mobile,Safari 604.1
QRM4ePWDljo,QRM4eOuFxKM,false,Anonymous,Guest,09:38:54 AM,03/07/2026,false,09:38:54 AM,03/07/2026,"",true,true,31.58,6/19,en,"[1, 2, 3, 4, 5, 6]",false,"",5,Less than 30 minutes a week,I don’t regularly take part,Relaxing or reducing stress,3,5,3,4,4,4,3,3,"Yes, a lot","",[],[],[],"","","",[],[],[],"","","","","","",12,11,21,37,102,0,0,0,0,0,0,0,0,0,0,0,0,"",Desktop,Chrome 149.0
QRNBBXG5BkM,QRNBBWdQmes,false,Anonymous,Guest,09:46:30 AM,03/07/2026,false,09:46:30 AM,03/07/2026,"",true,true,42.11,8/19,en,"[1, 2, 3, 4, 5, 6, 7, 8]",false,"",7,About 1–2 hours a week,Physical education (PE) or school sport,Having fun,4,4,4,5,5,5,5,5,Sometimes,Quite important,"[""Speaking up ||| Social Connections""]",[],"[""Handling stress ||| Confidence ||| Problem-solving ||| Teamwork ||| Leadership ||| Focus""]","","","",[],[],[],"","","","","","",7,13,8,22,8,4,15,0,0,0,0,0,0,0,0,0,0,"",Desktop,Chrome 149.0
QRNBHY6uZ5w,QRNBHYiJgCw,false,Anonymous,Guest,09:48:46 AM,03/07/2026,false,09:48:46 AM,03/07/2026,"",true,false,"","",en,"",false,"",15,2+ hours a week,Dance or movement,Feeling healthy or strong,3,4,4,3,3,3,3,3,Very little,Neutral,"[""Problem-solving ||| Speaking up ||| Handling stress ||| Social Connections ||| Leadership""]",[],"[""Confidence ||| Focus ||| Teamwork""]",Very confident,Difficult,Lack of time,"[""help me feel more confident ||| make me feel comfortable asking them for help""]",[],"[""make me feel included ||| positively influence my experience ||| help create safe environments""]",A little,Feeling welcome ||| Fun social activities ||| Free or low-cost activities,Rarely,Invalid date,Nigeria,Female,10,13,10,22,7,13,25,7,6,7,15,7,20,5,0,0,0,"",Mobile,Safari 604.1
QRNFP6vPuhw,QRNFP6N4TkA,false,Anonymous,Guest,09:50:44 AM,03/07/2026,false,09:50:44 AM,03/07/2026,"",true,true,21.05,4/19,en,"[1, 2, 3, 4]",false,"",3,2+ hours a week,Gym or exercise ||| Informal play with friends,Feeling healthy or strong,"","","","","","","","","","",[],[],[],"","","",[],[],[],"","","","","","",11,31,16,0,0,0,0,0,0,0,0,0,0,0,0,0,0,"",Mobile,Safari 604.1
QRNEAwzAB60,QRNEAwSDyGY,false,Anonymous,Guest,09:52:50 AM,03/07/2026,false,09:52:50 AM,03/07/2026,"",true,false,"","",en,"",false,"",14,2+ hours a week,Community sport club ||| Gym or exercise,Being part of a team,4,5,5,5,5,5,5,5,"Yes, a lot",Very important,[],[],"[""Problem-solving ||| Speaking up ||| Focus ||| Leadership ||| Handling stress ||| Teamwork ||| Confidence ||| Social Connections""]",Very confident,Quite easy,"",[],[],"[""positively influence my experience ||| make me feel comfortable asking them for help ||| make me feel included ||| help create safe environments ||| help me feel more confident""]","Yes, a lot",Supportive coaches ||| Better places to play ||| Free or low-cost activities,Always,Invalid date,Niger,Female,12,21,15,39,10,7,28,8,12,0,15,11,27,7,0,0,0,"",Mobile,Safari 604.1
QRM95fzCh-Q,QRM95fTo57U,false,Anonymous,Guest,09:53:22 AM,03/07/2026,false,09:53:22 AM,03/07/2026,"",true,true,100.00,19/19,en,"[1, 2, 3, 4, 5, 6, 7, 8, 9, 10, 11, 12, 13, 14, 15, 16, 17, 18, 19]",false,"",15,2+ hours a week,Physical education (PE) or school sport,Learning new skills,4,5,5,3,5,4,4,4,Sometimes,Quite important,"[""Leadership""]",[],"[""Problem-solving ||| Teamwork ||| Focus ||| Speaking up ||| Confidence""]",Somewhat confident,Difficult,Other (please share) [Dont know about he the oppurtanities. lack of aware ness],"[""help create safe environments ||| make me feel included ||| help me feel more confident ||| make me feel comfortable asking them for help""]",[],"[""positively influence my experience""]",A little,Better places to play ||| More choice in activities ||| Feeling welcome,Sometimes,2009-01-01,Pakistan,Male,206,211,205,264,201,200,308,209,205,245,225,347,233,203,0,0,0,"",Desktop,Chrome 149.0
QRNE-Bh90gE,QRNE-BG0tcU,false,Anonymous,Guest,09:54:32 AM,03/07/2026,false,09:54:32 AM,03/07/2026,"",true,false,"","",en,"",false,"",15,I’m not active at the moment,Dance or movement ||| Physical education (PE) or school sport,Learning new skills,3,1,2,2,4,3,3,5,Sometimes,Quite important,"[""Leadership ||| Focus""]",[],"[""Social Connections ||| Handling stress ||| Problem-solving ||| Teamwork ||| Speaking up ||| Confidence""]",Not confident at all,Very difficult,School or work pressure,[],[],"[""positively influence my experience ||| help me feel more confident ||| make me feel comfortable asking them for help ||| help create safe environments ||| make me feel included""]",A little,Fun social activities ||| Supportive coaches ||| Free or low-cost activities,Never,2007-12-01,South Africa,Female,9,14,11,46,8,10,21,10,7,10,17,8,15,10,0,0,0,"",Mobile,Chrome 150.0
QRNJVG6SV8k,QRNJVGhLOno,false,Anonymous,Guest,09:55:33 AM,03/07/2026,false,"","","",true,false,"","",en,"",false,"",4,2+ hours a week,Gym or exercise ||| Dance or movement,Relaxing or reducing stress,4,4,4,4,4,4,4,4,"","",[],[],[],"","","",[],[],[],"","","","","","",14,12,8,38,0,0,0,0,0,0,0,0,0,0,0,0,0,"",Desktop,Chrome 149.0
QRNMGXXtlhE,QRNMGW4T7n0,false,Anonymous,Guest,09:57:31 AM,03/07/2026,false,"","","",true,false,"","",en,"",false,"",0,"","","","","","","","","","","","","",[],[],[],"","","",[],[],[],"","","","","","",0,0,0,0,0,0,0,0,0,0,0,0,0,0,0,0,0,"",Mobile,Safari 604.1
QRNJKwRlGso,QRNJKv0KoLk,false,Anonymous,Guest,09:59:47 AM,03/07/2026,false,09:59:47 AM,03/07/2026,"",true,true,100.00,19/19,en,"[1, 2, 3, 4, 5, 6, 7, 8, 9, 10, 12, 13, 14, 15, 16, 17, 18, 19]",false,"",14,2+ hours a week,Physical education (PE) or school sport,Having fun,5,5,5,4,4,3,5,4,Sometimes,Very important,[],[],"[""Focus ||| Teamwork ||| Speaking up ||| Leadership ||| Problem-solving ||| Social Connections ||| Confidence ||| Handling stress""]",Confident,Quite easy,"",[],[],"[""positively influence my experience ||| make me feel included ||| make me feel comfortable asking them for help ||| help create safe environments ||| help me feel more confident""]","Yes, a lot",Better places to play ||| Free or low-cost activities ||| More choice in activities,Rarely,2010-10-01,Kenya,Male,10,10,12,42,9,17,21,14,24,0,27,19,37,23,0,0,0,"",Desktop,Chrome 149.0
QRNPMntdnP0,QRNPMnIlsDU,false,Anonymous,Guest,10:03:54 AM,03/07/2026,false,10:03:54 AM,03/07/2026,"",true,true,42.11,8/19,en,"[1, 2, 3, 4, 5, 6, 7, 8]",false,"",7,About 1–2 hours a week,Gym or exercise,Relaxing or reducing stress,1,2,1,2,2,1,1,2,Sometimes,Not important at all,[],[],"[""Teamwork ||| Speaking up ||| Confidence ||| Focus ||| Social Connections ||| Handling stress ||| Leadership ||| Problem-solving""]","","","",[],[],[],"","","","","","",9,15,3,32,8,22,83,0,0,0,0,0,0,0,0,0,0,"",Desktop,Edge 149.0
QRNeJW80z6s,QRNeJWbXq1g,false,Anonymous,Guest,10:26:06 AM,03/07/2026,false,10:26:06 AM,03/07/2026,"",true,true,100.00,19/19,en,"[1, 2, 3, 4, 5, 6, 7, 8, 9, 10, 11, 12, 13, 14, 15, 16, 17, 18, 19]",false,"",15,About 1–2 hours a week,Gym or exercise,Feeling healthy or strong,3,2,5,3,5,3,5,5,Sometimes,Quite important,"[""Problem-solving ||| Speaking up""]",[],"[""Leadership ||| Teamwork ||| Social Connections ||| Confidence ||| Focus ||| Handling stress""]",Confident,Difficult,Other (please share) [Not alot of sports activities in my city ],[],[],"[""make me feel comfortable asking them for help ||| positively influence my experience ||| make me feel included ||| help me feel more confident ||| help create safe environments""]","Yes, a lot",Free or low-cost activities ||| More choice in activities ||| Better places to play,Rarely,2010-10-01,Egypt,Female,32,18,21,68,23,21,31,41,16,78,20,9,63,25,0,0,0,"",Desktop,Chrome 149.0
QRNmEswDpX0,QRNmEsXXweU,false,Anonymous,Guest,10:26:11 AM,03/07/2026,false,10:26:11 AM,03/07/2026,"",true,true,15.79,3/19,en,"[1, 2, 3]",false,"",2,2+ hours a week,Community sport club ||| Gym or exercise,"","","","","","","","","","","",[],[],[],"","","",[],[],[],"","","","","","",8,12,0,0,0,0,0,0,0,0,0,0,0,0,0,0,0,"",Desktop,Chrome 149.0
QRNjlmnbzNU,QRNjlmKdRr0,false,Anonymous,Guest,10:27:01 AM,03/07/2026,false,10:27:01 AM,03/07/2026,"",true,false,"","",en,"",false,"",14,2+ hours a week,Gym or exercise ||| Dance or movement,Feeling healthy or strong,"","","",5,"","","","",Sometimes,Very important,[],[],"[""Speaking up ||| Confidence ||| Problem-solving ||| Social Connections ||| Focus ||| Handling stress ||| Leadership ||| Teamwork""]",Very confident,Very easy,"",[],[],"[""make me feel included ||| help me feel more confident ||| positively influence my experience ||| make me feel comfortable asking them for help ||| help create safe environments""]","Yes, a lot",Better places to play ||| Fun social activities ||| More choice in activities,Often,1994-02-01,Kenya,Female,12,13,24,37,7,7,22,12,6,0,14,7,19,8,0,0,0,"",Mobile,Safari 604.1
QRNpdOA38Ho,QRNpdNk9Dzk,false,Anonymous,Guest,10:38:09 AM,03/07/2026,false,10:37:06 AM,03/07/2026,"",true,true,100.00,19/19,en,"[""1"", ""2"", ""3"", ""4"", ""5"", ""6"", ""7"", 8, 9, 10, 11, 12, 13, 14, 15, 16, 17, 18, 19]",false,"",15,Less than 30 minutes a week,Online/virtual fitness,Relaxing or reducing stress,1,5,3,5,4,4,4,5,Sometimes,Very important,"[""Leadership ||| Social Connections ||| Speaking up ||| Teamwork ||| Problem-solving""]",[],"[""Focus ||| Confidence ||| Handling stress""]",Somewhat confident,Very difficult,Not interested in sport,[],[],"[""help create safe environments ||| help me feel more confident ||| make me feel comfortable asking them for help ||| make me feel included ||| positively influence my experience""]",Not really,Free or low-cost activities ||| Feeling welcome ||| Better places to play,Sometimes,2006-04-01,Iran,Female,13,18,8,61,5,109,1,10,15,17,21,7,21,9,0,0,0,"",Mobile,Chrome 149.0
QRNjmt6mofI,QRNjmtA7yd4,false,Anonymous,Guest,10:42:05 AM,03/07/2026,false,10:42:05 AM,03/07/2026,"",true,true,100.00,19/19,en,"[1, 2, 3, 3, 3, 3, 3, 3, 3, 3, 3, 3, 4, 5, 6, 7, 8, 9, 10, 12, 13, 14, 15, 16, 17, 18, 18, 18, 19, 19, 19, 19, 19, 19, 19, 19, 19, 19, 19, 19, 19, 19, 19, 19, 19, 19, 19, 19, 19, 19, 19, 19, 19, 19, 19, 19, 19, 19, 19, 19, 19, 19, 19, 19, 19, 19, 19, 19, 19, 19, 19, 19, 19, 19, 19, 19, 19, 19, 19, 19, 19, 19, 19, 19, 19, 19, 19, 19, 19, 19, 19, 19, 19, 19, 19, 19, 19, 19, 19, 19, 19, 19, 19, 19, 19, 19, 19, 19, 19, 19, 19, 19, 19, 19, 19, 19, 19, 19, 19, 19, 19, 19, 19, 19, 19, 19, 19, 19, 19, 19, 19, 19, 19, 19, 19, 19, 19, 19, 19, 19, 19, 19, 19, 19, 19, 19, 19, 19, 19, 19, 19, 19, 19, 19, 19, 19, 19, 19, 19, 19, 19, 19, 19, 19, 19, 19, 19, 19, 19, 19, 19, 19, 19, 19, 19, 19, 19, 19, 19, 19, 19]",false,"",13,2+ hours a week,Physical education (PE) or school sport ||| Informal play with friends ||| Dance or movement ||| Online/virtual fitness ||| Informal play with friends ||| Gym or exercise ||| Community sport club,Feeling healthy or strong,"","","","","","","","","Yes, a lot",Very important,[],[],"[""Handling stress ||| Speaking up ||| Focus ||| Confidence ||| Problem-solving ||| Social Connections ||| Leadership ||| Teamwork""]",Very confident,Very easy,"",[],[],"[""help create safe environments ||| make me feel comfortable asking them for help ||| positively influence my experience ||| make me feel included ||| help me feel more confident""]","Yes, a lot",Fun social activities ||| Free or low-cost activities ||| Feeling welcome,Always,1994-03-01,Nigeria,Male,14,315,31,0,18,13,48,19,11,0,25,18,32,13,0,0,0,"",Mobile,Chrome 149.0
QRNvPCzBBxw,QRNvPCWepwc,false,Anonymous,Guest,10:43:44 AM,03/07/2026,false,10:43:44 AM,03/07/2026,"",true,true,100.00,19/19,en,"[1, 2, 3, 4, 5, 6, 7, 8, 9, 10, 12, 13, 14, 15, 16, 17, 18, 19]",false,"",14,2+ hours a week,Community sport club ||| Online/virtual fitness,Learning new skills,3,2,1,5,4,5,2,1,"Yes, a lot",Very important,[],[],"[""Problem-solving ||| Speaking up ||| Teamwork ||| Leadership ||| Confidence ||| Social Connections ||| Handling stress ||| Focus""]",Confident,Very easy,"",[],[],"[""make me feel comfortable asking them for help ||| make me feel included ||| help create safe environments ||| positively influence my experience ||| help me feel more confident""]","Yes, a lot",Supportive coaches ||| Free or low-cost activities ||| More choice in activities,Always,1989-06-01,Bangladesh,Male,25,53,42,61,6,12,15,29,4,0,38,20,28,6,0,0,0,"",Mobile,Chrome 149.0
QRN587rkX2k,QRN587D58zg,false,Anonymous,Guest,10:50:55 AM,03/07/2026,false,10:50:56 AM,03/07/2026,"",true,true,100.00,19/19,en,"[1, 2, 3, 4, 5, 6, 7, 8, 9, 10, 12, 13, 14, 15, 16, 17, 18, 19]",false,"",14,2+ hours a week,Gym or exercise,Feeling healthy or strong,5,5,5,5,5,5,5,5,"Yes, a lot",Quite important,"[""Problem-solving ||| Teamwork""]",[],"[""Social Connections ||| Leadership ||| Confidence ||| Speaking up ||| Focus ||| Handling stress""]",Very confident,Very easy,"","[""make me feel comfortable asking them for help ||| positively influence my experience""]",[],"[""make me feel included ||| help create safe environments ||| help me feel more confident""]",A little,Feeling welcome ||| Fun social activities ||| Better places to play,Rarely,2009-10-01,Afghanistan,Female,30,20,13,27,8,7,17,8,4,0,12,7,13,7,0,0,0,"",Mobile,Chrome 117.0
QRN8LxbRglc,QRN8Lw6Q0zQ,false,Anonymous,Guest,10:51:05 AM,03/07/2026,false,10:51:05 AM,03/07/2026,"",true,true,31.58,6/19,en,"[1, 2, 3, 4, 5, 6]",false,"",5,2+ hours a week,Dance or movement,Having fun,5,4,5,5,3,3,5,5,"Yes, a lot","",[],[],[],"","","",[],[],[],"","","","","","",19,13,9,30,5,0,0,0,0,0,0,0,0,0,0,0,0,"",Mobile,Chrome 149.0
QRN4-l0jNYc,QRN4-lYQj8U,false,Anonymous,Guest,10:51:09 AM,03/07/2026,false,10:51:09 AM,03/07/2026,"",true,true,100.00,19/19,en,"[1, 2, 3, 4, 5, 6, 7, 8, 9, 10, 12, 13, 14, 15, 16, 17, 18, 19]",false,"",14,2+ hours a week,Community sport club,Being part of a team,5,5,5,5,5,3,5,5,"Yes, a lot",Very important,[],[],"[""Problem-solving ||| Leadership ||| Teamwork ||| Handling stress ||| Social Connections ||| Speaking up ||| Confidence ||| Focus""]",Very confident,Very easy,"",[],[],"[""make me feel comfortable asking them for help ||| positively influence my experience ||| help me feel more confident ||| help create safe environments ||| make me feel included""]","Yes, a lot",Fun social activities ||| Free or low-cost activities ||| Better places to play,Often,2009-01-01,Pakistan,Male,14,14,14,42,8,7,18,16,6,0,14,7,28,7,0,0,0,"",Desktop,Chrome 149.0
QROF2Ywn9hY,QROF2YPMYWo,false,Anonymous,Guest,11:01:02 AM,03/07/2026,false,11:01:02 AM,03/07/2026,"",true,true,21.05,4/19,en,"[1, 2, 3, 4]",false,"",3,About 1–2 hours a week,Dance or movement,Having fun,"","","","","","","","","","",[],[],[],"","","",[],[],[],"","","","","","",10,13,10,0,0,0,0,0,0,0,0,0,0,0,0,0,0,"",Mobile,Safari 604.1
QROG7cmBC_g,QROG7cL6HcM,false,Anonymous,Guest,11:01:41 AM,03/07/2026,false,11:01:41 AM,03/07/2026,"",true,true,10.53,2/19,en,"[1, 2]",false,"",1,Less than 30 minutes a week,"","","","","","","","","","","","",[],[],[],"","","",[],[],[],"","","","","","",7,0,0,0,0,0,0,0,0,0,0,0,0,0,0,0,0,"",Desktop,Chrome 149.0
QRM3roZDC7E,QRM3rnzDAzA,false,Anonymous,Guest,11:09:11 AM,03/07/2026,false,11:09:11 AM,03/07/2026,"",true,false,"","",en,"",false,"",14,2+ hours a week,I don’t regularly take part,Feeling healthy or strong,2,3,4,"",1,3,"","",Sometimes,Quite important,"[""Speaking up""]",[],"[""Social Connections ||| Teamwork ||| Handling stress ||| Problem-solving ||| Leadership ||| Focus ||| Confidence""]",Confident,Quite easy,"",[],[],"[""positively influence my experience ||| help create safe environments ||| make me feel comfortable asking them for help ||| help me feel more confident ||| make me feel included""]",A little,More choice in activities ||| Better places to play ||| Supportive coaches,Never,2006-03-01,Zambia,Female,26,18,102,80,9,20,79,39,21,0,45,5089,42,17,0,0,0,"",Mobile,Chrome 149.0
QROMSpJaafw,QROMSog668E,false,Anonymous,Guest,11:09:32 AM,03/07/2026,false,11:09:32 AM,03/07/2026,"",true,true,52.63,10/19,en,"[1, 2, 3, 4, 5, 6, 7, 8, 9, 10]",false,"",9,About 30–60 minutes a week,Gym or exercise,Feeling confident,4,3,4,2,2,1,2,1,Very little,Neutral,"[""Teamwork ||| Focus ||| Leadership ||| Speaking up ||| Problem-solving""]",[],"[""Confidence ||| Handling stress ||| Social Connections""]",Somewhat confident,Very easy,"",[],[],[],"","","","","","",8,13,9,33,7,7,24,15,6,0,0,0,0,0,0,0,0,"",Desktop,Edge 149.0
QROOryPhLF0,QROOrxy5pYo,false,Anonymous,Guest,11:11:52 AM,03/07/2026,false,"","","",true,false,"","",en,"",false,"",4,2+ hours a week,Dance or movement ||| Gym or exercise,Relaxing or reducing stress,2,1,1,5,3,4,5,5,"","",[],[],[],"","","",[],[],[],"","","","","","",15,29,33,26,0,0,0,0,0,0,0,0,0,0,0,0,0,"",Desktop,Chrome 149.0
QRORn5zcmPA,QRORn5WjQoY,false,Anonymous,Guest,11:13:13 AM,03/07/2026,false,11:13:13 AM,03/07/2026,"",true,true,5.26,1/19,en,[1],false,"",0,"","","","","","","","","","","","","",[],[],[],"","","",[],[],[],"","","","","","",0,0,0,0,0,0,0,0,0,0,0,0,0,0,0,0,0,"",Mobile,Safari 604.1
QROL_nS7q9Q,QROL_m14zlM,false,Anonymous,Guest,11:14:18 AM,03/07/2026,false,"","","",true,false,"","",en,"",false,"",0,"","","","","","","","","","","","","",[],[],[],"","","",[],[],[],"","","","","","",0,0,0,0,0,0,0,0,0,0,0,0,0,0,0,0,0,"",Desktop,Chrome 148.0
QROcADsKL4A,QROcADTmdwo,false,Anonymous,Guest,11:26:16 AM,03/07/2026,false,"","","",true,false,"","",en,"",false,"",4,About 1–2 hours a week,Physical education (PE) or school sport,Relaxing or reducing stress,3,5,5,3,3,3,3,3,"","",[],[],[],"","","",[],[],[],"","","","","","",5,8,25,54,0,0,0,0,0,0,0,0,0,0,0,0,0,"",Desktop,Edge 149.0
QROdWbPLB6Q,QROdWap67P0,false,Anonymous,Guest,11:31:10 AM,03/07/2026,false,11:31:11 AM,03/07/2026,"",true,true,100.00,19/19,en,"[1, 2, 3, 4, 5, 6, 7, 8, 9, 10, 12, 13, 14, 15, 16, 17, 18, 19]",false,"",14,2+ hours a week,Gym or exercise,Having fun,2,5,5,1,3,1,3,2,"Yes, a lot",Very important,[],[],"[""Speaking up ||| Teamwork ||| Problem-solving ||| Handling stress ||| Social Connections ||| Leadership ||| Focus ||| Confidence""]",Very confident,Very easy,"",[],[],"[""make me feel comfortable asking them for help ||| help me feel more confident ||| help create safe environments ||| make me feel included ||| positively influence my experience""]","Yes, a lot",Better places to play ||| Free or low-cost activities ||| More choice in activities,Often,1971-10-01,India,Female,13,31,15,51,9,7,21,10,6,0,12,9,23,7,0,0,0,"",Desktop,Chrome 149.0
QROftLfUQ90,QROftLAxI30,false,Anonymous,Guest,11:31:22 AM,03/07/2026,false,"","","",true,false,"","",en,"",false,"",3,About 1–2 hours a week,Online/virtual fitness ||| Gym or exercise,Learning new skills,"","","","","","","","","","",[],[],[],"","","",[],[],[],"","","","","","",49,60,34,0,0,0,0,0,0,0,0,0,0,0,0,0,0,"",Mobile,Chrome 149.0
QROrZdIah0I,QROrZch5wYo,false,Anonymous,Guest,11:41:20 AM,03/07/2026,false,11:41:20 AM,03/07/2026,"",true,true,5.26,1/19,en,[1],false,"",0,"","","","","","","","","","","","","",[],[],[],"","","",[],[],[],"","","","","","",0,0,0,0,0,0,0,0,0,0,0,0,0,0,0,0,0,"",Mobile,Safari 604.1
QRO4oeK93CA,QRO4odSU2PY,false,Anonymous,Guest,11:58:34 AM,03/07/2026,false,11:58:34 AM,03/07/2026,"",true,true,26.32,5/19,en,"[1, 2, 3, 4, 5]",false,"",4,2+ hours a week,Informal play with friends ||| Gym or exercise,Competing,4,4,4,3,4,4,4,4,"","",[],[],[],"","","",[],[],[],"","","","","","",54,10,19,58,0,0,0,0,0,0,0,0,0,0,0,0,0,"",Desktop,Chrome 149.0
QRPA_aVXat4,QRPA_Z2_tcs,false,Anonymous,Guest,12:04:56 PM,03/07/2026,false,12:04:56 PM,03/07/2026,"",true,true,5.26,1/19,en,[1],false,"",0,"","","","","","","","","","","","","",[],[],[],"","","",[],[],[],"","","","","","",0,0,0,0,0,0,0,0,0,0,0,0,0,0,0,0,0,"",Desktop,Chrome 149.0
QRO-5zcdPlQ,QRO-5y4GkZE,false,Anonymous,Guest,12:08:58 PM,03/07/2026,false,12:08:58 PM,03/07/2026,"",true,true,100.00,19/19,en,"[1, 2, 3, 4, 5, 6, 7, 8, 9, 10, 12, 13, 14, 15, 16, 17, 18, 19]",false,"",14,About 30–60 minutes a week,Dance or movement,Relaxing or reducing stress,4,4,4,4,5,5,5,5,"Yes, a lot",Very important,"[""Handling stress""]",[],"[""Social Connections ||| Focus ||| Teamwork ||| Speaking up ||| Leadership ||| Problem-solving ||| Confidence""]",Very confident,Quite easy,"",[],[],"[""make me feel included ||| make me feel comfortable asking them for help ||| positively influence my experience ||| help create safe environments ||| help me feel more confident""]","Yes, a lot",More choice in activities ||| Feeling welcome ||| Fun social activities,Often,1982-12-01,"Palestine, State of",Prefer not to say,17,14,17,47,11,8,36,13,12,0,12,8,25,6,0,0,0,"",Mobile,Chrome 149.0
QRNVHupM5Q0,QRNVHuF-86M,false,Anonymous,Guest,12:09:43 PM,03/07/2026,false,12:09:44 PM,03/07/2026,"",true,true,100.00,19/19,en,"[""1"", 2, 3, 4, 5, 6, 7, 8, 9, 10, 11, 12, 13, 14, 15, 16, 17, 18, 19]",false,"",15,Less than 30 minutes a week,Physical education (PE) or school sport,Spending time with friends,5,5,5,5,4,5,5,5,"Yes, a lot",Very important,"[""Problem-solving""]",[],"[""Social Connections ||| Handling stress ||| Focus ||| Speaking up ||| Teamwork ||| Confidence ||| Leadership""]",Somewhat confident,Difficult,Cost,"[""make me feel comfortable asking them for help""]",[],"[""positively influence my experience ||| help create safe environments ||| make me feel included ||| help me feel more confident""]",A little,Supportive coaches ||| Free or low-cost activities ||| Feeling welcome,Rarely,2010-01-01,Malaysia,Female,12,7,9,37,7,20,24,17,25,9,24,7000,42,18,0,0,0,"",Desktop,Firefox 152.0
QRPGXxcq61w,QRPGXxC6jMg,false,Anonymous,Guest,12:15:27 PM,03/07/2026,false,12:15:27 PM,03/07/2026,"",true,true,100.00,19/19,en,"[1, 2, 3, 4, 5, 6, 7, 8, 9, 10, 12, 13, 14, 15, 16, 17, 18, 19]",false,"",14,2+ hours a week,Community sport club ||| Gym or exercise ||| Informal play with friends ||| Physical education (PE) or school sport,Being part of a team,5,5,5,5,5,5,5,5,"Yes, a lot",Very important,[],[],"[""Teamwork ||| Social Connections ||| Speaking up ||| Confidence ||| Handling stress ||| Focus ||| Leadership ||| Problem-solving""]",Very confident,Very easy,"",[],[],"[""positively influence my experience ||| help create safe environments ||| make me feel included ||| help me feel more confident ||| make me feel comfortable asking them for help""]","Yes, a lot",Supportive coaches ||| Better places to play ||| Free or low-cost activities,Always,Invalid date,Ghana,Male,181,205,196,211,176,174,183,177,180,0,179,175,195,184,0,0,0,"",Mobile,Safari 604.1
QRNiSr39bx8,QRNiSrSA0Ds,false,Anonymous,Guest,12:18:46 PM,03/07/2026,false,12:18:46 PM,03/07/2026,"",true,true,26.32,5/19,en,"[1, 2, 3, 4, 5]",false,"",4,I’m not active at the moment,Physical education (PE) or school sport,Having fun,1,2,2,1,2,1,2,1,"","",[],[],[],"","","",[],[],[],"","","","","","",6944,9,16,51,0,0,0,0,0,0,0,0,0,0,0,0,0,"",Desktop,Chrome 149.0
QRPRbe7Low8,QRPRbeY8Jjk,false,Anonymous,Guest,12:23:53 PM,03/07/2026,false,12:23:53 PM,03/07/2026,"",true,true,21.05,4/19,en,"[1, 2, 3, 4]",false,"",3,About 1–2 hours a week,I don’t regularly take part,Feeling confident,"","","","","","","","","","",[],[],[],"","","",[],[],[],"","","","","","",14,20,14,0,0,0,0,0,0,0,0,0,0,0,0,0,0,"",Mobile,Safari 604.1
QRPLf3OpGqs,QRPLf2tMGHc,false,Anonymous,Guest,12:26:39 PM,03/07/2026,false,12:26:39 PM,03/07/2026,"",true,true,94.74,18/19,en,"[1, 2, 3, 4, 5, 6, 7, 8, 9, 10, 11, 12, 13, 14, 15, 16, 17, 18]",false,"",14,Less than 30 minutes a week,Physical education (PE) or school sport,Spending time with friends,2,2,3,2,1,2,5,2,Very little,Neutral,"[""Confidence ||| Problem-solving""]",[],"[""Speaking up ||| Leadership ||| Handling stress ||| Social Connections ||| Focus ||| Teamwork""]",Very confident,Very difficult,School or work pressure,"[""make me feel comfortable asking them for help ||| help create safe environments ||| make me feel included ||| positively influence my experience""]",[],"[""help me feel more confident""]","Yes, a lot",Free or low-cost activities ||| More choice in activities ||| Better places to play,Rarely,2011-04-01,Bangladesh,Female,8,13,9,39,8,7,24,17,6,25,17,6,13,7,0,0,0,"",Desktop,Firefox 152.0
QRPam03LhjU,QRPam0cuawk,false,Anonymous,Guest,12:32:54 PM,03/07/2026,false,12:32:54 PM,03/07/2026,"",true,true,5.26,1/19,en,[1],false,"",0,"","","","","","","","","","","","","",[],[],[],"","","",[],[],[],"","","","","","",0,0,0,0,0,0,0,0,0,0,0,0,0,0,0,0,0,"",Desktop,Chrome 149.0
QRPYkQY7TjA,QRPYkP1SyYg,false,Anonymous,Guest,12:38:24 PM,03/07/2026,false,12:38:24 PM,03/07/2026,"",true,true,100.00,19/19,en,"[1, 2, 3, 4, 5, 6, 7, 8, 9, 10, 11, 12, 13, 14, 15, 16, 17, 18, 19]",false,"",15,About 1–2 hours a week,Gym or exercise,Feeling healthy or strong,3,4,4,5,4,5,4,4,Sometimes,Quite important,"[""Speaking up ||| Leadership""]",[],"[""Handling stress ||| Confidence ||| Teamwork ||| Focus ||| Problem-solving ||| Social Connections""]",Very confident,Very difficult,Cost,[],[],"[""make me feel comfortable asking them for help ||| help create safe environments ||| make me feel included ||| help me feel more confident ||| positively influence my experience""]","Yes, a lot",More choice in activities ||| Better places to play ||| Free or low-cost activities,Rarely,2007-12-01,Ghana,Male,13,20,35,39,12,7,28,7,7,21,13,7,27,10,0,0,0,"",Mobile,Chrome 148.0
QRPkthk7fCU,QRPktg9iTf4,false,Anonymous,Guest,12:44:11 PM,03/07/2026,false,12:44:11 PM,03/07/2026,"",true,true,5.26,1/19,en,[1],false,"",0,"","","","","","","","","","","","","",[],[],[],"","","",[],[],[],"","","","","","",0,0,0,0,0,0,0,0,0,0,0,0,0,0,0,0,0,"",Mobile,Chrome 149.0
QRPtp8lvXUs,QRPtp8D7Co8,false,Anonymous,Guest,12:53:39 PM,03/07/2026,false,12:53:39 PM,03/07/2026,"",true,true,5.26,1/19,en,[1],false,"",0,"","","","","","","","","","","","","",[],[],[],"","","",[],[],[],"","","","","","",0,0,0,0,0,0,0,0,0,0,0,0,0,0,0,0,0,"",Mobile,Chrome 143.0
QRPp4F2kd5o,QRPp4FacsU0,false,Anonymous,Guest,12:59:00 PM,03/07/2026,false,12:59:01 PM,03/07/2026,"",true,true,100.00,19/19,en,"[1, 2, 3, 4, 5, 6, 7, 8, 9, 10, 11, 12, 13, 14, 15, 16, 17, 18, 19]",false,"",15,Less than 30 minutes a week,I don’t regularly take part,Spending time with friends,5,3,4,2,3,2,3,2,Not at all,Very important,"[""Leadership ||| Speaking up""]",[],"[""Problem-solving ||| Social Connections ||| Handling stress ||| Focus ||| Confidence ||| Teamwork""]",Somewhat confident,Very difficult,Cost,[],[],"[""make me feel included ||| make me feel comfortable asking them for help ||| help create safe environments ||| help me feel more confident ||| positively influence my experience""]",A little,More choice in activities ||| Fun social activities ||| Free or low-cost activities,Never,1991-11-01,Switzerland,Female,6,4,6,30,4,5,22,8,7,4,15,6,16,382,0,0,0,"",Desktop,Edge 149.0
QRP9uhQk53k,QRP9uggNnYo,false,Anonymous,Guest,01:12:18 PM,03/07/2026,false,01:12:18 PM,03/07/2026,"",true,true,31.58,6/19,en,"[1, 2, 3, 4, 5, 6]",false,football-beyond-borders,5,2+ hours a week,Gym or exercise,Feeling healthy or strong,5,5,5,5,5,5,5,5,"Yes, a lot","",[],[],[],"","","",[],[],[],"","","","","","",14,10,8,21,9,0,0,0,0,0,0,0,0,0,0,0,0,"",Desktop,Chrome 149.0
QRQBsVBHJ4A,QRQBsUZJ9BQ,false,Anonymous,Guest,01:20:58 PM,03/07/2026,false,01:20:58 PM,03/07/2026,"",true,true,100.00,19/19,en,"[1, 2, 3, 4, 5, 6, 7, 8, 9, 10, 12, 13, 14, 15, 16, 17, 18, 19]",false,"",14,2+ hours a week,Informal play with friends ||| Physical education (PE) or school sport,Relaxing or reducing stress,4,4,3,4,5,3,4,2,"Yes, a lot",Very important,[],[],"[""Problem-solving ||| Focus ||| Confidence ||| Leadership ||| Speaking up ||| Handling stress ||| Teamwork ||| Social Connections""]",Very confident,Very easy,"",[],[],"[""make me feel included ||| help create safe environments ||| make me feel comfortable asking them for help ||| positively influence my experience ||| help me feel more confident""]",Not sure,Supportive coaches ||| Better places to play ||| Free or low-cost activities,Always,2005-03-01,India,Male,18,22,12,45,14,7,18,26,4,0,13,10,18,5,0,0,0,"",Mobile,Chrome 149.0
QRQQVgriUvA,QRQQVgH-6oI,false,Anonymous,Guest,01:31:36 PM,03/07/2026,false,01:31:36 PM,03/07/2026,"",true,true,5.26,1/19,en,[1],false,"",0,"","","","","","","","","","","","","",[],[],[],"","","",[],[],[],"","","","","","",0,0,0,0,0,0,0,0,0,0,0,0,0,0,0,0,0,"",Mobile,Chrome 148.0
QRQz6UEFCA8,QRQz6SM0LKs,false,Anonymous,Guest,02:10:59 PM,03/07/2026,false,02:10:59 PM,03/07/2026,"",true,true,21.05,4/19,en,"[1, 2, 3, 4]",false,"",3,About 1–2 hours a week,Informal play with friends,Competing,"","","","","","","","","","",[],[],[],"","","",[],[],[],"","","","","","",8,6,14,0,0,0,0,0,0,0,0,0,0,0,0,0,0,"",Desktop,Chrome 149.0
QRQ3UmVOECw,QRQ3UlspIVY,false,Anonymous,Guest,02:16:07 PM,03/07/2026,false,"","","",true,false,"","",en,"",false,"",10,About 30–60 minutes a week,Dance or movement,Having fun,5,3,3,3,3,2,2,1,Sometimes,Quite important,"[""Teamwork ||| Problem-solving ||| Leadership""]",[],"[""Handling stress ||| Social Connections ||| Confidence ||| Speaking up ||| Focus""]",Somewhat confident,No access,School or work pressure,[],[],[],"","","","","","",12,11,11,28,8,5,23,7,5,7,0,0,0,0,0,0,0,"",Desktop,Chrome 149.0
QRQ5aDaycHk,QRQ5aC3Cspo,false,Anonymous,Guest,02:28:01 PM,03/07/2026,false,02:28:01 PM,03/07/2026,"",true,true,100.00,19/19,en,"[1, 2, 3, 4, 5, 6, 7, 8, 9, 10, 11, 12, 13, 14, 15, 16, 17, 18, 19]",false,"",15,2+ hours a week,Community sport club,Learning new skills,5,5,5,5,5,5,5,5,"Yes, a lot",Very important,"[""Speaking up""]",[],"[""Teamwork ||| Handling stress ||| Focus ||| Social Connections ||| Problem-solving ||| Leadership ||| Confidence""]",Very confident,Difficult,Cost,[],[],"[""help create safe environments ||| help me feel more confident ||| make me feel included ||| positively influence my experience ||| make me feel comfortable asking them for help""]","Yes, a lot",Free or low-cost activities ||| Better places to play ||| More choice in activities,Never,2008-12-01,Peru,Female,9,16,16,35,13,8,169,12,20,8,17,11,65,16,0,0,0,"",Desktop,Chrome 149.0
QRRIqTNVe-E,QRRIqSzywRY,false,Anonymous,Guest,02:33:25 PM,03/07/2026,false,02:33:25 PM,03/07/2026,"",true,true,21.05,4/19,en,"[1, 2, 3, 4]",false,"",3,2+ hours a week,Gym or exercise,Feeling healthy or strong,"","","","","","","","","","",[],[],[],"","","",[],[],[],"","","","","","",-4,-5,-5,0,0,0,0,0,0,0,0,0,0,0,0,0,0,"",Mobile,Safari 604.1
QRRRGTImCjw,QRRRGSrY6p8,false,Anonymous,Guest,02:43:27 PM,03/07/2026,false,"","","",true,false,"","",en,"",false,"",3,About 1–2 hours a week,Physical education (PE) or school sport ||| Dance or movement,Relaxing or reducing stress,"","","","","","","","","","",[],[],[],"","","",[],[],[],"","","","","","",22,26,16,0,0,0,0,0,0,0,0,0,0,0,0,0,0,"",Mobile,Chrome 135.0
QRRUeK4IOdU,QRRUeKMcna4,false,Anonymous,Guest,02:47:59 PM,03/07/2026,false,02:47:59 PM,03/07/2026,"",true,true,26.32,5/19,en,"[1, 2, 3, 4, 5]",false,"",4,2+ hours a week,Dance or movement ||| Physical education (PE) or school sport ||| Informal play with friends,Feeling confident,5,4,5,4,3,4,3,5,"","",[],[],[],"","","",[],[],[],"","","","","","",15,18,18,59,0,0,0,0,0,0,0,0,0,0,0,0,0,"",Mobile,Chrome 149.0
QRRnmMjZ8SM,QRRnmL0LCp0,false,Anonymous,Guest,03:18:20 PM,03/07/2026,false,03:18:20 PM,03/07/2026,"",true,true,21.05,4/19,en,"[1, 2, 3, 4]",false,"",3,About 1–2 hours a week,Community sport club,Being part of a team,"","","","","","","","","","",[],[],[],"","","",[],[],[],"","","","","","",64,50,54,0,0,0,0,0,0,0,0,0,0,0,0,0,0,"",Desktop,Chrome 149.0
QRR6a6gUgq4,QRR6a5ykFgw,false,Anonymous,Guest,03:34:24 PM,03/07/2026,false,03:32:10 PM,03/07/2026,"",true,true,100.00,19/19,en,"[1, 2, 3, 4, 5, 6, 7, 8, 9, 10, 11, 12, 13, 14, 15, 16, 17, 18, 19]",false,"",15,About 1–2 hours a week,Gym or exercise ||| Physical education (PE) or school sport,Relaxing or reducing stress,5,5,5,5,5,5,5,5,"Yes, a lot",Very important,[],[],"[""Problem-solving ||| Leadership ||| Teamwork ||| Focus ||| Confidence ||| Handling stress ||| Social Connections ||| Speaking up""]",Very confident,Difficult,Cost,[],[],"[""help create safe environments ||| help me feel more confident ||| make me feel comfortable asking them for help ||| make me feel included ||| positively influence my experience""]","Yes, a lot",Free or low-cost activities ||| Fun social activities ||| Better places to play,Often,2010-01-01,Mozambique,Male,9,9,10,29,6,8,15,13,6,10,13,7,39,11,0,0,0,"",Desktop,Firefox 152.0
QRSOs3upn9o,QRSOs2_ZOn4,false,Anonymous,Guest,03:54:16 PM,03/07/2026,false,03:54:16 PM,03/07/2026,"",true,true,100.00,19/19,en,"[1, 2, 3, 4, 5, 6, 7, 8, 9, 10, 11, 12, 13, 14, 15, 16, 17, 18, 19]",false,"",15,I’m not active at the moment,I don’t regularly take part,Having fun,3,3,3,3,3,4,5,3,Sometimes,Very important,[],[],"[""Social Connections ||| Confidence ||| Handling stress ||| Teamwork ||| Leadership ||| Focus ||| Problem-solving ||| Speaking up""]",Very confident,No access,Lack of time,[],[],"[""positively influence my experience ||| help create safe environments ||| make me feel included ||| make me feel comfortable asking them for help ||| help me feel more confident""]",A little,Better places to play ||| Free or low-cost activities ||| More choice in activities,Never,1984-11-01,Pakistan,Female,11,9,18,59,14,7,19,11,7,8,17,9,20,6,0,0,0,"",Mobile,Chrome 149.0
QRSQck5Ups4,QRSQcka8fDU,false,Anonymous,Guest,03:56:19 PM,03/07/2026,false,03:56:20 PM,03/07/2026,"",true,true,100.00,19/19,en,"[1, 2, 3, 4, 5, 6, 7, 8, 9, 10, 12, 13, 14, 15, 16, 17, 18, 19]",false,"",14,About 1–2 hours a week,Online/virtual fitness ||| Gym or exercise,Relaxing or reducing stress,2,3,3,3,1,5,1,2,"Yes, a lot",Very important,[],[],"[""Teamwork ||| Focus ||| Leadership ||| Speaking up ||| Handling stress ||| Problem-solving ||| Social Connections ||| Confidence""]",Confident,Very easy,"",[],[],"[""positively influence my experience ||| make me feel included ||| help create safe environments ||| make me feel comfortable asking them for help ||| help me feel more confident""]","Yes, a lot",Feeling welcome ||| Free or low-cost activities ||| Supportive coaches,Always,Invalid date,United Arab Emirates,Female,8,14,14,45,7,4,16,7,4,0,9,3,16,3,0,0,0,"",Desktop,Safari 605.1
QRSkpqFoNUg,QRSkppT2Uyc,false,Anonymous,Guest,04:13:50 PM,03/07/2026,false,04:13:50 PM,03/07/2026,"",true,true,10.53,2/19,en,"[1, 2]",false,"",1,About 1–2 hours a week,"","","","","","","","","","","","",[],[],[],"","","",[],[],[],"","","","","","",7,0,0,0,0,0,0,0,0,0,0,0,0,0,0,0,0,"",Desktop,Chrome 149.0
QRSlCiKQAoA,QRSlChmy11M,false,Anonymous,Guest,04:19:25 PM,03/07/2026,false,04:19:25 PM,03/07/2026,"",true,true,100.00,19/19,en,"[1, 2, 3, 4, 5, 6, 7, 8, 9, 10, 12, 13, 14, 15, 16, 17, 18, 19]",false,"",14,2+ hours a week,Gym or exercise,Learning new skills,5,5,5,5,5,5,5,5,"Yes, a lot",Very important,[],[],"[""Confidence ||| Teamwork ||| Focus ||| Social Connections ||| Handling stress ||| Speaking up ||| Problem-solving ||| Leadership""]",Confident,Quite easy,"",[],[],"[""help me feel more confident ||| make me feel comfortable asking them for help ||| help create safe environments ||| positively influence my experience ||| make me feel included""]","Yes, a lot",Supportive coaches ||| Free or low-cost activities ||| Better places to play,Often,2008-02-01,Nepal,Male,14,17,13,55,11,12,22,16,8,0,23,14,21,22,0,0,0,"",Mobile,Chrome 148.0
QRS6LAG0v6I,QRS6K-mm5U4,false,Anonymous,Guest,04:38:00 PM,03/07/2026,false,04:38:00 PM,03/07/2026,"",true,true,21.05,4/19,en,"[1, 2, 3, 4]",false,"",3,2+ hours a week,Physical education (PE) or school sport,Feeling confident,"","","","","","","","","","",[],[],[],"","","",[],[],[],"","","","","","",5,7,3,0,0,0,0,0,0,0,0,0,0,0,0,0,0,"",Desktop,Chrome 149.0
QRS4hQX4GBk,QRS4hPqkp-4,false,Anonymous,Guest,04:38:03 PM,03/07/2026,false,04:38:04 PM,03/07/2026,"",true,true,100.00,19/19,en,"[1, 2, 3, 4, 5, 6, 7, 8, 9, 10, 12, 13, 14, 15, 16, 17, 18, 19]",false,"",14,Less than 30 minutes a week,I don’t regularly take part,Feeling healthy or strong,5,4,5,4,4,5,5,4,"Yes, a lot",Very important,[],[],"[""Focus ||| Teamwork ||| Leadership ||| Social Connections ||| Speaking up ||| Handling stress ||| Problem-solving ||| Confidence""]",Somewhat confident,Quite easy,"","[""make me feel comfortable asking them for help""]",[],"[""help create safe environments ||| help me feel more confident ||| make me feel included ||| positively influence my experience""]",Not at all,Fun social activities ||| Feeling welcome ||| Better places to play,Rarely,2007-05-01,Qatar,Male,13,12,10,24,9,10,15,7,5,0,17,7,15,5,0,0,0,"",Mobile,Chrome 149.0
QRS8ubTHjew,QRS8uatavSg,false,Anonymous,Guest,04:45:08 PM,03/07/2026,false,04:45:08 PM,03/07/2026,"",true,true,94.74,18/19,en,"[1, 2, 3, 4, 5, 6, 7, 8, 9, 10, 12, 13, 14, 15, 16, 17, 18]",false,"",13,2+ hours a week,Online/virtual fitness ||| Gym or exercise,Relaxing or reducing stress,4,4,4,4,3,4,3,3,Sometimes,Quite important,[],[],"[""Problem-solving ||| Handling stress ||| Confidence ||| Leadership ||| Focus ||| Speaking up ||| Social Connections ||| Teamwork""]",Confident,Very easy,"",[],[],"[""help me feel more confident ||| make me feel included ||| make me feel comfortable asking them for help ||| positively influence my experience ||| help create safe environments""]",A little,Free or low-cost activities ||| Supportive coaches ||| Fun social activities,Always,2004-09-01,United States,Male,15,31,16,58,12,7,22,13,7,0,18,12,19,7,0,0,0,"",Desktop,Chrome 149.0
QRTBtMrkoZg,QRTBtMD9_ns,false,Anonymous,Guest,04:48:11 PM,03/07/2026,false,04:48:11 PM,03/07/2026,"",true,true,100.00,19/19,en,"[1, 2, 3, 4, 5, 6, 7, 8, 9, 10, 12, 13, 14, 15, 16, 17, 18, 19]",false,"",14,2+ hours a week,Gym or exercise,Learning new skills,5,5,5,5,5,5,5,5,"Yes, a lot",Very important,[],[],"[""Leadership ||| Teamwork ||| Handling stress ||| Speaking up ||| Problem-solving ||| Focus ||| Social Connections ||| Confidence""]",Confident,Very easy,"",[],[],"[""make me feel included ||| help me feel more confident ||| positively influence my experience ||| help create safe environments ||| make me feel comfortable asking them for help""]","Yes, a lot",Feeling welcome ||| Fun social activities ||| More choice in activities,Always,1992-08-01,Egypt,Female,13,5,12,25,8,3,18,11,6,0,13,4,11,6,0,0,0,"",Mobile,Safari 604.1
QRTBVmNhhnc,QRTBVlrkk70,false,Anonymous,Guest,04:50:49 PM,03/07/2026,false,04:50:49 PM,03/07/2026,"",true,false,"","",en,"",false,"",14,I’m not active at the moment,Dance or movement,Having fun,2,3,4,1,3,3,4,3,Sometimes,Very important,"[""Leadership ||| Problem-solving ||| Teamwork ||| Confidence ||| Handling stress""]",[],"[""Speaking up ||| Social Connections ||| Focus""]",Confident,Very easy,"",[],[],"[""help me feel more confident ||| help create safe environments ||| make me feel included ||| make me feel comfortable asking them for help ||| positively influence my experience""]",Not sure,Free or low-cost activities ||| Feeling welcome ||| Supportive coaches,Never,Invalid date,Egypt,Female,13,8,18,53,18,10,25,17,20,0,25,21,28,16,0,0,0,"",Mobile,Safari 604.1
QRS7oy6KCXA,QRS7oyWONaY,false,Anonymous,Guest,04:51:31 PM,03/07/2026,false,04:51:31 PM,03/07/2026,"",true,true,100.00,19/19,en,"[1, 2, 3, 4, 5, 6, 7, 8, 9, 10, 11, 12, 13, 14, 15, 16, 17, 18, 19]",false,"",15,About 1–2 hours a week,Community sport club,Feeling healthy or strong,3,4,5,5,3,2,5,5,"Yes, a lot",Very important,"[""Speaking up""]",[],"[""Teamwork ||| Handling stress ||| Social Connections ||| Confidence ||| Problem-solving ||| Leadership ||| Focus""]",Confident,No access,Other (please share) [],[],[],"[""make me feel comfortable asking them for help ||| help me feel more confident ||| make me feel included ||| positively influence my experience ||| help create safe environments""]",A little,Supportive coaches ||| Free or low-cost activities ||| Better places to play,Never,2012-01-01,Pakistan,Female,26,43,26,118,15,26,36,18,38,61,29,90,53,11,0,0,0,"",Desktop,Chrome 149.0
QRTrOB_p3lI,QRTrOBU7zLk,false,Anonymous,Guest,05:31:25 PM,03/07/2026,false,05:31:25 PM,03/07/2026,"",true,true,21.05,4/19,en,"[1, 2, 3, 4]",false,"",3,2+ hours a week,Gym or exercise ||| Community sport club,Relaxing or reducing stress,"","","","","","","","","","",[],[],[],"","","",[],[],[],"","","","","","",12,12,19,0,0,0,0,0,0,0,0,0,0,0,0,0,0,"",Desktop,Chrome 149.0
QRTvIGq1ef4,QRTvIGIjRDw,false,Anonymous,Guest,05:37:00 PM,03/07/2026,false,05:37:00 PM,03/07/2026,"",true,true,31.58,6/19,en,"[1, 2, 3, 4, 5, 6]",false,"",5,Less than 30 minutes a week,Informal play with friends ||| Physical education (PE) or school sport ||| Community sport club,Learning new skills,5,5,4,5,5,5,5,5,"Yes, a lot","",[],[],[],"","","",[],[],[],"","","","","","",16,30,14,52,9,0,0,0,0,0,0,0,0,0,0,0,0,"",Mobile,Safari 604.1
QRTyAIvj4VQ,QRTyAIOJt9g,false,Anonymous,Guest,05:39:49 PM,03/07/2026,false,05:39:49 PM,03/07/2026,"",true,true,26.32,5/19,en,"[1, 2, 3, 4, 5]",false,"",4,I’m not active at the moment,Gym or exercise,Feeling confident,3,3,3,3,3,3,3,3,"","",[],[],[],"","","",[],[],[],"","","","","","",12,12,35,42,0,0,0,0,0,0,0,0,0,0,0,0,0,"",Mobile,Safari 604.1
QRTvXqvttIc,QRTvXqS_paU,false,Anonymous,Guest,05:41:30 PM,03/07/2026,false,05:41:30 PM,03/07/2026,"",true,false,"","",en,"",false,"",15,2+ hours a week,Gym or exercise,Feeling healthy or strong,5,5,5,5,5,5,5,5,"Yes, a lot",Very important,[],[],"[""Problem-solving ||| Focus ||| Leadership ||| Confidence ||| Handling stress ||| Teamwork ||| Speaking up ||| Social Connections""]",Very confident,Difficult,Cost,[],[],"[""make me feel comfortable asking them for help ||| help create safe environments ||| positively influence my experience ||| make me feel included ||| help me feel more confident""]","Yes, a lot",Free or low-cost activities ||| More choice in activities ||| Feeling welcome,Always,2006-05-01,United States,Female,7,8,114,16,11,8,14,4,5,5,16,6,52,3,0,0,0,"",Mobile,Chrome 136.0
QRUBmph6fp0,QRUBmoxIl_8,false,Anonymous,Guest,06:21:07 PM,03/07/2026,false,06:21:08 PM,03/07/2026,"",true,true,100.00,19/19,en,"[1, 2, 3, 4, 5, 6, 7, 8, 9, 10, 11, 12, 13, 14, 15, 16, 17, 18, 19]",false,"",15,About 1–2 hours a week,Informal play with friends,Being part of a team,5,5,5,5,5,5,5,5,"Yes, a lot",Quite important,[],[],"[""Problem-solving ||| Handling stress ||| Focus ||| Leadership ||| Speaking up ||| Confidence ||| Social Connections ||| Teamwork""]",Very confident,Difficult,Cost,[],[],"[""help me feel more confident ||| make me feel included ||| help create safe environments ||| positively influence my experience ||| make me feel comfortable asking them for help""]",A little,Better places to play ||| Fun social activities ||| Free or low-cost activities,Rarely,2009-12-01,Kenya,Male,26,33,60,63,36,13,52,37,18,131,47,16,43,31,0,0,0,"",Desktop,Chrome 150.0
QRUT8Ero8lo,QRUT8C1SoHg,false,Anonymous,Guest,06:22:14 PM,03/07/2026,false,06:22:14 PM,03/07/2026,"",true,true,100.00,19/19,en,"[1, 2, 3, 4, 5, 6, 7, 8, 9, 10, 12, 13, 14, 15, 16, 17, 18, 19]",false,"",14,2+ hours a week,Gym or exercise,Relaxing or reducing stress,5,5,5,5,4,5,5,5,"Yes, a lot",Very important,[],[],"[""Social Connections ||| Leadership ||| Speaking up ||| Teamwork ||| Problem-solving ||| Focus ||| Confidence ||| Handling stress""]",Very confident,Very easy,"",[],[],"[""make me feel included ||| help me feel more confident ||| positively influence my experience ||| make me feel comfortable asking them for help ||| help create safe environments""]",A little,Free or low-cost activities ||| More choice in activities ||| Better places to play,Always,1985-12-01,Panama,Male,6,27,17,42,15,12,69,17,6,0,36,40,44,9,0,0,0,"",Desktop,Edge 149.0
QRUbvm9WgKA,QRUbvmehkV0,false,Anonymous,Guest,06:24:33 PM,03/07/2026,false,"","","",true,false,"","",en,"",false,"",3,About 30–60 minutes a week,Dance or movement,Having fun,"","","","","","","","","","",[],[],[],"","","",[],[],[],"","","","","","",6,11,10,0,0,0,0,0,0,0,0,0,0,0,0,0,0,"",Mobile,Chrome 149.0
QRUm1XPvdbU,QRUm1WmKXa4,false,Anonymous,Guest,06:36:01 PM,03/07/2026,false,06:36:01 PM,03/07/2026,"",true,true,5.26,1/19,en,[1],false,"",0,"","","","","","","","","","","","","",[],[],[],"","","",[],[],[],"","","","","","",0,0,0,0,0,0,0,0,0,0,0,0,0,0,0,0,0,"",Desktop,Edge 149.0
QRU8ud5IPPw,QRU8udSRyYM,false,Anonymous,Guest,07:00:20 PM,03/07/2026,false,07:00:20 PM,03/07/2026,"",true,true,21.05,4/19,en,"[1, 2, 3, 4]",false,"",3,About 30–60 minutes a week,Physical education (PE) or school sport ||| Gym or exercise,Feeling healthy or strong,"","","","","","","","","","",[],[],[],"","","",[],[],[],"","","","","","",9,11,13,0,0,0,0,0,0,0,0,0,0,0,0,0,0,"",Desktop,Chrome 149.0
QRVNnWAcQ68,QRVNnVGA-qM,false,Anonymous,Guest,07:21:56 PM,03/07/2026,false,07:21:56 PM,03/07/2026,"",true,false,"","",en,"",false,"",14,2+ hours a week,Physical education (PE) or school sport ||| Informal play with friends ||| Gym or exercise,Feeling healthy or strong,5,5,5,3,3,4,5,5,Sometimes,Quite important,"[""Speaking up""]",[],"[""Teamwork ||| Focus ||| Leadership ||| Handling stress ||| Problem-solving ||| Confidence ||| Social Connections""]",Slightly confident,Very easy,"",[],[],"[""help me feel more confident ||| make me feel included ||| make me feel comfortable asking them for help ||| positively influence my experience ||| help create safe environments""]","Yes, a lot",Free or low-cost activities ||| Feeling welcome ||| Fun social activities,Rarely,1997-03-01,Bosnia and Herzegovina,Male,15,18,14,30,8,6,19,11,6,0,24,7,13,14,0,0,0,"",Mobile,Chrome 143.0
QRVX9QrMpNc,QRVX9P2tHJc,false,Anonymous,Guest,07:29:23 PM,03/07/2026,false,07:29:23 PM,03/07/2026,"",true,true,5.26,1/19,en,[1],false,"",0,"","","","","","","","","","","","","",[],[],[],"","","",[],[],[],"","","","","","",0,0,0,0,0,0,0,0,0,0,0,0,0,0,0,0,0,"",Desktop,Chrome 149.0
QRV5Gy53Iyk,QRV5GyECeRc,false,Anonymous,Guest,08:05:44 PM,03/07/2026,false,08:05:44 PM,03/07/2026,"",true,true,5.26,1/19,en,[1],false,"",0,"","","","","","","","","","","","","",[],[],[],"","","",[],[],[],"","","","","","",0,0,0,0,0,0,0,0,0,0,0,0,0,0,0,0,0,"",Desktop,Chrome 149.0
QRV0Hd9Zfvo,QRV0HclIwFI,false,Anonymous,Guest,08:08:35 PM,03/07/2026,false,08:08:35 PM,03/07/2026,"",true,true,15.79,3/19,en,"[1, 2, 3]",false,"",2,Less than 30 minutes a week,Dance or movement,"","","","","","","","","","","",[],[],[],"","","",[],[],[],"","","","","","",13,30,0,0,0,0,0,0,0,0,0,0,0,0,0,0,0,"",Desktop,Chrome 149.0
QRWB1SilT8g,QRWB1SAvdFs,false,Anonymous,Guest,08:24:07 PM,03/07/2026,false,08:24:08 PM,03/07/2026,"",true,true,100.00,19/19,en,"[""1"", ""2"", ""3"", ""4"", ""5"", ""6"", ""7"", ""8"", ""9"", ""10"", ""11"", ""12"", ""13"", ""14"", ""15"", 16, 17, 18, 19]",false,"",15,Less than 30 minutes a week,Physical education (PE) or school sport,Competing,2,1,2,1,3,3,3,3,"Yes, a lot",Very important,[],[],"[""Teamwork ||| Leadership ||| Social Connections ||| Confidence ||| Problem-solving ||| Focus ||| Speaking up ||| Handling stress""]",Confident,Difficult,School or work pressure,[],[],"[""help create safe environments ||| make me feel included ||| positively influence my experience ||| help me feel more confident ||| make me feel comfortable asking them for help""]","Yes, a lot",Fun social activities ||| Free or low-cost activities ||| Better places to play,Rarely,2001-05-01,Uganda,Male,31,12,13,67,105,12,22,20,13,15,19,8,10,10,0,0,0,"",Desktop,Chrome 149.0
QRWQS_3F0Ts,QRWQS_MmXYI,false,Anonymous,Guest,08:33:24 PM,03/07/2026,false,"","","",true,false,"","",en,"",false,"",14,2+ hours a week,Gym or exercise,Feeling healthy or strong,1,3,1,3,3,1,4,1,Not at all,Quite important,"[""Teamwork ||| Social Connections""]",[],"[""Problem-solving ||| Speaking up ||| Focus ||| Confidence ||| Handling stress ||| Leadership""]",Confident,Very difficult,School or work pressure,"[""help me feel more confident ||| help create safe environments ||| make me feel comfortable asking them for help ||| make me feel included ||| positively influence my experience""]",[],[],Not at all,More choice in activities ||| Free or low-cost activities ||| Better places to play,Rarely,2009-01-01,Germany,Female,5,6,6,20,5,7,15,5,4,10,9,4,12,6,0,0,0,"",Mobile,Chrome 149.0
QRXDJcSenhs,QRXDJbpp59s,false,Anonymous,Guest,09:29:16 PM,03/07/2026,false,09:29:17 PM,03/07/2026,"",true,true,100.00,19/19,en,"[1, 2, 3, 4, 5, 6, 7, 8, 9, 10, 11, 12, 13, 14, 15, 16, 17, 18, 19]",false,"",15,About 1–2 hours a week,Dance or movement ||| I don’t regularly take part ||| Informal play with friends,Learning new skills,5,1,4,5,5,3,3,5,Not at all,Not important at all,"[""Problem-solving""]",[],"[""Confidence ||| Handling stress ||| Teamwork ||| Speaking up ||| Focus ||| Social Connections ||| Leadership""]",Very confident,Difficult,Lack of time,"[""make me feel comfortable asking them for help""]",[],"[""help create safe environments ||| make me feel included ||| help me feel more confident ||| positively influence my experience""]",A little,Free or low-cost activities ||| Better places to play ||| More choice in activities,Rarely,2009-05-01,Nigeria,Female,8,13,9,24,5,4,15,7,4,9,13,6,6,6,0,0,0,"",Mobile,Safari 604.1
QRXG3oAhW7U,QRXG3nmI27U,false,Anonymous,Guest,09:30:43 PM,03/07/2026,false,09:30:43 PM,03/07/2026,"",true,true,10.53,2/19,en,"[1, 2]",false,"",1,2+ hours a week,"","","","","","","","","","","","",[],[],[],"","","",[],[],[],"","","","","","",4,0,0,0,0,0,0,0,0,0,0,0,0,0,0,0,0,"",Desktop,Chrome 149.0
QRX1W5iUBHA,QRX1W4y_D7A,false,Anonymous,Guest,10:29:01 PM,03/07/2026,false,10:29:01 PM,03/07/2026,"",true,true,100.00,19/19,en,"[1, 2, 3, 4, 5, 6, 7, 8, 9, 10, 12, 13, 14, 15, 16, 17, 18, 19]",false,"",14,2+ hours a week,Gym or exercise,Relaxing or reducing stress,3,5,4,5,5,5,5,5,"Yes, a lot",Very important,[],[],"[""Speaking up ||| Focus ||| Handling stress ||| Leadership ||| Social Connections ||| Teamwork ||| Confidence ||| Problem-solving""]",Very confident,Very easy,"",[],[],"[""help create safe environments ||| make me feel comfortable asking them for help ||| positively influence my experience ||| help me feel more confident ||| make me feel included""]","Yes, a lot",Free or low-cost activities ||| More choice in activities ||| Better places to play,Never,1989-08-01,South Africa,Male,23,23,25,47,15,15,30,16,14,0,22,12,63,16,0,0,0,"",Mobile,Chrome 137.0
QRbrI1qgHAA,QRbrI1C55sc,false,Anonymous,Guest,02:54:59 AM,04/07/2026,false,02:54:59 AM,04/07/2026,"",true,true,100.00,19/19,en,"[1, 2, 3, 4, 5, 6, 7, 8, 9, 10, 12, 13, 14, 15, 16, 17, 18, 19]",false,"",14,2+ hours a week,Gym or exercise ||| Dance or movement ||| Physical education (PE) or school sport ||| Informal play with friends,Being part of a team,3,1,2,3,4,5,3,2,"Yes, a lot",Very important,[],[],"[""Problem-solving ||| Leadership ||| Speaking up ||| Social Connections ||| Focus ||| Confidence ||| Handling stress ||| Teamwork""]",Very confident,Quite easy,"",[],[],"[""help create safe environments ||| make me feel comfortable asking them for help ||| make me feel included ||| positively influence my experience ||| help me feel more confident""]",A little,Supportive coaches ||| Better places to play ||| Free or low-cost activities,Often,2007-10-01,India,Female,14,20,23,32,8,5,17,21,13,0,15,13,18,10,0,0,0,"",Mobile,Chrome 149.0
QRbtHWMXc9w,QRbtHVtfijg,false,Anonymous,Guest,02:57:15 AM,04/07/2026,false,02:57:15 AM,04/07/2026,"",true,false,"","",en,"",false,"",14,2+ hours a week,Informal play with friends ||| Community sport club,Having fun,5,3,5,3,3,5,5,2,"Yes, a lot",Very important,"[""Leadership ||| Teamwork""]",[],"[""Handling stress ||| Focus ||| Confidence ||| Social Connections ||| Speaking up ||| Problem-solving""]",Somewhat confident,Very easy,"","[""make me feel comfortable asking them for help ||| help me feel more confident""]",[],"[""positively influence my experience ||| help create safe environments ||| make me feel included""]",Not at all,Better places to play ||| Feeling welcome ||| More choice in activities,Never,2012-11-01,Singapore,Male,9,23,43,27,6,8,22,8,13,0,21,8,28,45,0,0,0,"",Mobile,Safari 604.1
QRb__ZcU6E8,QRb__YvyAxE,false,Anonymous,Guest,03:17:51 AM,04/07/2026,false,"","","",true,false,"","",en,"",false,"",2,About 1–2 hours a week,Physical education (PE) or school sport ||| Community sport club,"","","","","","","","","","","",[],[],[],"","","",[],[],[],"","","","","","",14,12,0,0,0,0,0,0,0,0,0,0,0,0,0,0,0,"",Mobile,Safari 604.1
QRcvTxmwlY0,QRcvTw4_OeE,false,Anonymous,Guest,04:05:09 AM,04/07/2026,false,04:05:09 AM,04/07/2026,"",true,true,21.05,4/19,en,"[1, 2, 3, 4]",false,"",3,About 30–60 minutes a week,Dance or movement,Having fun,"","","","","","","","","","",[],[],[],"","","",[],[],[],"","","","","","",5,17,12,0,0,0,0,0,0,0,0,0,0,0,0,0,0,"",Desktop,Chrome 149.0
QRc22sTcCQc,QRc22rzn8RU,false,Anonymous,Guest,04:15:41 AM,04/07/2026,false,04:15:20 AM,04/07/2026,"",true,true,100.00,19/19,en,"[1, 2, 3, 4, 5, 6, 7, 8, 9, 10, 12, 13, 14, 15, 16, 17, 18, 19]",false,"",14,2+ hours a week,Physical education (PE) or school sport ||| Informal play with friends,Having fun,4,4,5,4,3,5,5,4,Sometimes,Quite important,[],[],"[""Teamwork ||| Handling stress ||| Confidence ||| Speaking up ||| Social Connections ||| Leadership ||| Problem-solving ||| Focus""]",Confident,Very easy,"",[],[],"[""help me feel more confident ||| help create safe environments ||| make me feel included ||| make me feel comfortable asking them for help ||| positively influence my experience""]",A little,Fun social activities ||| More choice in activities ||| Better places to play,Always,2009-09-01,India,Male,6,12,10,29,5,5,12,7,4,0,10,6,11,6,0,0,0,"",Desktop,Chrome 149.0
QRd4Flivvkc,QRd4FkcDVyM,false,Anonymous,Guest,05:24:27 AM,04/07/2026,false,05:24:27 AM,04/07/2026,"",true,true,5.26,1/19,en,[1],false,"",0,"","","","","","","","","","","","","",[],[],[],"","","",[],[],[],"","","","","","",0,0,0,0,0,0,0,0,0,0,0,0,0,0,0,0,0,"",Mobile,Chrome 149.0
QReAur-Yub4,QReAurZgwfg,false,Anonymous,Guest,05:33:13 AM,04/07/2026,false,05:33:13 AM,04/07/2026,"",true,true,5.26,1/19,en,[1],false,"",0,"","","","","","","","","","","","","",[],[],[],"","","",[],[],[],"","","","","","",0,0,0,0,0,0,0,0,0,0,0,0,0,0,0,0,0,"",Desktop,Chrome 149.0
QRe9u8pe-fQ,QRe9u76tJRU,false,Anonymous,Guest,06:43:44 AM,04/07/2026,false,06:43:44 AM,04/07/2026,"",true,true,100.00,19/19,en,"[1, 2, 3, 4, 5, 6, 7, 8, 9, 10, 12, 13, 14, 15, 16, 17, 18, 19]",false,"",14,About 30–60 minutes a week,Dance or movement,Having fun,5,5,5,5,5,5,5,5,Not at all,Very important,[],[],"[""Confidence ||| Focus ||| Social Connections ||| Teamwork ||| Speaking up ||| Leadership ||| Problem-solving ||| Handling stress""]",Very confident,Very easy,"",[],[],"[""make me feel comfortable asking them for help ||| help create safe environments ||| help me feel more confident ||| make me feel included ||| positively influence my experience""]",Not sure,Free or low-cost activities ||| Fun social activities ||| More choice in activities,Always,1995-03-01,Saudi Arabia,Female,12,7,13,37,8,8,22,6,10,0,18,11,23,14,0,0,0,"",Mobile,Chrome 147.0
QRfAuip7dHE,QRfAuiEZFek,false,Anonymous,Guest,06:44:27 AM,04/07/2026,false,06:44:27 AM,04/07/2026,"",true,true,5.26,1/19,en,[1],false,"",0,"","","","","","","","","","","","","",[],[],[],"","","",[],[],[],"","","","","","",0,0,0,0,0,0,0,0,0,0,0,0,0,0,0,0,0,"",Desktop,Chrome 147.0
QRgczSLFU5o,QRgczRfO7m8,false,Anonymous,Guest,08:23:51 AM,04/07/2026,false,"","","",true,false,"","",en,"",false,unyo-linkedin,0,"","","","","","","","","","","","","",[],[],[],"","","",[],[],[],"","","","","","",0,0,0,0,0,0,0,0,0,0,0,0,0,0,0,0,0,"",Mobile,Chrome 149.0
QRhZcAT9Kio,QRhZb-qqwoE,false,Anonymous,Guest,09:35:42 AM,04/07/2026,false,09:35:42 AM,04/07/2026,"",true,true,100.00,19/19,en,"[1, 2, 3, 4, 5, 6, 7, 8, 9, 10, 11, 12, 13, 14, 15, 16, 17, 18, 19]",false,"",15,About 30–60 minutes a week,Dance or movement ||| Physical education (PE) or school sport ||| Informal play with friends,Learning new skills,5,1,5,5,5,5,5,5,Very little,Very important,[],[],"[""Social Connections ||| Focus ||| Problem-solving ||| Handling stress ||| Leadership ||| Confidence ||| Teamwork ||| Speaking up""]",Very confident,Very difficult,Cost,[],[],"[""help create safe environments ||| make me feel comfortable asking them for help ||| help me feel more confident ||| make me feel included ||| positively influence my experience""]","Yes, a lot",Supportive coaches ||| Free or low-cost activities ||| Better places to play,Rarely,1993-08-01,Nigeria,Male,12,22,18,54,13,8,20,16,10,20,19,7,31,9,0,0,0,"",Desktop,Firefox 149.0
QRh0Ybq3Q8Y,QRh0Ya3p3Cc,false,Anonymous,Guest,10:02:48 AM,04/07/2026,false,10:02:48 AM,04/07/2026,"",true,false,"","",en,"",false,"",14,About 1–2 hours a week,Online/virtual fitness ||| Dance or movement,Learning new skills,3,3,3,5,3,2,4,4,"Yes, a lot",Very important,[],[],"[""Problem-solving ||| Social Connections ||| Speaking up ||| Handling stress ||| Leadership ||| Focus ||| Confidence ||| Teamwork""]",Somewhat confident,Quite easy,"","[""make me feel included ||| help create safe environments""]",[],"[""help me feel more confident ||| positively influence my experience ||| make me feel comfortable asking them for help""]",Not sure,More choice in activities ||| Free or low-cost activities ||| Supportive coaches,Often,2010-02-01,India,Female,12,10,12,28,10,9,18,13,8,0,17,6,18,6,0,0,0,"",Mobile,Chrome 149.0
QRiQ4zsSKc4,QRiQ4ygrDZc,false,Anonymous,Guest,10:30:45 AM,04/07/2026,false,"","","",true,false,"","",en,"",false,"",0,"","","","","","","","","","","","","",[],[],[],"","","",[],[],[],"","","","","","",0,0,0,0,0,0,0,0,0,0,0,0,0,0,0,0,0,"",Mobile,Chrome 143.0
QRiT-SXxxLs,QRiT-R3GPXw,false,Anonymous,Guest,10:38:47 AM,04/07/2026,false,10:38:48 AM,04/07/2026,"",true,true,100.00,19/19,en,"[1, 2, 3, 4, 5, 6, 7, 8, 9, 10, 12, 13, 14, 15, 16, 17, 18, 19]",false,"",14,2+ hours a week,Community sport club ||| Physical education (PE) or school sport,Feeling healthy or strong,3,5,5,4,5,3,3,5,"Yes, a lot",Very important,"[""Social Connections""]",[],"[""Handling stress ||| Focus ||| Problem-solving ||| Confidence ||| Teamwork ||| Leadership ||| Speaking up""]",Confident,Very easy,"",[],[],"[""help create safe environments ||| help me feel more confident ||| make me feel comfortable asking them for help ||| positively influence my experience ||| make me feel included""]",A little,Better places to play ||| Fun social activities ||| More choice in activities,Sometimes,2010-06-01,Kuwait,Female,8,16,20,57,17,6,22,14,4,0,17,8,30,9,0,0,0,"",Desktop,Chrome 149.0
QRTu5QAS6Fw,QRTu5PjGu_Q,false,Anonymous,Guest,11:02:54 AM,04/07/2026,false,11:02:54 AM,04/07/2026,"",true,true,5.26,1/19,en,[1],false,"",0,"","","","","","","","","","","","","",[],[],[],"","","",[],[],[],"","","","","","",0,0,0,0,0,0,0,0,0,0,0,0,0,0,0,0,0,"",Desktop,Chrome 149.0
QRkiQrSOXCM,QRkiQqjwVt8,false,Anonymous,Guest,01:10:35 PM,04/07/2026,false,01:10:35 PM,04/07/2026,"",true,true,15.79,3/19,en,"[1, 2, 3]",false,"",2,I’m not active at the moment,Informal play with friends,"","","","","","","","","","","",[],[],[],"","","",[],[],[],"","","","","","",10,15,0,0,0,0,0,0,0,0,0,0,0,0,0,0,0,"",Desktop,Edge 149.0
QRknKahsta4,QRknKaCvIhQ,false,Anonymous,Guest,01:23:12 PM,04/07/2026,false,01:23:12 PM,04/07/2026,"",true,true,100.00,19/19,en,"[1, 2, 3, 4, 5, 6, 7, 8, 9, 10, 11, 12, 13, 14, 15, 16, 17, 18, 19]",false,"",15,2+ hours a week,Community sport club ||| Physical education (PE) or school sport,Feeling confident,2,1,2,2,2,2,2,2,"Yes, a lot",Very important,[],[],"[""Social Connections ||| Focus ||| Confidence ||| Problem-solving ||| Handling stress ||| Teamwork ||| Speaking up ||| Leadership""]",Very confident,Very difficult,Cost,[],[],"[""positively influence my experience ||| make me feel comfortable asking them for help ||| help me feel more confident ||| help create safe environments ||| make me feel included""]","Yes, a lot",Free or low-cost activities ||| More choice in activities ||| Better places to play,Never,2009-03-01,Morocco,Female,12,33,70,86,8,25,22,32,10,14,13,7,29,8,0,0,0,"",Desktop,Edge 149.0
QRk-OT-CgDg,QRk-OTHg9rU,false,Anonymous,Guest,01:44:40 PM,04/07/2026,false,01:44:40 PM,04/07/2026,"",true,false,"","",en,"",false,"",14,2+ hours a week,Informal play with friends ||| Dance or movement,Competing,5,5,5,5,5,5,5,5,Sometimes,Very important,[],[],"[""Handling stress ||| Leadership ||| Problem-solving ||| Confidence ||| Focus ||| Social Connections ||| Speaking up ||| Teamwork""]",Very confident,Very easy,"",[],[],"[""make me feel comfortable asking them for help ||| positively influence my experience ||| make me feel included ||| help me feel more confident ||| help create safe environments""]",A little,More choice in activities ||| Better places to play ||| Free or low-cost activities,Often,2009-01-01,Jordan,Non-binary,12,12,21,34,6,5,20,10,9,0,14,6,19,5,0,0,0,"",Desktop,Safari 605.1
QRmBsvRP_HQ,QRmBsuPy3lE,false,Anonymous,Guest,02:53:34 PM,04/07/2026,false,02:53:34 PM,04/07/2026,"",true,true,5.26,1/19,en,[1],false,unyo-instagram,0,"","","","","","","","","","","","","",[],[],[],"","","",[],[],[],"","","","","","",0,0,0,0,0,0,0,0,0,0,0,0,0,0,0,0,0,"",Mobile,Safari 604.1
QRmqhLP3uqM,QRmqhKkG5po,false,Anonymous,Guest,03:39:07 PM,04/07/2026,false,03:39:07 PM,04/07/2026,"",true,true,10.53,2/19,en,"[1, 2]",false,"",1,About 1–2 hours a week,"","","","","","","","","","","","",[],[],[],"","","",[],[],[],"","","","","","",39,0,0,0,0,0,0,0,0,0,0,0,0,0,0,0,0,"",Desktop,Chrome 131.0
QRnYj2rNqD4,QRnYj2CZ0n0,false,Anonymous,Guest,04:30:41 PM,04/07/2026,false,"","","",true,false,"","",en,"",false,unyo-linkedin,3,2+ hours a week,Informal play with friends ||| Gym or exercise ||| Dance or movement,Feeling healthy or strong,"","","","","","","","","","",[],[],[],"","","",[],[],[],"","","","","","",29,42,64,0,0,0,0,0,0,0,0,0,0,0,0,0,0,"",Desktop,Edge 149.0
QRnt4uJM16Y,QRnt4tf1FkM,false,Anonymous,Guest,04:51:39 PM,04/07/2026,false,04:51:39 PM,04/07/2026,"",true,true,5.26,1/19,en,[1],false,"",0,"","","","","","","","","","","","","",[],[],[],"","","",[],[],[],"","","","","","",0,0,0,0,0,0,0,0,0,0,0,0,0,0,0,0,0,"",Mobile,Chrome 138.0
QRoG3Z5MdlU,QRoG3ZNbWPQ,false,Anonymous,Guest,05:24:29 PM,04/07/2026,false,05:24:29 PM,04/07/2026,"",true,true,5.26,1/19,en,[1],false,unyo-instagram,0,"","","","","","","","","","","","","",[],[],[],"","","",[],[],[],"","","","","","",0,0,0,0,0,0,0,0,0,0,0,0,0,0,0,0,0,"",Desktop,Edge 149.0
QRpM4qxvYU8,QRpM4qIorJM,false,Anonymous,Guest,06:54:44 PM,04/07/2026,false,06:54:44 PM,04/07/2026,"",true,true,100.00,19/19,en,"[1, 2, 3, 4, 5, 6, 7, 8, 9, 10, 12, 13, 14, 15, 16, 17, 18, 19]",false,"",14,About 30–60 minutes a week,Dance or movement ||| Gym or exercise,Feeling healthy or strong,4,5,4,5,5,4,4,5,"Yes, a lot",Very important,[],[],"[""Confidence ||| Speaking up ||| Problem-solving ||| Teamwork ||| Social Connections ||| Handling stress ||| Leadership ||| Focus""]",Very confident,Very easy,"",[],[],"[""help me feel more confident ||| help create safe environments ||| make me feel included ||| positively influence my experience ||| make me feel comfortable asking them for help""]","Yes, a lot",Free or low-cost activities ||| Fun social activities ||| Supportive coaches,Often,2026-02-01,United States,Female,12,23,31,894,9,6,38,9,5,0,21,8,27,9,0,0,0,"",Desktop,Chrome 149.0
QRpii-jDRhM,QRpii-DAZdQ,false,Anonymous,Guest,07:02:22 PM,04/07/2026,false,07:02:22 PM,04/07/2026,"",true,true,100.00,19/19,en,"[1, 2, 3, 4, 5, 6, 7, 8, 9, 10, 12, 13, 14, 15, 16, 17, 18, 19]",false,"",14,2+ hours a week,Dance or movement ||| Gym or exercise,Feeling healthy or strong,3,4,3,4,4,1,1,1,"Yes, a lot",Very important,"[""Focus ||| Speaking up ||| Problem-solving ||| Leadership""]",[],"[""Confidence ||| Handling stress ||| Teamwork ||| Social Connections""]",Very confident,Very easy,"",[],[],"[""help me feel more confident ||| positively influence my experience ||| make me feel comfortable asking them for help ||| help create safe environments ||| make me feel included""]","Yes, a lot",Better places to play ||| Free or low-cost activities ||| More choice in activities,Often,2011-10-01,Germany,Female,8,11,9,31,9,6,20,11,6,0,9,5,25,7,0,0,0,"",Desktop,Safari 605.1
QRpuztoRo_0,QRpuzs-XgG0,false,Anonymous,Guest,07:16:04 PM,04/07/2026,false,07:16:05 PM,04/07/2026,"",true,true,100.00,19/19,en,"[1, 2, 3, 4, 5, 6, 7, 8, 9, 10, 12, 13, 14, 15, 16, 17, 18, 19]",false,"",14,About 1–2 hours a week,Gym or exercise ||| Dance or movement,Having fun,3,4,4,4,3,3,3,5,"Yes, a lot",Quite important,[],[],"[""Teamwork ||| Handling stress ||| Leadership ||| Speaking up ||| Focus ||| Confidence ||| Problem-solving ||| Social Connections""]",Confident,Very easy,"",[],[],"[""make me feel included ||| make me feel comfortable asking them for help ||| help create safe environments ||| help me feel more confident ||| positively influence my experience""]",Not sure,More choice in activities ||| Better places to play ||| Supportive coaches,Always,2008-02-01,Nigeria,Male,8,11,8,43,8,8,39,7,3,0,13,9,11,3,0,0,0,"",Mobile,Chrome 149.0
QRrSbRwjuJs,QRrSbRK04KQ,false,Anonymous,Guest,09:02:32 PM,04/07/2026,false,09:02:32 PM,04/07/2026,"",true,true,15.79,3/19,en,"[1, 2, 3]",false,"",2,About 30–60 minutes a week,I don’t regularly take part,"","","","","","","","","","","",[],[],[],"","","",[],[],[],"","","","","","",33,28,0,0,0,0,0,0,0,0,0,0,0,0,0,0,0,"",Mobile,Chrome 149.0
QRnbdrVpdz0,QRnbdq4cXTE,false,Anonymous,Guest,09:05:49 PM,04/07/2026,false,09:05:49 PM,04/07/2026,"",true,true,21.05,4/19,en,"[1, 2, 3, 4]",false,unyo-linkedin,3,2+ hours a week,Dance or movement ||| Gym or exercise,Feeling healthy or strong,"","","","","","","","","","",[],[],[],"","","",[],[],[],"","","","","","",6,48,12,0,0,0,0,0,0,0,0,0,0,0,0,0,0,"",Desktop,Edge 149.0
QRrXtz2SDNU,QRrXtzObGng,false,Anonymous,Guest,09:07:44 PM,04/07/2026,false,09:07:44 PM,04/07/2026,"",true,true,21.05,4/19,en,"[1, 2, 3, 4]",false,unyo-linkedin,3,2+ hours a week,Dance or movement ||| Gym or exercise,Feeling healthy or strong,"","","","","","","","","","",[],[],[],"","","",[],[],[],"","","","","","",7,17,6,0,0,0,0,0,0,0,0,0,0,0,0,0,0,"",Desktop,Edge 149.0
QRsemkkxd70,QRsemj1XUGM,false,Anonymous,Guest,10:27:37 PM,04/07/2026,false,10:27:37 PM,04/07/2026,"",true,true,100.00,19/19,en,"[1, 2, 3, 4, 5, 6, 7, 8, 9, 10, 12, 13, 14, 15, 16, 17, 18, 19]",false,"",14,2+ hours a week,Informal play with friends ||| Physical education (PE) or school sport ||| Gym or exercise,Being part of a team,5,5,5,5,5,5,5,5,Very little,Very important,[],[],"[""Teamwork ||| Handling stress ||| Speaking up ||| Leadership ||| Social Connections ||| Problem-solving ||| Confidence ||| Focus""]",Confident,Very easy,"",[],[],"[""positively influence my experience ||| help create safe environments ||| make me feel comfortable asking them for help ||| make me feel included ||| help me feel more confident""]",Not at all,Free or low-cost activities ||| Fun social activities ||| Supportive coaches,Often,2010-08-01,Malaysia,Female,7,16,9,16,10,4,13,9,5,0,9,7,14,5,0,0,0,"",Mobile,Chrome 143.0
QRtKtnr8V4s,QRtKtnG7j0A,false,Anonymous,Guest,11:19:07 PM,04/07/2026,false,11:19:07 PM,04/07/2026,"",true,true,100.00,19/19,en,"[1, 2, 3, 4, 5, 6, 7, 8, 9, 10, 12, 13, 14, 15, 16, 17, 18, 19]",false,"",14,About 1–2 hours a week,Gym or exercise ||| Community sport club ||| Dance or movement,Feeling confident,"","","",4,"","","","",Sometimes,Quite important,[],[],"[""Focus ||| Confidence ||| Speaking up ||| Teamwork ||| Leadership ||| Handling stress ||| Problem-solving ||| Social Connections""]",Confident,Quite easy,"","[""make me feel comfortable asking them for help""]",[],"[""positively influence my experience ||| make me feel included ||| help me feel more confident ||| help create safe environments""]","Yes, a lot",More choice in activities ||| Better places to play ||| Free or low-cost activities,Always,2009-07-01,Mexico,Female,15,16,29,80,10,8,37,17,9,0,25,6,22,13,0,0,0,"",Desktop,Chrome 149.0
QRuIthWqigc,QRuItgnxmNs,false,Anonymous,Guest,12:24:39 AM,05/07/2026,false,12:24:39 AM,05/07/2026,"",true,true,100.00,19/19,en,"[1, 2, 3, 4, 5, 6, 7, 8, 9, 10, 12, 13, 14, 15, 16, 17, 18, 19]",false,"",14,2+ hours a week,Online/virtual fitness,Relaxing or reducing stress,2,3,4,5,2,2,3,4,Sometimes,Quite important,"[""Social Connections ||| Teamwork""]",[],"[""Problem-solving ||| Confidence ||| Focus ||| Handling stress ||| Speaking up ||| Leadership""]",Somewhat confident,Quite easy,"",[],[],"[""make me feel comfortable asking them for help ||| make me feel included ||| positively influence my experience ||| help me feel more confident ||| help create safe environments""]",Not sure,Feeling welcome ||| Supportive coaches ||| Fun social activities,Rarely,2003-10-01,Iraq,Female,13,10,8,34,12,9,25,10,14,0,19,10,27,10,0,0,0,"",Mobile,Chrome 149.0
QRvVOqocHKY,QRvVOp-fy80,false,Anonymous,Guest,01:46:53 AM,05/07/2026,false,01:46:53 AM,05/07/2026,"",true,true,100.00,19/19,en,"[1, 2, 3, 4, 5, 6, 7, 8, 9, 10, 11, 12, 13, 14, 15, 16, 17, 18, 19]",false,"",15,2+ hours a week,Community sport club,Being part of a team,5,5,5,4,4,4,5,5,"Yes, a lot",Very important,[],[],"[""Handling stress ||| Speaking up ||| Teamwork ||| Leadership ||| Focus ||| Social Connections ||| Problem-solving ||| Confidence""]",Confident,Very difficult,Cost,[],[],"[""help create safe environments ||| help me feel more confident ||| positively influence my experience ||| make me feel included ||| make me feel comfortable asking them for help""]","Yes, a lot",More choice in activities ||| Feeling welcome ||| Free or low-cost activities,Never,1992-10-01,United States,Male,6,14,6,22,4,4,14,8,5,8,13,8,15,5,0,0,0,"",Mobile,Chrome 149.0
QRvimgBbxb8,QRvimfacXgY,false,Anonymous,Guest,02:05:51 AM,05/07/2026,false,02:05:51 AM,05/07/2026,"",true,false,"","",en,"",false,"",14,2+ hours a week,Gym or exercise ||| Dance or movement,Having fun,4,4,4,5,4,4,4,4,Sometimes,Very important,[],[],"[""Speaking up ||| Teamwork ||| Leadership ||| Confidence ||| Social Connections ||| Problem-solving ||| Focus ||| Handling stress""]",Very confident,Very easy,"",[],[],"[""positively influence my experience ||| make me feel included ||| help create safe environments ||| help me feel more confident ||| make me feel comfortable asking them for help""]",A little,Feeling welcome ||| Fun social activities ||| Better places to play,Often,2003-04-01,Tanzania,Female,21,24,19,40,13,9,26,16,6,0,14,19,114,15,0,0,0,"",Mobile,Safari 604.1
QRyyE0FmFyE,QRyyEzdIdkw,false,Anonymous,Guest,05:51:43 AM,05/07/2026,false,05:51:43 AM,05/07/2026,"",true,true,100.00,19/19,en,"[1, 2, 3, 4, 5, 6, 7, 8, 9, 10, 11, 12, 13, 14, 15, 16, 17, 18, 19]",false,waves-for-change,15,2+ hours a week,Informal play with friends ||| Dance or movement ||| Physical education (PE) or school sport,Feeling confident,5,4,5,3,4,5,3,3,Sometimes,Very important,[],[],"[""Confidence ||| Problem-solving ||| Focus ||| Handling stress ||| Leadership ||| Speaking up ||| Social Connections ||| Teamwork""]",Confident,Difficult,Cost,[],[],"[""make me feel included ||| positively influence my experience ||| help create safe environments ||| make me feel comfortable asking them for help ||| help me feel more confident""]",A little,Feeling welcome ||| More choice in activities ||| Free or low-cost activities,Never,2016-08-01,South Africa,Prefer not to say,22,29,20,53,14,10,29,11,15,4,19,13,36,8,0,0,0,"",Mobile,Chrome 149.0
QR1DOc0oY7Q,QR1DOcMuAJY,false,Anonymous,Guest,08:23:55 AM,05/07/2026,false,08:23:55 AM,05/07/2026,"",true,true,15.79,3/19,en,"[1, 2, 3]",false,"",2,2+ hours a week,Online/virtual fitness,"","","","","","","","","","","",[],[],[],"","","",[],[],[],"","","","","","",3,4,0,0,0,0,0,0,0,0,0,0,0,0,0,0,0,"",Mobile,Chrome 149.0
QR10i49azNc,QR10i4QdsCo,false,Anonymous,Guest,09:18:04 AM,05/07/2026,false,"","","",true,false,"","",en,"",false,unyo-instagram,0,"","","","","","","","","","","","","",[],[],[],"","","",[],[],[],"","","","","","",0,0,0,0,0,0,0,0,0,0,0,0,0,0,0,0,0,"",Mobile,Safari 604.1
QR3EZDj1VpI,QR3EZC-Uc1A,false,Anonymous,Guest,10:49:12 AM,05/07/2026,false,10:49:12 AM,05/07/2026,"",true,false,"","",en,"",false,"",15,Less than 30 minutes a week,I don’t regularly take part,Learning new skills,4,3,3,4,4,3,4,3,Very little,Quite important,"[""Leadership""]",[],"[""Focus ||| Speaking up ||| Handling stress ||| Social Connections ||| Teamwork ||| Problem-solving ||| Confidence""]",Somewhat confident,Difficult,School or work pressure,[],[],"[""help me feel more confident ||| make me feel comfortable asking them for help ||| make me feel included ||| help create safe environments ||| positively influence my experience""]",A little,Supportive coaches ||| Fun social activities ||| Feeling welcome,Rarely,2004-06-01,United States,Male,8,15,15,31,22,5,24,4,7,6,19,10,24,6,0,0,0,"",Mobile,Safari 604.1
QR3CFhXmf_I,QR3CFglGMN4,false,Anonymous,Guest,10:49:58 AM,05/07/2026,false,10:49:59 AM,05/07/2026,"",true,true,100.00,19/19,en,"[1, 2, 3, 4, 5, 6, 7, 8, 9, 10, 12, 13, 14, 15, 16, 17, 18, 19]",false,"",14,2+ hours a week,Physical education (PE) or school sport,Being part of a team,5,5,5,5,5,5,5,5,"Yes, a lot",Very important,[],[],"[""Confidence ||| Social Connections ||| Focus ||| Teamwork ||| Leadership ||| Speaking up ||| Handling stress ||| Problem-solving""]",Very confident,Quite easy,"",[],[],"[""help me feel more confident ||| positively influence my experience ||| help create safe environments ||| make me feel comfortable asking them for help ||| make me feel included""]","Yes, a lot",Free or low-cost activities ||| Feeling welcome ||| More choice in activities,Always,2006-03-01,Ghana,Male,28,25,19,56,9,11,22,18,28,0,14,11,48,11,0,0,0,"",Mobile,Safari 604.1
QR3rqdf61yU,QR3rqctpTg4,false,Anonymous,Guest,11:28:08 AM,05/07/2026,false,11:28:08 AM,05/07/2026,"",true,true,5.26,1/19,en,[1],false,"",0,"","","","","","","","","","","","","",[],[],[],"","","",[],[],[],"","","","","","",0,0,0,0,0,0,0,0,0,0,0,0,0,0,0,0,0,"",Desktop,Chrome 150.0
QR4EPbW0KLo,QR4EPaqi05Y,false,Anonymous,Guest,12:00:05 PM,05/07/2026,false,12:00:05 PM,05/07/2026,"",true,true,100.00,19/19,en,"[1, 2, 3, 4, 5, 6, 7, 8, 9, 10, 12, 13, 14, 15, 16, 17, 18, 19]",false,waves-for-change,14,About 1–2 hours a week,Dance or movement,Having fun,4,4,4,4,4,4,4,4,"Yes, a lot",Quite important,[],[],"[""Leadership ||| Social Connections ||| Confidence ||| Focus ||| Problem-solving ||| Handling stress ||| Teamwork ||| Speaking up""]",Confident,Quite easy,"",[],[],"[""make me feel included ||| make me feel comfortable asking them for help ||| positively influence my experience ||| help me feel more confident ||| help create safe environments""]",Not sure,Feeling welcome ||| Fun social activities ||| Supportive coaches,Often,2013-08-01,South Africa,Female,26,17,11,32,16,11,36,15,16,0,18,18,35,16,0,0,0,"",Mobile,Chrome 149.0
QR5qDBARX8M,QR5qDAJ65oc,false,Anonymous,Guest,01:52:30 PM,05/07/2026,false,01:52:30 PM,05/07/2026,"",true,true,100.00,19/19,en,"[1, 2, 3, 4, 5, 6, 7, 8, 9, 10, 12, 13, 14, 15, 16, 17, 18, 19]",false,"",14,2+ hours a week,Dance or movement ||| Gym or exercise,Spending time with friends,5,4,4,5,5,1,2,3,Sometimes,Quite important,[],[],"[""Confidence ||| Teamwork ||| Focus ||| Speaking up ||| Problem-solving ||| Handling stress ||| Social Connections ||| Leadership""]",Very confident,Very easy,"",[],[],"[""help me feel more confident ||| make me feel comfortable asking them for help ||| positively influence my experience ||| help create safe environments ||| make me feel included""]",Not at all,Supportive coaches ||| Free or low-cost activities ||| Feeling welcome,Never,2009-03-01,China,Female,14,18,22,44,38,12,14,10,8,0,22,9,26,11,0,0,0,"",Desktop,Chrome 149.0
QR6ENQ1JHxQ,QR6ENQPQEK4,false,Anonymous,Guest,02:18:24 PM,05/07/2026,false,02:18:24 PM,05/07/2026,"",true,true,100.00,19/19,en,"[1, 2, 3, 4, 5, 6, 7, 8, 9, 10, 12, 13, 14, 15, 16, 17, 18, 19]",false,unyo-facebook,14,2+ hours a week,Gym or exercise ||| Dance or movement ||| Physical education (PE) or school sport,Feeling healthy or strong,3,4,4,4,5,4,5,3,Sometimes,Very important,"[""Leadership ||| Speaking up""]",[],"[""Social Connections ||| Focus ||| Handling stress ||| Teamwork ||| Problem-solving ||| Confidence""]",Somewhat confident,Very easy,"","[""help me feel more confident""]",[],"[""help create safe environments ||| make me feel included ||| make me feel comfortable asking them for help ||| positively influence my experience""]",Not really,More choice in activities ||| Fun social activities ||| Free or low-cost activities,Often,2009-04-01,Canada,Female,12,10,13,26,7,5,16,6,6,0,32,20,11,6,0,0,0,"",Mobile,Chrome 149.0
QR6owDHSfL4,QR6owCacOaE,false,Anonymous,Guest,02:55:07 PM,05/07/2026,false,"","","",true,false,"","",en,"",false,"",1,2+ hours a week,"","","","","","","","","","","","",[],[],[],"","","",[],[],[],"","","","","","",26,0,0,0,0,0,0,0,0,0,0,0,0,0,0,0,0,"",Mobile,Safari 604.1
QR9PG2kBSwQ,QR9PG11V3_Q,false,Anonymous,Guest,05:55:55 PM,05/07/2026,false,05:55:55 PM,05/07/2026,"",true,true,5.26,1/19,en,[1],false,"",0,"","","","","","","","","","","","","",[],[],[],"","","",[],[],[],"","","","","","",0,0,0,0,0,0,0,0,0,0,0,0,0,0,0,0,0,"",Mobile,Safari 604.1
QR9qAO91mqg,QR9qAOMLOgM,false,Anonymous,Guest,06:38:30 PM,05/07/2026,false,06:38:30 PM,05/07/2026,"",true,false,"","",en,"",false,"",15,2+ hours a week,Informal play with friends,Learning new skills,5,1,5,5,3,5,5,5,Sometimes,Very important,[],[],"[""Social Connections ||| Problem-solving ||| Handling stress ||| Leadership ||| Teamwork ||| Confidence ||| Focus ||| Speaking up""]",Very confident,Very difficult,Cost,"[""positively influence my experience""]",[],"[""make me feel included ||| help me feel more confident ||| make me feel comfortable asking them for help ||| help create safe environments""]",A little,Fun social activities ||| Free or low-cost activities ||| Feeling welcome,Rarely,2003-10-01,Kenya,Male,37,40,22,153,19,25,25,13,24,23,25,13,46,9,0,0,0,"",Desktop,Chrome 148.0
QR_ieTEpHUM,QR_ieSfK6Vs,false,Anonymous,Guest,07:28:00 PM,05/07/2026,false,"","","",true,false,"","",en,"",false,"",3,2+ hours a week,Dance or movement ||| Gym or exercise,Feeling healthy or strong,"","","","","","","","","","",[],[],[],"","","",[],[],[],"","","","","","",16,27,12,0,0,0,0,0,0,0,0,0,0,0,0,0,0,"",Mobile,Chrome 149.0
QSA4FijSLjU,QSA4FhQ1H6o,false,Anonymous,Guest,10:13:09 PM,05/07/2026,false,10:13:09 PM,05/07/2026,"",true,true,100.00,19/19,en,"[1, 2, 3, 4, 5, 6, 7, 8, 9, 10, 12, 13, 14, 15, 16, 17, 18, 19]",false,"",14,About 1–2 hours a week,Gym or exercise ||| Online/virtual fitness ||| Dance or movement,Feeling confident,2,4,4,2,4,1,3,5,Sometimes,Quite important,"[""Teamwork ||| Handling stress ||| Social Connections""]",[],"[""Confidence ||| Leadership ||| Focus ||| Speaking up ||| Problem-solving""]",Somewhat confident,Quite easy,"","[""positively influence my experience ||| help me feel more confident""]",[],"[""make me feel comfortable asking them for help ||| help create safe environments ||| make me feel included""]",Not sure,Feeling welcome ||| Supportive coaches ||| Fun social activities,Often,2010-11-01,Peru,Female,10,10,5,29,6,4,18,10,3,0,8,3,9,5,0,0,0,"",Mobile,Chrome 149.0
QSBjTUfZxzA,QSBjTTxeGa4,false,Anonymous,Guest,11:01:42 PM,05/07/2026,false,11:01:42 PM,05/07/2026,"",true,true,100.00,19/19,en,"[1, 2, 3, 4, 5, 6, 7, 8, 9, 10, 12, 13, 14, 15, 16, 17, 18, 19]",false,"",14,2+ hours a week,Community sport club ||| Gym or exercise,Competing,5,5,5,5,5,5,5,5,"Yes, a lot",Very important,[],[],"[""Focus ||| Speaking up ||| Confidence ||| Problem-solving ||| Leadership ||| Handling stress ||| Social Connections ||| Teamwork""]",Very confident,Very easy,"",[],[],"[""positively influence my experience ||| make me feel comfortable asking them for help ||| make me feel included ||| help me feel more confident ||| help create safe environments""]","Yes, a lot",Supportive coaches ||| Feeling welcome ||| Free or low-cost activities,Often,2008-09-01,Egypt,Female,86420,86431,86422,86439,86413,86410,86429,86417,86415,0,86418,86415,86425,86417,0,0,0,"",Desktop,Chrome 149.0
QSDzun9Utuk,QSDzunNcNPg,false,Anonymous,Guest,01:38:32 AM,06/07/2026,false,01:38:32 AM,06/07/2026,"",true,true,100.00,19/19,en,"[1, 2, 3, 4, 5, 6, 7, 8, 9, 10, 12, 13, 14, 15, 16, 17, 18, 19]",false,"",14,About 1–2 hours a week,Informal play with friends ||| Dance or movement,Spending time with friends,1,2,1,3,3,1,3,1,"Yes, a lot",Quite important,"[""Handling stress""]",[],"[""Leadership ||| Focus ||| Problem-solving ||| Social Connections ||| Speaking up ||| Teamwork ||| Confidence""]",Somewhat confident,Very easy,"","[""make me feel included ||| make me feel comfortable asking them for help""]",[],"[""help create safe environments ||| help me feel more confident ||| positively influence my experience""]",Not really,Supportive coaches ||| More choice in activities ||| Feeling welcome,Rarely,2013-02-01,India,Female,8,8,12,28,7,7,17,10,4,0,19,6,16,6,0,0,0,"",Mobile,Safari 604.1
QSElF0mHmYg,QSElFz-jJTw,false,Anonymous,Guest,02:29:45 AM,06/07/2026,false,02:29:45 AM,06/07/2026,"",true,true,5.26,1/19,en,[1],false,"",0,"","","","","","","","","","","","","",[],[],[],"","","",[],[],[],"","","","","","",0,0,0,0,0,0,0,0,0,0,0,0,0,0,0,0,0,"",Desktop,Chrome 149.0
QSG6g_3BAVU,QSG6g_FH5-o,false,Anonymous,Guest,05:16:39 AM,06/07/2026,false,05:16:39 AM,06/07/2026,"",true,true,100.00,19/19,en,"[1, 2, 3, 4, 5, 6, 7, 8, 9, 10, 12, 13, 14, 15, 16, 17, 18, 19]",false,"",14,2+ hours a week,Gym or exercise,Feeling healthy or strong,2,5,2,5,5,1,3,5,"Yes, a lot",Very important,"[""Teamwork ||| Speaking up""]",[],"[""Leadership ||| Problem-solving ||| Focus ||| Handling stress ||| Confidence ||| Social Connections""]",Very confident,Very easy,"",[],[],"[""make me feel included ||| help me feel more confident ||| help create safe environments ||| make me feel comfortable asking them for help ||| positively influence my experience""]",A little,Feeling welcome ||| Free or low-cost activities ||| Fun social activities,Sometimes,1984-05-01,United Arab Emirates,Female,7,12,12,46,5,5,26,11,5,0,18,7,20,6,0,0,0,"",Desktop,Chrome 150.0
QSHL5QKLC3c,QSHL5PfoFqY,false,Anonymous,Guest,05:36:13 AM,06/07/2026,false,05:36:13 AM,06/07/2026,"",true,true,100.00,19/19,en,"[1, 2, 3, 4, 5, 6, 7, 8, 9, 10, 11, 12, 13, 14, 15, 16, 17, 18, 19]",false,"",15,About 1–2 hours a week,Dance or movement ||| Online/virtual fitness,Relaxing or reducing stress,3,3,2,4,1,1,4,1,Sometimes,Very important,[],[],"[""Confidence ||| Leadership ||| Handling stress ||| Teamwork ||| Social Connections ||| Speaking up ||| Focus ||| Problem-solving""]",Somewhat confident,Very difficult,Other (please share) [Lack of nearby facilities],"[""make me feel comfortable asking them for help""]",[],"[""help me feel more confident ||| positively influence my experience ||| help create safe environments ||| make me feel included""]","Yes, a lot",Fun social activities ||| Better places to play ||| Free or low-cost activities,Never,2000-09-01,Malaysia,Female,6,10,9,23,4,4,14,8,6,13,11,4,9,4,0,0,0,"",Desktop,Chrome 149.0
QSHkPYCaLnU,QSHkPXVS4eg,false,Anonymous,Guest,06:02:06 AM,06/07/2026,false,06:02:06 AM,06/07/2026,"",true,true,100.00,19/19,en,"[1, 2, 3, 4, 5, 6, 7, 8, 9, 10, 12, 13, 14, 15, 16, 17, 18, 19]",false,"",14,About 1–2 hours a week,Physical education (PE) or school sport ||| Informal play with friends,Feeling confident,5,5,4,5,3,5,5,3,Sometimes,Very important,[],[],"[""Problem-solving ||| Leadership ||| Social Connections ||| Handling stress ||| Focus ||| Speaking up ||| Confidence ||| Teamwork""]",Confident,Very easy,"",[],[],"[""help me feel more confident ||| make me feel included ||| positively influence my experience ||| help create safe environments ||| make me feel comfortable asking them for help""]","Yes, a lot",Better places to play ||| Free or low-cost activities ||| Feeling welcome,Often,2007-12-01,India,Female,13,14,12,43,5,1,15,10,2,0,10,3,11,6,0,0,0,"",Desktop,Chrome 149.0
QSIRGrVD6bc,QSIRGq4MTBk,false,Anonymous,Guest,06:47:37 AM,06/07/2026,false,06:47:37 AM,06/07/2026,"",true,true,5.26,1/19,en,[1],false,"",0,"","","","","","","","","","","","","",[],[],[],"","","",[],[],[],"","","","","","",0,0,0,0,0,0,0,0,0,0,0,0,0,0,0,0,0,"",Mobile,Chrome 149.0
QSITcl4xlGM,QSITclfoO7Y,false,Anonymous,Guest,06:53:41 AM,06/07/2026,false,06:53:41 AM,06/07/2026,"",true,true,100.00,19/19,en,"[1, 2, 3, 4, 5, 6, 7, 8, 9, 10, 12, 13, 14, 15, 16, 17, 18, 19]",false,"",14,About 1–2 hours a week,Gym or exercise,Relaxing or reducing stress,1,3,4,4,4,1,4,1,Sometimes,Quite important,"[""Leadership ||| Social Connections ||| Teamwork ||| Speaking up ||| Problem-solving""]",[],"[""Confidence ||| Focus ||| Handling stress""]",Somewhat confident,Very easy,"","[""make me feel included ||| help me feel more confident ||| help create safe environments ||| make me feel comfortable asking them for help""]",[],"[""positively influence my experience""]",A little,Feeling welcome ||| Fun social activities ||| Free or low-cost activities,Often,1973-01-01,South Africa,Male,15,16,8,38,8,5,20,10,6,0,14,6,24,5,0,0,0,"",Desktop,Edge 149.0
QSIcScAWljc,QSIcSbeHWfk,false,Anonymous,Guest,07:04:45 AM,06/07/2026,false,07:04:45 AM,06/07/2026,"",true,true,100.00,19/19,en,"[1, 2, 3, 4, 5, 6, 7, 8, 9, 10, 12, 13, 14, 15, 16, 17, 18, 19]",false,unyo-instagram,14,About 1–2 hours a week,Informal play with friends,Having fun,5,3,3,4,5,3,5,3,Sometimes,Very important,"[""Problem-solving ||| Confidence""]",[],"[""Handling stress ||| Teamwork ||| Leadership ||| Speaking up ||| Social Connections ||| Focus""]",Confident,Very easy,"","[""positively influence my experience ||| make me feel comfortable asking them for help ||| help create safe environments""]",[],"[""help me feel more confident ||| make me feel included""]","Yes, a lot",Feeling welcome ||| Supportive coaches ||| Fun social activities,Rarely,2007-02-01,Netherlands,Male,25,25,32,62,19,7,19,9,7,0,33,6,34,6,0,0,0,"",Desktop,Chrome 149.0
QSHvkgEgUm8,QSHvkfi8R1Y,false,Anonymous,Guest,07:43:02 AM,06/07/2026,false,07:43:02 AM,06/07/2026,"",true,true,68.42,13/19,en,"[1, 2, 3, 4, 5, 6, 7, 8, 9, 10, 11, 12, 13]",false,"",12,2+ hours a week,Community sport club,Competing,3,5,2,2,5,2,3,1,Sometimes,Very important,[],[],"[""Speaking up ||| Social Connections ||| Confidence ||| Handling stress ||| Problem-solving ||| Teamwork ||| Focus ||| Leadership""]",Very confident,No access,Cost,[],[],"[""positively influence my experience ||| make me feel comfortable asking them for help ||| make me feel included ||| help me feel more confident ||| help create safe environments""]","Yes, a lot","","","","","",68,36,14,117,10,8,15,10,10,36,5171,5167,0,0,0,0,0,"",Desktop,Chrome 149.0
QSJE5SPVqVE,QSJE5RoIJR8,false,Anonymous,Guest,07:51:32 AM,06/07/2026,false,07:51:32 AM,06/07/2026,"",true,true,100.00,19/19,en,"[1, 2, 3, 4, 5, 6, 7, 8, 9, 10, 11, 12, 13, 14, 15, 16, 17, 18, 19]",false,"",15,2+ hours a week,Physical education (PE) or school sport,Competing,2,2,5,2,3,1,2,3,"Yes, a lot",Very important,[],[],"[""Focus ||| Social Connections ||| Handling stress ||| Teamwork ||| Leadership ||| Problem-solving ||| Speaking up ||| Confidence""]",Very confident,Very difficult,Cost,[],[],"[""positively influence my experience ||| help create safe environments ||| make me feel comfortable asking them for help ||| make me feel included ||| help me feel more confident""]","Yes, a lot",Better places to play ||| Supportive coaches ||| Free or low-cost activities,Often,1996-12-01,"Congo, Democratic Republic of the",Male,6,6,2,42,4,3,14,6,14,11,12,7,15,7,0,0,0,"",Desktop,Chrome 149.0
QSJ7n8VAJho,QSJ7n7iVjX0,false,Anonymous,Guest,08:43:27 AM,06/07/2026,false,08:43:27 AM,06/07/2026,"",true,true,5.26,1/19,en,[1],false,"",0,"","","","","","","","","","","","","",[],[],[],"","","",[],[],[],"","","","","","",0,0,0,0,0,0,0,0,0,0,0,0,0,0,0,0,0,"",Desktop,Chrome 149.0
QSLNf494mxc,QSLNf4ZA_Ds,false,Anonymous,Guest,10:12:50 AM,06/07/2026,false,10:12:50 AM,06/07/2026,"",true,true,5.26,1/19,en,[1],false,"",0,"","","","","","","","","","","","","",[],[],[],"","","",[],[],[],"","","","","","",0,0,0,0,0,0,0,0,0,0,0,0,0,0,0,0,0,"",Mobile,Safari 604.1
QSLNjVFHk84,QSLNjUf-Mg0,false,Anonymous,Guest,10:17:40 AM,06/07/2026,false,10:17:40 AM,06/07/2026,"",true,true,100.00,19/19,en,"[1, 2, 3, 4, 5, 6, 7, 8, 9, 10, 12, 13, 14, 15, 16, 17, 18, 19]",false,"",14,2+ hours a week,Informal play with friends ||| Physical education (PE) or school sport ||| Community sport club,Feeling healthy or strong,4,5,5,4,3,3,2,5,"Yes, a lot",Very important,[],[],"[""Teamwork ||| Social Connections ||| Confidence ||| Focus ||| Problem-solving ||| Handling stress ||| Leadership ||| Speaking up""]",Confident,Very easy,"","[""help create safe environments""]",[],"[""make me feel included ||| positively influence my experience ||| make me feel comfortable asking them for help ||| help me feel more confident""]",A little,Supportive coaches ||| Free or low-cost activities ||| Better places to play,Often,1992-07-01,United Kingdom,Male,16,24,16,59,5,5,17,9,6,0,14,8,28,9,0,0,0,"",Mobile,Safari 604.1
QSLPFgEqO24,QSLPFfqXKt0,false,Anonymous,Guest,10:17:54 AM,06/07/2026,false,10:17:54 AM,06/07/2026,"",true,false,"","",en,"",false,"",14,2+ hours a week,Community sport club ||| Gym or exercise,Spending time with friends,4,4,5,4,4,3,3,3,"Yes, a lot",Very important,[],[],"[""Leadership ||| Social Connections ||| Problem-solving ||| Focus ||| Speaking up ||| Confidence ||| Handling stress ||| Teamwork""]",Confident,Very easy,"",[],[],"[""positively influence my experience ||| make me feel comfortable asking them for help ||| help create safe environments ||| make me feel included ||| help me feel more confident""]","Yes, a lot",Fun social activities ||| Supportive coaches ||| Free or low-cost activities,Often,1993-04-01,United Kingdom,Female,24,11,14,37,9,6,18,6,4,0,11,5,11,8,0,0,0,"",Mobile,Chrome 149.0
QSLN8x1TMbo,QSLN8xbjWlA,false,Anonymous,Guest,10:18:00 AM,06/07/2026,false,10:18:01 AM,06/07/2026,"",true,true,100.00,19/19,en,"[1, 2, 3, 4, 5, 6, 7, 8, 9, 10, 12, 13, 14, 15, 16, 17, 18, 19]",false,"",14,2+ hours a week,Gym or exercise ||| Informal play with friends ||| Physical education (PE) or school sport ||| Community sport club,Having fun,4,1,3,5,1,2,3,4,Sometimes,Very important,[],[],"[""Leadership ||| Teamwork ||| Focus ||| Social Connections ||| Speaking up ||| Problem-solving ||| Handling stress ||| Confidence""]",Confident,Very easy,"",[],[],"[""make me feel comfortable asking them for help ||| help create safe environments ||| help me feel more confident ||| make me feel included ||| positively influence my experience""]","Yes, a lot",More choice in activities ||| Better places to play ||| Free or low-cost activities,Often,1999-10-01,[OTHER] United kingdom,Male,7,23,15,26,8,9,20,10,6,0,22,10,33,6,0,0,0,"",Mobile,Chrome 143.0
QSLOC-IP4Qo,QSLOC_tgAY0,false,Anonymous,Guest,10:18:02 AM,06/07/2026,false,10:18:03 AM,06/07/2026,"",true,true,100.00,19/19,en,"[1, 2, 3, 4, 5, 6, 7, 8, 9, 10, 12, 13, 14, 15, 16, 17, 18, 19]",false,"",14,2+ hours a week,Community sport club ||| Physical education (PE) or school sport ||| Informal play with friends,Being part of a team,3,5,4,5,3,3,4,4,"Yes, a lot",Very important,[],[],"[""Social Connections ||| Handling stress ||| Speaking up ||| Confidence ||| Teamwork ||| Problem-solving ||| Leadership ||| Focus""]",Somewhat confident,Quite easy,"","[""make me feel comfortable asking them for help ||| help me feel more confident""]",[],"[""make me feel included ||| help create safe environments ||| positively influence my experience""]",A little,Free or low-cost activities ||| Fun social activities ||| Better places to play,Often,1993-02-01,United Kingdom,Female,11,23,13,39,9,5,22,11,7,0,42,7,19,10,0,0,0,"",Mobile,Safari 604.1
QSLOcS2IaEc,QSLOcR1qDdU,false,Anonymous,Guest,10:18:15 AM,06/07/2026,false,10:18:15 AM,06/07/2026,"",true,true,100.00,19/19,en,"[1, 2, 3, 4, 5, 6, 7, 8, 9, 10, 12, 13, 14, 15, 16, 17, 18, 19]",false,"",14,2+ hours a week,Physical education (PE) or school sport ||| Informal play with friends,Having fun,5,4,5,4,4,3,2,3,"Yes, a lot",Quite important,[],[],"[""Leadership ||| Focus ||| Speaking up ||| Teamwork ||| Confidence ||| Problem-solving ||| Handling stress ||| Social Connections""]",Confident,Quite easy,"",[],[],"[""help create safe environments ||| positively influence my experience ||| make me feel included ||| make me feel comfortable asking them for help ||| help me feel more confident""]","Yes, a lot",Better places to play ||| Supportive coaches ||| Free or low-cost activities,Often,1998-06-01,[OTHER] United Kingdom,Male,24,9,32,51,9,5,14,12,4,0,19,7,17,4,0,0,0,"",Mobile,Safari 604.1
QSLNoYZvIqg,QSLNoX3-q14,false,Anonymous,Guest,10:19:07 AM,06/07/2026,false,10:19:07 AM,06/07/2026,"",true,true,100.00,19/19,en,"[1, 2, 3, 4, 5, 6, 7, 8, 9, 10, 12, 13, 14, 15, 16, 17, 18, 19]",false,"",14,2+ hours a week,Dance or movement,Spending time with friends,4,4,5,3,4,2,1,3,Sometimes,Very important,[],[],"[""Speaking up ||| Focus ||| Problem-solving ||| Leadership ||| Handling stress ||| Social Connections ||| Confidence ||| Teamwork""]",Slightly confident,Very easy,"",[],[],"[""help create safe environments ||| positively influence my experience ||| make me feel comfortable asking them for help ||| make me feel included ||| help me feel more confident""]",A little,Free or low-cost activities ||| Fun social activities ||| Feeling welcome,Sometimes,1995-03-01,United Kingdom,Female,20,12,20,68,21,10,22,13,6,0,15,15,31,11,0,0,0,"",Mobile,Safari 604.1
QSLP_kAns3U,QSLP_jk5g2I,false,Anonymous,Guest,10:19:54 AM,06/07/2026,false,10:19:54 AM,06/07/2026,"",true,true,100.00,19/19,en,"[1, 2, 3, 4, 5, 6, 7, 8, 9, 10, 11, 12, 13, 14, 15, 16, 17, 18, 19]",false,"",15,Less than 30 minutes a week,Community sport club,Having fun,3,3,3,3,4,3,3,3,Sometimes,Quite important,[],[],"[""Focus ||| Problem-solving ||| Handling stress ||| Social Connections ||| Leadership ||| Speaking up ||| Teamwork ||| Confidence""]",Somewhat confident,Difficult,Cost,[],[],"[""make me feel included ||| make me feel comfortable asking them for help ||| help create safe environments ||| positively influence my experience ||| help me feel more confident""]",Not sure,More choice in activities ||| Better places to play ||| Free or low-cost activities,Rarely,1985-09-01,United Kingdom,Male,13,11,20,28,11,4,22,9,17,10,26,9,30,7,0,0,0,"",Mobile,Safari 604.1
QSNmVzf6wGE,QSNmVwtZZc4,false,Anonymous,Guest,01:04:38 PM,06/07/2026,false,"","","",true,false,"","",en,"",false,"",0,"","","","","","","","","","","","","",[],[],[],"","","",[],[],[],"","","","","","",0,0,0,0,0,0,0,0,0,0,0,0,0,0,0,0,0,"",Desktop,Edge 149.0
QSN3fVcHRco,QSN3fUv1Zqg,false,Anonymous,Guest,01:18:42 PM,06/07/2026,false,01:18:42 PM,06/07/2026,"",true,true,10.53,2/19,en,"[1, 2]",false,unyo-linkedin,1,2+ hours a week,"","","","","","","","","","","","",[],[],[],"","","",[],[],[],"","","","","","",6,0,0,0,0,0,0,0,0,0,0,0,0,0,0,0,0,"",Mobile,Mozilla 5.0
QSOT3CCKNPU,QSOT3BT1PjQ,false,Anonymous,Guest,02:03:53 PM,06/07/2026,false,02:03:53 PM,06/07/2026,"",true,true,100.00,19/19,en,"[1, 2, 3, 4, 5, 6, 7, 8, 9, 10, 12, 13, 14, 15, 16, 17, 18, 19]",false,"",14,About 1–2 hours a week,Informal play with friends,Learning new skills,1,3,5,5,2,3,5,2,"Yes, a lot",Quite important,[],[],"[""Problem-solving ||| Teamwork ||| Social Connections ||| Handling stress ||| Speaking up ||| Confidence ||| Focus ||| Leadership""]",Very confident,Quite easy,"",[],[],"[""make me feel included ||| make me feel comfortable asking them for help ||| help me feel more confident ||| positively influence my experience ||| help create safe environments""]","Yes, a lot",Fun social activities ||| Feeling welcome ||| Free or low-cost activities,Always,1992-12-01,United Arab Emirates,Female,27,513,12,79,17,9,17,11,8,0,14,10,21,13,0,0,0,"",Desktop,Chrome 149.0
QSO2Ybe6o70,QSO2Yaq5GjA,false,Anonymous,Guest,02:30:31 PM,06/07/2026,false,02:30:31 PM,06/07/2026,"",true,true,100.00,19/19,en,"[1, 2, 3, 4, 5, 6, 7, 8, 9, 10, 12, 13, 14, 15, 16, 17, 18, 19]",false,unyo-instagram,14,About 30–60 minutes a week,Gym or exercise ||| Dance or movement,Feeling healthy or strong,3,4,3,3,3,3,3,2,Not at all,Neutral,"[""Speaking up ||| Leadership ||| Social Connections""]",[],"[""Handling stress ||| Problem-solving ||| Confidence ||| Focus ||| Teamwork""]",Slightly confident,Quite easy,"","[""make me feel comfortable asking them for help""]",[],"[""make me feel included ||| help me feel more confident ||| help create safe environments ||| positively influence my experience""]","Yes, a lot",Supportive coaches ||| Feeling welcome ||| Free or low-cost activities,Rarely,1995-08-01,United States,Female,7,22,10,34,4,4,21,8,5,0,19,5,15,5,0,0,0,"",Mobile,Safari 604.1
QSO918n2qvc,QSO918Fa7Wk,false,Anonymous,Guest,02:36:03 PM,06/07/2026,false,02:36:03 PM,06/07/2026,"",true,true,5.26,1/19,en,[1],false,unyo-linkedin,0,"","","","","","","","","","","","","",[],[],[],"","","",[],[],[],"","","","","","",0,0,0,0,0,0,0,0,0,0,0,0,0,0,0,0,0,"",Desktop,Edge 149.0
QSO4bKSRDkM,QSO4bJoVMFU,false,Anonymous,Guest,02:39:40 PM,06/07/2026,false,02:39:40 PM,06/07/2026,"",true,false,"","",en,"",false,unyo-instagram,14,About 1–2 hours a week,Dance or movement,Relaxing or reducing stress,5,3,5,5,5,5,5,5,Sometimes,Neutral,[],[],"[""Focus ||| Handling stress ||| Confidence ||| Speaking up ||| Leadership ||| Problem-solving ||| Social Connections ||| Teamwork""]",Very confident,Quite easy,"",[],[],"[""help me feel more confident ||| make me feel comfortable asking them for help ||| positively influence my experience ||| make me feel included ||| help create safe environments""]","Yes, a lot",More choice in activities ||| Fun social activities ||| Better places to play,Often,Invalid date,Canada,Female,9,13,5,26,8,469,12,4,3,0,7,7,8,3,0,0,0,"",Mobile,Safari 604.1
QSPC6EKA_WQ,QSPC6Dk3lCk,false,Anonymous,Guest,02:45:29 PM,06/07/2026,false,02:45:29 PM,06/07/2026,"",true,true,100.00,19/19,en,"[1, 2, 3, 4, 5, 6, 7, 8, 9, 10, 11, 12, 13, 14, 15, 16, 17, 18, 19]",false,unyo-instagram,15,2+ hours a week,Dance or movement ||| Informal play with friends ||| Gym or exercise,Feeling confident,4,5,4,5,5,3,4,4,"Yes, a lot",Very important,[],[],"[""Speaking up ||| Problem-solving ||| Social Connections ||| Teamwork ||| Focus ||| Handling stress ||| Confidence ||| Leadership""]",Confident,Difficult,"Other (please share) [Accessibility, mobility constraints because of conflict ]",[],[],"[""help me feel more confident ||| help create safe environments ||| make me feel included ||| make me feel comfortable asking them for help ||| positively influence my experience""]","Yes, a lot",More choice in activities ||| Free or low-cost activities ||| Better places to play,Sometimes,2000-09-01,Haiti,Female,11,21,16,32,7,5,17,9,13,27,18,5,15,11,0,0,0,"",Mobile,Safari 604.1
QSPdWlQ2yS4,QSPdWkZVylo,false,Anonymous,Guest,03:13:34 PM,06/07/2026,false,03:13:34 PM,06/07/2026,"",true,false,"","",en,"",false,"",14,2+ hours a week,Dance or movement,Relaxing or reducing stress,2,5,1,1,3,5,2,3,"Yes, a lot",Very important,[],[],"[""Speaking up ||| Focus ||| Social Connections ||| Leadership ||| Handling stress ||| Teamwork ||| Problem-solving ||| Confidence""]",Very confident,Very easy,"",[],[],"[""help me feel more confident ||| make me feel comfortable asking them for help ||| help create safe environments ||| positively influence my experience ||| make me feel included""]","Yes, a lot",Fun social activities ||| Feeling welcome ||| Better places to play,Often,2009-07-01,United Kingdom,Female,10,8,6,23,8,4,14,12,7,0,9,62,11,9,0,0,0,"",Desktop,Chrome 148.0
QSPfKPzJnGA,QSPfKPNDs1g,false,Anonymous,Guest,03:17:20 PM,06/07/2026,false,03:17:20 PM,06/07/2026,"",true,true,78.95,15/19,en,"[1, 2, 3, 4, 5, 6, 7, 8, 9, 10, 11, 12, 13, 14, 15]",false,"",14,2+ hours a week,Community sport club ||| Physical education (PE) or school sport,Feeling healthy or strong,5,5,5,4,4,2,4,4,"Yes, a lot",Very important,[],[],"[""Social Connections ||| Problem-solving ||| Focus ||| Speaking up ||| Teamwork ||| Confidence ||| Leadership ||| Handling stress""]",Somewhat confident,Difficult,Other (please share) [Working parents/Transport/Traffic/Distance],"[""help create safe environments ||| help me feel more confident ||| make me feel comfortable asking them for help""]",[],"[""make me feel included ||| positively influence my experience""]","Yes, a lot",Supportive coaches ||| Feeling welcome ||| More choice in activities,Often,"","","",31,22,23,69,14,9,15,13,8,38,19,4,36,15,0,0,0,"",Desktop,Chrome 149.0
QSPwoh9mx3M,QSPwohEWNBg,false,Anonymous,Guest,03:33:46 PM,06/07/2026,false,03:33:47 PM,06/07/2026,"",true,true,100.00,19/19,en,"[1, 2, 3, 4, 5, 6, 7, 8, 9, 10, 11, 12, 13, 14, 15, 16, 17, 18, 19]",false,unyo-instagram,15,2+ hours a week,Gym or exercise,Feeling healthy or strong,2,4,3,4,5,2,3,3,Sometimes,Very important,"[""Speaking up""]",[],"[""Social Connections ||| Handling stress ||| Problem-solving ||| Confidence ||| Focus ||| Teamwork ||| Leadership""]",Somewhat confident,Difficult,Cost,"[""help me feel more confident""]",[],"[""make me feel included ||| make me feel comfortable asking them for help ||| positively influence my experience ||| help create safe environments""]","Yes, a lot",Better places to play ||| More choice in activities ||| Free or low-cost activities,Rarely,1996-11-01,United States,Female,8,6,11,26,5,5,18,7,7,5,14,4,12,4,0,0,0,"",Mobile,Safari 604.1
QSPyFsTD9lo,QSPyFrq2ONE,false,Anonymous,Guest,03:35:41 PM,06/07/2026,false,03:35:41 PM,06/07/2026,"",true,false,"","",en,"",false,unyo-instagram,14,2+ hours a week,Gym or exercise,Relaxing or reducing stress,5,5,3,5,5,3,5,5,"Yes, a lot",Very important,"[""Speaking up""]",[],"[""Focus ||| Social Connections ||| Problem-solving ||| Teamwork ||| Handling stress ||| Confidence ||| Leadership""]",Somewhat confident,Very easy,"",[],[],"[""help create safe environments ||| help me feel more confident ||| positively influence my experience ||| make me feel included ||| make me feel comfortable asking them for help""]","Yes, a lot",Supportive coaches ||| Better places to play ||| Free or low-cost activities,Sometimes,2006-01-01,Paraguay,Female,5,9,15,31,5,6,20,9,5,0,18,5,17,6,0,0,0,"",Mobile,Safari 604.1
QSQIj3MIoxs,QSQIj2NrB1g,false,Anonymous,Guest,03:58:37 PM,06/07/2026,false,03:58:37 PM,06/07/2026,"",true,true,36.84,7/19,en,"[1, 2, 3, 4, 5, 6, 7]",false,"",6,2+ hours a week,Informal play with friends,Having fun,"","","",5,"","",5,5,"Yes, a lot",Very important,[],[],[],"","","",[],[],[],"","","","","","",14,17,8,29,7,11,0,0,0,0,0,0,0,0,0,0,0,"",Desktop,Chrome 150.0
QSQyd8vXZT8,QSQyd7tRzCM,false,Anonymous,Guest,04:43:06 PM,06/07/2026,false,04:43:06 PM,06/07/2026,"",true,true,10.53,2/19,en,"[1, 2]",false,"",1,Less than 30 minutes a week,"","","","","","","","","","","","",[],[],[],"","","",[],[],[],"","","","","","",15,0,0,0,0,0,0,0,0,0,0,0,0,0,0,0,0,"",Mobile,Safari 604.1
QSQy-Y2k-zo,QSQy-YawwKg,false,Anonymous,Guest,04:45:59 PM,06/07/2026,false,04:45:59 PM,06/07/2026,"",true,true,52.63,10/19,en,"[1, 2, 3, 4, 5, 6, 7, 8, 9, 10]",false,"",9,2+ hours a week,Gym or exercise,Feeling healthy or strong,5,5,5,3,4,3,3,5,"Yes, a lot",Quite important,[],[],"[""Speaking up ||| Focus ||| Teamwork ||| Problem-solving ||| Social Connections ||| Confidence ||| Handling stress ||| Leadership""]",Confident,Very easy,"",[],[],[],"","","","","","",12,9,24,47,14,8,20,10,6,0,0,0,0,0,0,0,0,"",Mobile,Safari 604.1
QSQ9G9yr2Wc,QSQ9G9IxH9w,false,Anonymous,Guest,04:58:07 PM,06/07/2026,false,04:58:07 PM,06/07/2026,"",true,true,100.00,19/19,en,"[1, 2, 3, 4, 5, 6, 7, 8, 9, 10, 12, 13, 14, 15, 16, 17, 18, 18, 19]",false,unyo-instagram,16,About 30–60 minutes a week,I don’t regularly take part,Spending time with friends,4,4,4,4,4,2,3,2,Very little,Not very important,[],[],"[""Social Connections ||| Handling stress ||| Leadership ||| Focus ||| Confidence ||| Speaking up ||| Problem-solving ||| Teamwork""]",Very confident,Quite easy,"","[""positively influence my experience""]",[],"[""help me feel more confident ||| make me feel comfortable asking them for help ||| make me feel included ||| help create safe environments""]","Yes, a lot",Better places to play ||| More choice in activities ||| Feeling welcome,Rarely,2006-05-01,Bosnia and Herzegovina,Male,13,11,12,30,7,5,26,9,5,0,14,4,24,6,0,0,0,"",Mobile,Safari 604.1
QSRCfVbkzEA,QSRCfUyfnwc,false,Anonymous,Guest,05:00:17 PM,06/07/2026,false,05:00:17 PM,06/07/2026,"",true,true,5.26,1/19,en,[1],false,unyo-instagram,0,"","","","","","","","","","","","","",[],[],[],"","","",[],[],[],"","","","","","",0,0,0,0,0,0,0,0,0,0,0,0,0,0,0,0,0,"",Mobile,Safari 604.1
QSRCbUYqSvc,QSRCbTkDVJc,false,Anonymous,Guest,05:01:51 PM,06/07/2026,false,05:01:51 PM,06/07/2026,"",true,true,5.26,1/19,en,[1],false,"",0,"","","","","","","","","","","","","",[],[],[],"","","",[],[],[],"","","","","","",0,0,0,0,0,0,0,0,0,0,0,0,0,0,0,0,0,"",Mobile,Chrome 149.0
QSRi7QZAMtE,QSRi7Phe8P0,false,Anonymous,Guest,05:38:44 PM,06/07/2026,false,05:38:45 PM,06/07/2026,"",true,true,100.00,19/19,en,"[1, 2, 3, 4, 5, 6, 7, 8, 9, 10, 12, 13, 14, 15, 16, 17, 18, 19]",false,unyo-instagram,14,About 30–60 minutes a week,Gym or exercise ||| Informal play with friends ||| Dance or movement,Feeling confident,3,3,3,4,3,3,3,4,Sometimes,Very important,"[""Social Connections""]",[],"[""Handling stress ||| Confidence ||| Teamwork ||| Speaking up ||| Problem-solving ||| Leadership ||| Focus""]",Not confident at all,Quite easy,"",[],[],"[""help me feel more confident ||| help create safe environments ||| positively influence my experience ||| make me feel comfortable asking them for help ||| make me feel included""]",A little,Better places to play ||| Feeling welcome ||| Free or low-cost activities,Rarely,1998-04-01,"Palestine, State of",Female,11,18,12,12,7,4,18,10,4,0,10,12,17,4,0,0,0,"",Mobile,Safari 604.1
QSRpRnVRABg,QSRpRmrnVp0,false,Anonymous,Guest,05:43:15 PM,06/07/2026,false,05:43:15 PM,06/07/2026,"",true,true,21.05,4/19,en,"[1, 2, 3, 4]",false,unyo-instagram,3,About 30–60 minutes a week,Gym or exercise,Feeling healthy or strong,"","","","","","","","","","",[],[],[],"","","",[],[],[],"","","","","","",13,13,11,0,0,0,0,0,0,0,0,0,0,0,0,0,0,"",Desktop,Chrome 149.0
QSRthbSAoZw,QSRtha0NIyc,false,Anonymous,Guest,05:51:48 PM,06/07/2026,false,05:51:49 PM,06/07/2026,"",true,true,100.00,19/19,en,"[1, 2, 3, 4, 5, 6, 7, 8, 9, 10, 12, 13, 14, 15, 16, 17, 18, 19]",false,unyo-instagram,14,2+ hours a week,Dance or movement ||| Gym or exercise,Spending time with friends,1,2,2,1,5,4,4,2,"Yes, a lot",Very important,[],[],"[""Handling stress ||| Leadership ||| Social Connections ||| Teamwork ||| Confidence ||| Speaking up ||| Focus ||| Problem-solving""]",Confident,Quite easy,"",[],[],"[""make me feel comfortable asking them for help ||| help create safe environments ||| help me feel more confident ||| positively influence my experience ||| make me feel included""]",Not really,Fun social activities ||| Feeling welcome ||| Free or low-cost activities,Rarely,2005-07-01,United States,Non-binary,8,10,16,43,11,8,31,6,7,0,16,4,4,4,0,0,0,"",Mobile,Safari 604.1
QSRqxiDeCTU,QSRqxhmPsIg,false,Anonymous,Guest,05:51:50 PM,06/07/2026,false,05:51:50 PM,06/07/2026,"",true,true,100.00,19/19,en,"[""1"", ""2"", ""3"", ""4"", ""5"", ""6"", ""7"", ""8"", ""9"", ""10"", ""12"", ""13"", ""14"", ""15"", ""16"", ""17"", ""18"", 19]",false,"",15,About 30–60 minutes a week,Gym or exercise,Feeling healthy or strong,3,5,4,5,2,1,3,4,Sometimes,Very important,[],[],"[""Social Connections ||| Handling stress ||| Teamwork ||| Confidence ||| Leadership ||| Speaking up ||| Focus ||| Problem-solving""]",Confident,Very easy,"",[],[],"[""make me feel included ||| help create safe environments ||| positively influence my experience ||| make me feel comfortable asking them for help ||| help me feel more confident""]",A little,Free or low-cost activities ||| Better places to play ||| Feeling welcome,Sometimes,2002-06-01,Uzbekistan,Male,45,22,19,38,24,11,24,60,28,0,20,11,29,20,0,0,0,"",Desktop,Edge 149.0
QSRzwKqAfUk,QSRzwKCRz64,false,Anonymous,Guest,05:54:22 PM,06/07/2026,false,05:54:22 PM,06/07/2026,"",true,true,21.05,4/19,en,"[1, 2, 3, 4]",false,unyo-instagram,3,About 1–2 hours a week,Dance or movement,Having fun,"","","","","","","","","","",[],[],[],"","","",[],[],[],"","","","","","",6,6,6,0,0,0,0,0,0,0,0,0,0,0,0,0,0,"",Mobile,Safari 604.1
QSR1wa69wdI,QSR1waSzK7M,false,Anonymous,Guest,05:59:59 PM,06/07/2026,false,05:59:59 PM,06/07/2026,"",true,true,100.00,19/19,en,"[1, 2, 3, 4, 5, 6, 7, 8, 9, 10, 12, 13, 14, 15, 16, 17, 18, 19]",false,"",14,About 30–60 minutes a week,Dance or movement ||| Gym or exercise,Relaxing or reducing stress,4,4,4,4,4,4,4,4,Sometimes,Very important,[],[],"[""Speaking up ||| Handling stress ||| Problem-solving ||| Teamwork ||| Leadership ||| Social Connections ||| Focus ||| Confidence""]",Confident,Very easy,"",[],[],"[""help me feel more confident ||| positively influence my experience ||| make me feel included ||| help create safe environments ||| make me feel comfortable asking them for help""]",A little,Better places to play ||| Feeling welcome ||| Fun social activities,Often,2002-06-01,Uzbekistan,Male,9,17,13,23,13,7,17,12,9,0,14,7,13,13,0,0,0,"",Mobile,Safari 604.1
QSSETzVuxP8,QSSETyqmg4U,false,Anonymous,Guest,06:12:17 PM,06/07/2026,false,"","","",true,false,"","",en,"",false,"",1,Less than 30 minutes a week,"","","","","","","","","","","","",[],[],[],"","","",[],[],[],"","","","","","",10,0,0,0,0,0,0,0,0,0,0,0,0,0,0,0,0,"",Mobile,Safari 604.1
QSSKZb_n-Hk,QSSKZbejbT0,false,Anonymous,Guest,06:21:00 PM,06/07/2026,false,"","","",true,false,"","",en,"",false,"",7,2+ hours a week,Gym or exercise,Relaxing or reducing stress,3,5,5,5,5,3,5,5,"Yes, a lot",Very important,[],[],"[""Social Connections ||| Teamwork ||| Problem-solving ||| Confidence ||| Handling stress ||| Focus ||| Speaking up ||| Leadership""]","","","",[],[],[],"","","","","","",15,20,18,38,9,8,16,0,0,0,0,0,0,0,0,0,0,"",Desktop,Edge 148.0
QSSL0h5kM2A,QSSL0hSUon4,false,Anonymous,Guest,06:27:15 PM,06/07/2026,false,06:27:15 PM,06/07/2026,"",true,true,100.00,19/19,en,"[1, 2, 3, 4, 5, 6, 7, 8, 9, 10, 12, 13, 14, 15, 16, 17, 18, 19]",false,"",14,About 30–60 minutes a week,Physical education (PE) or school sport,Feeling healthy or strong,5,5,5,4,5,5,5,4,"Yes, a lot",Very important,"[""Problem-solving""]",[],"[""Handling stress ||| Teamwork ||| Speaking up ||| Focus ||| Social Connections ||| Leadership ||| Confidence""]",Very confident,Very easy,"",[],[],"[""help create safe environments ||| make me feel included ||| make me feel comfortable asking them for help ||| positively influence my experience ||| help me feel more confident""]",A little,More choice in activities ||| Free or low-cost activities ||| Better places to play,Often,1986-02-01,Ghana,Male,20,28,25,67,19,18,30,14,15,0,23,17,30,37,0,0,0,"",Mobile,Chrome 145.0
QSSlU9_nrIs,QSSlU9WUEAw,false,Anonymous,Guest,07:28:04 PM,06/07/2026,false,07:28:04 PM,06/07/2026,"",true,true,5.26,1/19,en,[1],false,"",0,"","","","","","","","","","","","","",[],[],[],"","","",[],[],[],"","","","","","",0,0,0,0,0,0,0,0,0,0,0,0,0,0,0,0,0,"",Desktop,Edge 148.0
QSTdj0M2QK8,QSTdjzZrqs4,false,Anonymous,Guest,07:49:58 PM,06/07/2026,false,07:49:58 PM,06/07/2026,"",true,true,10.53,2/19,en,"[1, 2]",false,"",1,2+ hours a week,"","","","","","","","","","","","",[],[],[],"","","",[],[],[],"","","","","","",15,0,0,0,0,0,0,0,0,0,0,0,0,0,0,0,0,"",Mobile,Safari 604.1
QSTjJLY-Evw,QSTjJKs9SRM,false,Anonymous,Guest,07:57:55 PM,06/07/2026,false,"","","",true,false,"","",en,"",false,"",7,2+ hours a week,Physical education (PE) or school sport,Competing,5,5,5,4,5,5,5,3,"Yes, a lot",Very important,[],[],"[""Speaking up ||| Focus ||| Handling stress ||| Leadership ||| Social Connections ||| Problem-solving ||| Teamwork ||| Confidence""]","","","",[],[],[],"","","","","","",15,14,15,39,9,6,20,0,0,0,0,0,0,0,0,0,0,"",Mobile,Chrome 149.0
QSTnaAeTNco,QSTnZ-7GbUA,false,Anonymous,Guest,08:05:58 PM,06/07/2026,false,08:05:58 PM,06/07/2026,"",true,false,"","",en,"",false,"",14,2+ hours a week,Community sport club ||| Gym or exercise,Competing,3,3,3,2,3,1,1,1,Not at all,Quite important,"[""Speaking up""]",[],"[""Handling stress ||| Focus ||| Problem-solving ||| Leadership ||| Teamwork ||| Social Connections ||| Confidence""]",Very confident,Very easy,"",[],[],"[""make me feel comfortable asking them for help ||| help create safe environments ||| positively influence my experience ||| make me feel included ||| help me feel more confident""]","Yes, a lot",More choice in activities ||| Better places to play ||| Free or low-cost activities,Always,1985-06-01,United Kingdom,Male,14,16,23,70,9,6,36,16,9,0,18,12,14,7,0,0,0,"",Mobile,Safari 604.1
QSVAiCstGUE,QSVAiB5Xhoo,false,Anonymous,Guest,09:38:10 PM,06/07/2026,false,09:38:10 PM,06/07/2026,"",true,true,5.26,1/19,en,[1],false,"",0,"","","","","","","","","","","","","",[],[],[],"","","",[],[],[],"","","","","","",0,0,0,0,0,0,0,0,0,0,0,0,0,0,0,0,0,"",Mobile,Chrome 122.0
QSYGbYqZPYY,QSYGbYAqAZ8,false,Anonymous,Guest,01:14:29 AM,07/07/2026,false,01:14:29 AM,07/07/2026,"",true,true,10.53,2/19,en,"[1, 2]",false,"",1,2+ hours a week,"","","","","","","","","","","","",[],[],[],"","","",[],[],[],"","","","","","",25,0,0,0,0,0,0,0,0,0,0,0,0,0,0,0,0,"",Desktop,Safari 605.1
QSYOkbIUhIc,QSYOkaSrTg0,false,Anonymous,Guest,01:30:20 AM,07/07/2026,false,01:30:20 AM,07/07/2026,"",true,true,100.00,19/19,en,"[1, 2, 3, 4, 5, 6, 7, 8, 9, 10, 12, 13, 14, 15, 16, 17, 18, 19]",false,"",14,2+ hours a week,Informal play with friends,Relaxing or reducing stress,4,4,4,4,5,5,5,3,"Yes, a lot",Quite important,[],[],"[""Speaking up ||| Leadership ||| Teamwork ||| Confidence ||| Focus ||| Problem-solving ||| Social Connections ||| Handling stress""]",Somewhat confident,Quite easy,"",[],[],"[""make me feel included ||| make me feel comfortable asking them for help ||| help create safe environments ||| positively influence my experience ||| help me feel more confident""]","Yes, a lot",Feeling welcome ||| More choice in activities ||| Free or low-cost activities,Sometimes,1974-02-01,Australia,Male,19,32,24,55,17,9,28,31,15,0,29,12,40,8,0,0,0,"",Desktop,Edge 150.0
QSYvbP7p__I,QSYvbPR2Xxg,false,Anonymous,Guest,02:07:05 AM,07/07/2026,false,02:07:05 AM,07/07/2026,"",true,true,100.00,19/19,en,"[""1"", ""2"", ""3"", ""4"", ""5"", ""6"", ""7"", ""8"", ""9"", ""10"", ""12"", ""13"", ""14"", ""15"", ""16"", ""17"", ""18"", 19]",false,"",15,About 30–60 minutes a week,Online/virtual fitness,Competing,2,2,4,4,1,3,3,3,Not at all,Not very important,"[""Handling stress""]",[],"[""Problem-solving ||| Speaking up ||| Confidence ||| Teamwork ||| Social Connections ||| Leadership ||| Focus""]",Confident,Very easy,"",[],[],"[""help create safe environments ||| make me feel included ||| positively influence my experience ||| help me feel more confident ||| make me feel comfortable asking them for help""]",Not really,More choice in activities ||| Supportive coaches ||| Free or low-cost activities,Rarely,2008-09-01,India,Male,20,18,30,58,28,9,25,23,19,0,25,18,39,9,0,0,0,"",Desktop,Chrome 150.0
QSYqvfLUtzc,QSYqvenr2xU,false,Anonymous,Guest,02:07:20 AM,07/07/2026,false,02:07:20 AM,07/07/2026,"",true,true,5.26,1/19,en,[1],false,"",14,2+ hours a week,Gym or exercise,Having fun,3,5,3,3,5,1,1,1,Very little,Very important,"[""Speaking up ||| Problem-solving""]",[],"[""Social Connections ||| Focus ||| Confidence ||| Handling stress ||| Teamwork ||| Leadership""]",Very confident,Very easy,"","[""make me feel included ||| help create safe environments ||| positively influence my experience ||| help me feel more confident ||| make me feel comfortable asking them for help""]",[],[],Not sure,Feeling welcome ||| More choice in activities ||| Fun social activities,Never,1976-06-01,Brazil,Male,19,22,10,242,9,5,33,28,8,0,31,9,64,23,0,0,0,"",Desktop,Chrome 149.0
QSZQuj93qMU,QSZQujK8pp4,false,Anonymous,Guest,03:26:31 AM,07/07/2026,false,03:26:31 AM,07/07/2026,"",true,true,5.26,1/19,en,[1],false,"",0,"","","","","","","","","","","","","",[],[],[],"","","",[],[],[],"","","","","","",0,0,0,0,0,0,0,0,0,0,0,0,0,0,0,0,0,"",Desktop,Chrome 149.0
QSaItUsR0wY,QSaItUPhyHo,false,Anonymous,Guest,03:42:26 AM,07/07/2026,false,03:42:27 AM,07/07/2026,"",true,true,100.00,19/19,en,"[1, 2, 3, 4, 5, 6, 7, 8, 9, 10, 12, 13, 14, 15, 16, 17, 18, 19]",false,"",13,I’m not active at the moment,"",Being part of a team,5,1,5,"",5,5,5,5,"Yes, a lot",Very important,[],[],"[""Focus ||| Teamwork ||| Confidence ||| Problem-solving ||| Speaking up ||| Handling stress ||| Social Connections ||| Leadership""]",Very confident,Very easy,"",[],[],"[""make me feel comfortable asking them for help ||| help create safe environments ||| make me feel included ||| help me feel more confident ||| positively influence my experience""]","Yes, a lot",Free or low-cost activities ||| Feeling welcome ||| Supportive coaches,Always,2002-05-01,Pakistan,Male,20,0,51,67,26,11,21,15,10,0,12,10,35,4,0,0,0,"",Mobile,Chrome 149.0
QSaHV0djvV4,QSaHVzsMSdU,false,Anonymous,Guest,03:42:31 AM,07/07/2026,false,03:42:32 AM,07/07/2026,"",true,true,100.00,19/19,en,"[1, 2, 3, 4, 5, 6, 7, 8, 9, 10, 12, 13, 14, 15, 16, 17, 18, 19]",false,"",14,2+ hours a week,Community sport club,Learning new skills,5,5,5,5,5,3,3,5,"Yes, a lot",Very important,[],[],"[""Teamwork ||| Social Connections ||| Speaking up ||| Confidence ||| Handling stress ||| Problem-solving ||| Focus ||| Leadership""]",Very confident,Very easy,"",[],[],"[""help me feel more confident ||| make me feel comfortable asking them for help ||| positively influence my experience ||| make me feel included ||| help create safe environments""]","Yes, a lot",Supportive coaches ||| Free or low-cost activities ||| Fun social activities,Always,1986-09-01,Bangladesh,Male,10,8,99,55,6,5,15,27,6,0,12,7,28,9,0,0,0,"",Desktop,Chrome 149.0
QSa6IcXa1KE,QSa6Ibe0oW8,false,Anonymous,Guest,04:30:22 AM,07/07/2026,false,04:30:22 AM,07/07/2026,"",true,true,5.26,1/19,en,[1],false,unyo-instagram,0,"","","","","","","","","","","","","",[],[],[],"","","",[],[],[],"","","","","","",0,0,0,0,0,0,0,0,0,0,0,0,0,0,0,0,0,"",Mobile,Safari 604.1
QSa82pjvclA,QSa82o7Tc_g,false,Anonymous,Guest,04:37:45 AM,07/07/2026,false,04:37:45 AM,07/07/2026,"",true,true,100.00,19/19,en,"[1, 2, 3, 4, 5, 6, 7, 8, 9, 10, 12, 13, 14, 15, 16, 17, 18, 19]",false,"",14,2+ hours a week,Gym or exercise ||| Informal play with friends ||| Community sport club,Feeling healthy or strong,5,4,5,4,4,5,4,4,Sometimes,Very important,"[""Problem-solving""]",[],"[""Social Connections ||| Leadership ||| Teamwork ||| Confidence ||| Speaking up ||| Focus ||| Handling stress""]",Confident,Very easy,"",[],[],"[""make me feel included ||| make me feel comfortable asking them for help ||| help me feel more confident ||| positively influence my experience ||| help create safe environments""]","Yes, a lot",Fun social activities ||| Feeling welcome ||| Free or low-cost activities,Sometimes,2000-06-01,United States,Female,11,25,16,31,10,9,21,10,12,0,21,6,28,10,0,0,0,"",Mobile,Safari 604.1
QSa_Hgk0zp4,QSa_HgFl0kw,false,Anonymous,Guest,04:39:25 AM,07/07/2026,false,04:39:25 AM,07/07/2026,"",true,true,100.00,19/19,en,"[1, 2, 3, 4, 5, 6, 7, 8, 9, 10, 11, 12, 13, 14, 15, 16, 17, 18, 19]",false,"",15,2+ hours a week,Informal play with friends ||| Gym or exercise,Relaxing or reducing stress,3,5,4,5,5,4,5,5,"Yes, a lot",Very important,[],[],"[""Confidence ||| Handling stress ||| Leadership ||| Focus ||| Problem-solving ||| Speaking up ||| Teamwork ||| Social Connections""]",Confident,Difficult,Cost,"[""help create safe environments""]",[],"[""help me feel more confident ||| make me feel comfortable asking them for help ||| make me feel included ||| positively influence my experience""]","Yes, a lot",More choice in activities ||| Free or low-cost activities ||| Better places to play,Always,1988-07-01,Brazil,Female,11,27,15,36,8,6,30,16,14,15,20,13,23,7,0,0,0,"",Desktop,Safari 605.1
QSbYSQdS6yw,QSbYSPnmulA,false,Anonymous,Guest,05:06:15 AM,07/07/2026,false,05:06:15 AM,07/07/2026,"",true,true,100.00,19/19,en,"[1, 2, 3, 4, 5, 6, 7, 8, 9, 10, 12, 13, 14, 15, 16, 17, 18, 19]",false,"",14,Less than 30 minutes a week,Physical education (PE) or school sport,Learning new skills,3,3,3,3,3,3,3,3,Sometimes,Quite important,[],[],"[""Confidence ||| Problem-solving ||| Handling stress ||| Teamwork ||| Focus ||| Speaking up ||| Social Connections ||| Leadership""]",Somewhat confident,Quite easy,"",[],[],"[""make me feel comfortable asking them for help ||| help create safe environments ||| make me feel included ||| help me feel more confident ||| positively influence my experience""]","Yes, a lot",Better places to play ||| Supportive coaches ||| Free or low-cost activities,Often,1985-08-01,India,Male,8,13,5,18,8,4,16,10,15,0,13,7,19,8,0,0,0,"",Desktop,Chrome 149.0
QSbklRJXf3A,QSbklQa70CQ,false,Anonymous,Guest,05:16:43 AM,07/07/2026,false,"","","",true,false,"","",en,"",false,"",0,"","","","","","","","","","","","","",[],[],[],"","","",[],[],[],"","","","","","",0,0,0,0,0,0,0,0,0,0,0,0,0,0,0,0,0,"",Mobile,Chrome 150.0
QScDW00_VLU,QScDW0Q7l88,false,Anonymous,Guest,05:56:54 AM,07/07/2026,false,05:56:54 AM,07/07/2026,"",true,true,100.00,19/19,en,"[1, 2, 3, 4, 5, 6, 7, 8, 9, 10, 12, 13, 14, 15, 16, 17, 18, 19]",false,"",14,2+ hours a week,Community sport club ||| Physical education (PE) or school sport,Having fun,5,5,5,5,4,4,3,5,"Yes, a lot",Very important,[],[],"[""Handling stress ||| Focus ||| Confidence ||| Speaking up ||| Social Connections ||| Teamwork ||| Leadership ||| Problem-solving""]",Confident,Quite easy,"",[],[],"[""help create safe environments ||| positively influence my experience ||| make me feel included ||| make me feel comfortable asking them for help ||| help me feel more confident""]",A little,Better places to play ||| Fun social activities ||| Supportive coaches,Always,1994-02-01,Uganda,Male,16,17,7,56,10,7,45,11,38,0,33,7,16,13,0,0,0,"",Mobile,Chrome 149.0
QScPfHL1Ej4,QScPfGnQfvc,false,Anonymous,Guest,06:05:15 AM,07/07/2026,false,06:05:15 AM,07/07/2026,"",true,true,21.05,4/19,en,"[1, 2, 3, 4]",false,"",3,About 1–2 hours a week,Dance or movement ||| Informal play with friends,Relaxing or reducing stress,"","","","","","","","","","",[],[],[],"","","",[],[],[],"","","","","","",29,25,50,0,0,0,0,0,0,0,0,0,0,0,0,0,0,"",Desktop,Chrome 149.0
QScX0mP_f94,QScX0ls0tWw,false,Anonymous,Guest,06:12:58 AM,07/07/2026,false,06:12:58 AM,07/07/2026,"",true,true,5.26,1/19,en,[1],false,"",0,"","","","","","","","","","","","","",[],[],[],"","","",[],[],[],"","","","","","",0,0,0,0,0,0,0,0,0,0,0,0,0,0,0,0,0,"",Mobile,Safari 604.1
QScUVF4dFZQ,QScUVFTpvR0,false,Anonymous,Guest,06:14:54 AM,07/07/2026,false,06:14:54 AM,07/07/2026,"",true,true,100.00,19/19,en,"[1, 2, 3, 4, 5, 6, 7, 8, 9, 10, 12, 13, 14, 15, 16, 17, 18, 19]",false,"",14,2+ hours a week,Physical education (PE) or school sport ||| Dance or movement ||| Informal play with friends,Having fun,5,5,5,5,5,4,4,5,"Yes, a lot",Very important,[],[],"[""Focus ||| Speaking up ||| Handling stress ||| Teamwork ||| Social Connections ||| Leadership ||| Confidence ||| Problem-solving""]",Confident,Very easy,"",[],[],"[""make me feel included ||| make me feel comfortable asking them for help ||| positively influence my experience ||| help create safe environments ||| help me feel more confident""]","Yes, a lot",Free or low-cost activities ||| Feeling welcome ||| Fun social activities,Sometimes,1997-11-01,Uganda,Female,4,14,6,24,7,8,19,13,14,0,16,132,26,9,0,0,0,"",Mobile,Chrome 143.0
QSc6x32oAc4,QSc6x3FRA8s,false,Anonymous,Guest,06:58:06 AM,07/07/2026,false,06:58:06 AM,07/07/2026,"",true,true,100.00,19/19,en,"[1, 2, 3, 4, 5, 6, 7, 8, 9, 10, 12, 13, 14, 15, 16, 17, 18, 19]",false,"",14,About 1–2 hours a week,Informal play with friends,Feeling confident,5,5,5,5,5,3,3,5,"Yes, a lot",Very important,[],[],"[""Teamwork ||| Problem-solving ||| Confidence ||| Handling stress ||| Focus ||| Leadership ||| Speaking up ||| Social Connections""]",Very confident,Quite easy,"",[],[],"[""help me feel more confident ||| positively influence my experience ||| make me feel included ||| make me feel comfortable asking them for help ||| help create safe environments""]","Yes, a lot",Supportive coaches ||| Free or low-cost activities ||| Feeling welcome,Sometimes,Invalid date,Hungary,Female,15,36,24,49,33,11,27,28,9,0,29,18,48,16,0,0,0,"",Desktop,Safari 605.1
QSdLVclFBdQ,QSdLVcK1qng,false,Anonymous,Guest,07:15:31 AM,07/07/2026,false,07:15:32 AM,07/07/2026,"",true,true,100.00,19/19,en,"[1, 2, 3, 4, 5, 6, 7, 8, 9, 10, 12, 13, 14, 15, 16, 17, 18, 19]",false,"",14,Less than 30 minutes a week,I don’t regularly take part,Relaxing or reducing stress,5,5,4,3,3,1,5,2,"Yes, a lot",Quite important,"[""Confidence""]",[],"[""Focus ||| Handling stress ||| Teamwork ||| Problem-solving ||| Speaking up ||| Social Connections ||| Leadership""]",Very confident,Quite easy,"","[""help me feel more confident ||| make me feel comfortable asking them for help ||| help create safe environments""]",[],"[""positively influence my experience ||| make me feel included""]",Not sure,Free or low-cost activities ||| More choice in activities ||| Feeling welcome,Never,1997-01-01,Pakistan,Female,18,12,18,62,19,9,42,16,17,0,46,8,19,12,0,0,0,"",Mobile,Chrome 149.0
QSdPZuCrMQ8,QSdPZtWmlnU,false,Anonymous,Guest,07:19:46 AM,07/07/2026,false,07:19:46 AM,07/07/2026,"",true,true,100.00,19/19,en,"[1, 2, 3, 4, 5, 6, 7, 8, 9, 10, 12, 13, 14, 15, 16, 17, 18, 19]",false,"",14,2+ hours a week,Gym or exercise ||| Informal play with friends ||| Community sport club,Feeling healthy or strong,1,1,5,1,2,3,4,5,"Yes, a lot",Very important,[],[],"[""Problem-solving ||| Leadership ||| Handling stress ||| Social Connections ||| Teamwork ||| Speaking up ||| Confidence ||| Focus""]",Very confident,Quite easy,"",[],[],"[""help create safe environments ||| make me feel comfortable asking them for help ||| help me feel more confident ||| positively influence my experience ||| make me feel included""]","Yes, a lot",Better places to play ||| More choice in activities ||| Supportive coaches,Always,2006-12-01,Morocco,Male,37,42,23,45,8,9,26,15,16,0,22,9,42,17,0,0,0,"",Mobile,Chrome 143.0
QSdlwcj0Q_A,QSdlwb8FpZI,false,Anonymous,Guest,07:43:10 AM,07/07/2026,false,07:43:10 AM,07/07/2026,"",true,true,100.00,19/19,en,"[1, 2, 3, 4, 5, 6, 7, 8, 9, 10, 12, 13, 14, 15, 16, 17, 18, 19]",false,unyo-instagram,14,2+ hours a week,Community sport club,Learning new skills,5,5,3,4,5,5,5,4,"Yes, a lot",Very important,"[""Handling stress ||| Leadership""]",[],"[""Teamwork ||| Speaking up ||| Problem-solving ||| Confidence ||| Social Connections ||| Focus""]",Very confident,Very easy,"",[],[],"[""help create safe environments ||| make me feel comfortable asking them for help ||| positively influence my experience ||| make me feel included ||| help me feel more confident""]",A little,Fun social activities ||| Better places to play ||| More choice in activities,Often,2001-09-01,Egypt,Female,13,18,13,102,9,7,28,14,11,0,18,12,25,13,0,0,0,"",Mobile,Safari 604.1
QSeJgv_OPY4,QSeJgvYzUUQ,false,Anonymous,Guest,08:21:45 AM,07/07/2026,false,08:21:45 AM,07/07/2026,"",true,false,"","",en,"",false,unyo-instagram,14,About 1–2 hours a week,Dance or movement ||| Physical education (PE) or school sport,Competing,5,5,5,5,4,2,5,4,"Yes, a lot",Very important,[],[],"[""Teamwork ||| Problem-solving ||| Focus ||| Speaking up ||| Leadership ||| Handling stress ||| Social Connections ||| Confidence""]",Very confident,Quite easy,"",[],[],"[""make me feel included ||| positively influence my experience ||| help me feel more confident ||| help create safe environments ||| make me feel comfortable asking them for help""]",Not sure,Better places to play ||| Supportive coaches ||| Fun social activities,Always,2008-06-01,[OTHER] United Arab Emirates,Female,22,17,18,54,9,5,15,22,7,0,12,8,29,7,0,0,0,"",Mobile,Safari 604.1
QSeJH3A1mnc,QSeJH2cD4Q4,false,Anonymous,Guest,08:22:38 AM,07/07/2026,false,08:22:38 AM,07/07/2026,"",true,true,100.00,19/19,en,"[1, 2, 3, 4, 5, 6, 7, 8, 9, 10, 12, 13, 14, 15, 16, 17, 18, 19]",false,"",14,2+ hours a week,Gym or exercise ||| Community sport club,Feeling healthy or strong,5,5,4,4,4,3,3,5,Sometimes,Quite important,[],[],"[""Confidence ||| Handling stress ||| Problem-solving ||| Focus ||| Social Connections ||| Teamwork ||| Leadership ||| Speaking up""]",Somewhat confident,Very easy,"","[""help create safe environments""]",[],"[""help me feel more confident ||| make me feel included ||| make me feel comfortable asking them for help ||| positively influence my experience""]",A little,Supportive coaches ||| Feeling welcome ||| Fun social activities,Often,1999-09-01,Uganda,Male,17,32,24,55,12,9,22,15,7,0,27,12,42,7,0,0,0,"",Mobile,Safari 604.1
QSeS-Re0vf8,QSeS-QdT02g,false,Anonymous,Guest,08:27:06 AM,07/07/2026,false,08:27:06 AM,07/07/2026,"",true,true,5.26,1/19,en,[1],false,"",0,"","","","","","","","","","","","","",[],[],[],"","","",[],[],[],"","","","","","",0,0,0,0,0,0,0,0,0,0,0,0,0,0,0,0,0,"",Mobile,Safari 604.1
QSOcauMbqxA,QSOcatQPDxo,false,Anonymous,Guest,09:56:24 AM,07/07/2026,false,09:56:24 AM,07/07/2026,"",true,true,10.53,2/19,en,"[1, 2]",false,"",1,2+ hours a week,"","","","","","","","","","","","",[],[],[],"","","",[],[],[],"","","","","","",7729,0,0,0,0,0,0,0,0,0,0,0,0,0,0,0,0,"",Desktop,Chrome 149.0
QSf7giVFNsc,QSf7ghYkjRQ,false,Anonymous,Guest,10:24:10 AM,07/07/2026,false,10:24:10 AM,07/07/2026,"",true,true,100.00,19/19,en,"[1, 2, 3, 4, 5, 6, 7, 8, 9, 10, 12, 13, 14, 15, 16, 17, 18, 19]",false,"",14,2+ hours a week,Dance or movement ||| Community sport club,Relaxing or reducing stress,3,3,3,2,3,1,1,1,Not at all,Very important,"[""Speaking up ||| Problem-solving ||| Leadership""]",[],"[""Focus ||| Teamwork ||| Social Connections ||| Handling stress ||| Confidence""]",Somewhat confident,Quite easy,"",[],[],"[""make me feel included ||| positively influence my experience ||| help create safe environments ||| make me feel comfortable asking them for help ||| help me feel more confident""]",Not at all,Supportive coaches ||| Better places to play ||| Fun social activities,Often,1999-01-01,Afghanistan,Other,3,8,9,34,4,4,19,6,3,0,10,6,8,1,0,0,0,"",Desktop,Chrome 149.0
QSf786uQQ28,QSf786N5Ye0,false,Anonymous,Guest,10:28:58 AM,07/07/2026,false,10:28:58 AM,07/07/2026,"",true,true,100.00,19/19,en,"[1, 2, 3, 4, 5, 6, 7, 8, 9, 10, 12, 13, 14, 15, 16, 17, 18, 19]",false,"",14,2+ hours a week,Physical education (PE) or school sport,Feeling healthy or strong,4,4,5,4,4,2,3,2,"Yes, a lot",Very important,"[""Leadership ||| Speaking up ||| Teamwork ||| Problem-solving""]",[],"[""Focus ||| Handling stress ||| Confidence ||| Social Connections""]",Very confident,Very easy,"",[],[],"[""make me feel included ||| make me feel comfortable asking them for help ||| help me feel more confident ||| positively influence my experience ||| help create safe environments""]",A little,Better places to play ||| Fun social activities ||| Free or low-cost activities,Rarely,1983-07-01,Belgium,Male,13,24,9,119,13,5,87,16,12,0,17,10,13,7,0,0,0,"",Desktop,Edge 149.0
QSgHNNYF_P0,QSgHNMyvRwM,false,Anonymous,Guest,10:39:45 AM,07/07/2026,false,10:39:45 AM,07/07/2026,"",true,false,"","",en,"",false,unyo-linkedin,14,2+ hours a week,Dance or movement ||| Gym or exercise,Feeling healthy or strong,5,5,5,5,5,5,5,5,"Yes, a lot",Very important,[],[],"[""Social Connections ||| Handling stress ||| Speaking up ||| Confidence ||| Teamwork ||| Problem-solving ||| Leadership ||| Focus""]",Very confident,Very easy,"","[""make me feel comfortable asking them for help""]",[],"[""help create safe environments ||| positively influence my experience ||| make me feel included ||| help me feel more confident""]","Yes, a lot",More choice in activities ||| Feeling welcome ||| Free or low-cost activities,Often,2001-08-01,India,Female,12,12,12,60,14,9,22,16,57,0,6,8,35,16,0,0,0,"",Desktop,Chrome 149.0
QSh5so4_IJk,QSh5soBTFtA,false,Anonymous,Guest,12:39:17 PM,07/07/2026,false,12:39:17 PM,07/07/2026,"",true,true,5.26,1/19,en,[1],false,"",0,"","","","","","","","","","","","","",[],[],[],"","","",[],[],[],"","","","","","",0,0,0,0,0,0,0,0,0,0,0,0,0,0,0,0,0,"",Mobile,Safari 604.1
QSiENRkX2EI,QSiENQ21I-Q,false,Anonymous,Guest,12:52:07 PM,07/07/2026,false,"","","",true,false,"","",en,"",false,"",6,2+ hours a week,Gym or exercise,Feeling healthy or strong,3,4,4,4,3,4,5,4,"Yes, a lot",Very important,[],[],[],"","","",[],[],[],"","","","","","",10,11,14,37,11,13,0,0,0,0,0,0,0,0,0,0,0,"",Desktop,Safari 605.1
QSiMexJiEf0,QSiMewjYdck,false,Anonymous,Guest,01:02:44 PM,07/07/2026,false,01:02:44 PM,07/07/2026,"",true,false,"","",en,"",false,count-us-in,14,2+ hours a week,Community sport club ||| Gym or exercise,Being part of a team,4,3,3,4,3,3,4,3,"Yes, a lot",Quite important,[],[],"[""Problem-solving ||| Focus ||| Leadership ||| Handling stress ||| Speaking up ||| Confidence ||| Teamwork ||| Social Connections""]",Very confident,Very easy,"",[],[],"[""positively influence my experience ||| make me feel included ||| make me feel comfortable asking them for help ||| help me feel more confident ||| help create safe environments""]","Yes, a lot",Supportive coaches ||| Feeling welcome ||| Free or low-cost activities,Rarely,2000-04-01,United States,Female,10,13,12,30,7,5,15,10,5,0,12,4,16,11,0,0,0,"",Desktop,Chrome 149.0
QSiL3FCoXZE,QSiL3EWumXg,false,Anonymous,Guest,01:06:00 PM,07/07/2026,false,01:06:01 PM,07/07/2026,"",true,true,100.00,19/19,en,"[1, 2, 3, 4, 5, 6, 7, 8, 9, 10, 12, 13, 14, 15, 16, 17, 18, 19]",false,"",14,2+ hours a week,Dance or movement ||| Online/virtual fitness ||| Gym or exercise,Feeling healthy or strong,4,4,4,4,5,3,3,4,Sometimes,Quite important,"[""Leadership""]",[],"[""Confidence ||| Handling stress ||| Speaking up ||| Problem-solving ||| Teamwork ||| Focus ||| Social Connections""]",Very confident,Quite easy,"","[""positively influence my experience""]",[],"[""make me feel comfortable asking them for help ||| help create safe environments ||| make me feel included ||| help me feel more confident""]","Yes, a lot",Better places to play ||| Free or low-cost activities ||| Supportive coaches,Rarely,2008-08-01,Ghana,Female,64,19,27,63,17,16,34,15,20,0,32,12,28,15,0,0,0,"",Mobile,Chrome 149.0
QSi68-evUmY,QSi68_jSofw,false,Anonymous,Guest,01:50:42 PM,07/07/2026,false,01:50:42 PM,07/07/2026,"",true,true,10.53,2/19,en,"[1, 2]",false,unyo-linkedin,1,About 1–2 hours a week,"","","","","","","","","","","","",[],[],[],"","","",[],[],[],"","","","","","",18,0,0,0,0,0,0,0,0,0,0,0,0,0,0,0,0,"",Mobile,Mozilla 5.0
QSjEMgzOWl8,QSjEMgE8I2U,false,Anonymous,Guest,02:00:30 PM,07/07/2026,false,02:00:30 PM,07/07/2026,"",true,true,10.53,2/19,en,"[1, 2]",false,"",1,About 30–60 minutes a week,"","","","","","","","","","","","",[],[],[],"","","",[],[],[],"","","","","","",7,0,0,0,0,0,0,0,0,0,0,0,0,0,0,0,0,"",Mobile,Safari 604.1
QSjEl-W8Uik,QSjEl_3m-_A,false,Anonymous,Guest,02:08:45 PM,07/07/2026,false,02:08:46 PM,07/07/2026,"",true,true,100.00,19/19,en,"[1, 2, 3, 4, 5, 6, 7, 8, 9, 10, 12, 13, 14, 15, 16, 17, 18, 19]",false,"",14,About 1–2 hours a week,Community sport club,Feeling healthy or strong,5,3,3,5,5,5,5,3,"Yes, a lot",Quite important,[],[],"[""Confidence ||| Problem-solving ||| Social Connections ||| Leadership ||| Focus ||| Handling stress ||| Speaking up ||| Teamwork""]",Confident,Quite easy,"",[],[],"[""positively influence my experience ||| help create safe environments ||| help me feel more confident ||| make me feel included ||| make me feel comfortable asking them for help""]",A little,More choice in activities ||| Better places to play ||| Free or low-cost activities,Rarely,2008-07-01,Peru,Female,9,43,19,69,10,8,34,27,20,0,20,24,44,10,0,0,0,"",Desktop,Chrome 148.0
QSkPCZ12pg0,QSkPCZSaODI,false,Anonymous,Guest,03:22:19 PM,07/07/2026,false,03:22:19 PM,07/07/2026,"",true,true,5.26,1/19,en,[1],false,"",0,"","","","","","","","","","","","","",[],[],[],"","","",[],[],[],"","","","","","",0,0,0,0,0,0,0,0,0,0,0,0,0,0,0,0,0,"",Desktop,Edge 150.0
QSkKlFnc8hY,QSkKlE6xXhM,false,Anonymous,Guest,03:23:32 PM,07/07/2026,false,03:23:32 PM,07/07/2026,"",true,false,"","",en,"",false,"",14,About 1–2 hours a week,Gym or exercise ||| Dance or movement,Feeling confident,4,5,5,4,5,5,4,4,"Yes, a lot",Very important,[],[],"[""Leadership ||| Social Connections ||| Focus ||| Handling stress ||| Teamwork ||| Confidence ||| Problem-solving ||| Speaking up""]",Confident,Quite easy,"","[""make me feel comfortable asking them for help""]",[],"[""make me feel included ||| help create safe environments ||| positively influence my experience ||| help me feel more confident""]","Yes, a lot",Free or low-cost activities ||| Feeling welcome ||| Fun social activities,Often,2009-04-01,India,Female,13,14,34,51,26,12,22,16,17,0,19,8,42,24,0,0,0,"",Desktop,Chrome 149.0
QSkP15jgF74,QSkP141afOc,false,Anonymous,Guest,03:23:41 PM,07/07/2026,false,03:23:41 PM,07/07/2026,"",true,true,21.05,4/19,en,"[1, 2, 3, 4]",false,"",3,2+ hours a week,Informal play with friends ||| Gym or exercise,Being part of a team,"","","","","","","","","","",[],[],[],"","","",[],[],[],"","","","","","",10,15,11,0,0,0,0,0,0,0,0,0,0,0,0,0,0,"",Desktop,Chrome 149.0
QSkRGy7NRdo,QSkRGyZvADc,false,Anonymous,Guest,03:24:35 PM,07/07/2026,false,03:24:35 PM,07/07/2026,"",true,true,10.53,2/19,en,"[1, 2]",false,"",1,2+ hours a week,"","","","","","","","","","","","",[],[],[],"","","",[],[],[],"","","","","","",10,0,0,0,0,0,0,0,0,0,0,0,0,0,0,0,0,"",Mobile,Safari 604.1
QSjVzsTEpuo,QSjVzrwTZTk,false,Anonymous,Guest,03:26:20 PM,07/07/2026,false,03:26:20 PM,07/07/2026,"",true,true,100.00,19/19,en,"[1, 2, 3, 4, 5, 6, 7, 8, 9, 10, 12, 13, 14, 15, 16, 17, 18, 19]",false,"",14,About 1–2 hours a week,Physical education (PE) or school sport ||| Dance or movement ||| Gym or exercise,Feeling healthy or strong,3,4,4,4,3,3,3,3,Sometimes,Quite important,"[""Leadership ||| Teamwork ||| Problem-solving ||| Speaking up""]",[],"[""Handling stress ||| Confidence ||| Social Connections ||| Focus""]",Somewhat confident,Quite easy,"",[],[],"[""make me feel included ||| help me feel more confident ||| positively influence my experience ||| make me feel comfortable asking them for help ||| help create safe environments""]",A little,Free or low-cost activities ||| Supportive coaches ||| Feeling welcome,Sometimes,2009-10-01,India,Female,13,10,14,43,18,8,21,9,5,0,14,7,26,7,0,0,0,"",Desktop,Chrome 149.0
QSkNxe2C72A,QSkNxeSvQ6E,false,Anonymous,Guest,03:26:43 PM,07/07/2026,false,03:26:43 PM,07/07/2026,"",true,true,100.00,19/19,en,"[1, 2, 3, 4, 5, 6, 7, 8, 9, 10, 11, 12, 13, 14, 15, 16, 17, 18, 19]",false,"",15,2+ hours a week,Gym or exercise,Feeling healthy or strong,2,2,1,1,1,2,1,2,"Yes, a lot",Very important,"[""Problem-solving ||| Social Connections ||| Handling stress ||| Speaking up ||| Teamwork ||| Leadership""]",[],"[""Confidence ||| Focus""]",Somewhat confident,No access,Cost,[],[],"[""help create safe environments ||| make me feel included ||| make me feel comfortable asking them for help ||| positively influence my experience ||| help me feel more confident""]",Not really,Free or low-cost activities ||| Better places to play ||| Supportive coaches,Sometimes,2008-05-01,Pakistan,Female,14,9,4,33,12,23,23,16,7,8,17,6,32,23,0,0,0,"",Desktop,Chrome 149.0
QSkT5kv7Mkw,QSkT5kLsXhk,false,Anonymous,Guest,03:27:34 PM,07/07/2026,false,03:27:34 PM,07/07/2026,"",true,true,5.26,1/19,en,[1],false,"",0,"","","","","","","","","","","","","",[],[],[],"","","",[],[],[],"","","","","","",0,0,0,0,0,0,0,0,0,0,0,0,0,0,0,0,0,"",Mobile,Safari 604.1
QSkXheCLkEU,QSkXhdZVZNg,false,Anonymous,Guest,03:31:42 PM,07/07/2026,false,03:31:42 PM,07/07/2026,"",true,true,5.26,1/19,en,[1],false,"",0,"","","","","","","","","","","","","",[],[],[],"","","",[],[],[],"","","","","","",0,0,0,0,0,0,0,0,0,0,0,0,0,0,0,0,0,"",Desktop,Chrome 149.0
QSkXfEMjEt8,QSkXfDrJtuQ,false,Anonymous,Guest,03:34:32 PM,07/07/2026,false,"","","",true,false,"","",en,"",false,"",10,About 1–2 hours a week,Online/virtual fitness,Learning new skills,5,1,3,4,5,5,4,4,Sometimes,Very important,[],[],"[""Handling stress ||| Teamwork ||| Leadership ||| Focus ||| Confidence ||| Problem-solving ||| Social Connections ||| Speaking up""]",Somewhat confident,Quite easy,"",[],[],"[""help me feel more confident ||| help create safe environments ||| make me feel comfortable asking them for help ||| make me feel included ||| positively influence my experience""]","","","","","","",13,40,27,35,14,5,20,7,12,0,14,0,0,0,0,0,0,"",Mobile,Chrome 149.0
QSkdiui9O0k,QSkdiuE-UAY,false,Anonymous,Guest,03:42:36 PM,07/07/2026,false,03:42:36 PM,07/07/2026,"",true,true,52.63,10/19,en,"[1, 2, 3, 4, 5, 6, 7, 8, 9, 10]",false,"",9,About 30–60 minutes a week,Informal play with friends,Spending time with friends,4,3,3,4,4,5,5,4,Sometimes,Neutral,[],[],"[""Social Connections ||| Speaking up ||| Confidence ||| Teamwork ||| Leadership ||| Handling stress ||| Problem-solving ||| Focus""]",Confident,Quite easy,"",[],[],[],"","","","","","",59,13,23,77,10,10,25,12,15,0,0,0,0,0,0,0,0,"",Mobile,Chrome 138.0
QSke7eWvfcw,QSke7d6SqNM,false,Anonymous,Guest,03:42:49 PM,07/07/2026,false,03:42:49 PM,07/07/2026,"",true,true,100.00,19/19,en,"[1, 2, 3, 4, 5, 6, 7, 8, 9, 10, 12, 13, 14, 15, 16, 17, 18, 19]",false,"",14,2+ hours a week,Gym or exercise,Competing,4,4,4,5,4,3,4,5,"Yes, a lot",Very important,[],[],"[""Handling stress ||| Focus ||| Leadership ||| Social Connections ||| Teamwork ||| Confidence ||| Speaking up ||| Problem-solving""]",Confident,Very easy,"",[],[],"[""make me feel included ||| make me feel comfortable asking them for help ||| help me feel more confident ||| positively influence my experience ||| help create safe environments""]","Yes, a lot",Feeling welcome ||| Free or low-cost activities ||| More choice in activities,Often,2004-11-01,Brazil,Male,14,16,35,39,6,4,17,9,8,0,18,8,13,7,0,0,0,"",Mobile,Safari 604.1
QSkovB6zF6Q,QSkovBbFnWM,false,Anonymous,Guest,03:55:04 PM,07/07/2026,false,03:55:04 PM,07/07/2026,"",true,false,"","",en,"",false,"",14,About 1–2 hours a week,Gym or exercise ||| Dance or movement,Feeling healthy or strong,5,5,5,4,3,3,3,4,"Yes, a lot",Very important,[],[],"[""Problem-solving ||| Confidence ||| Leadership ||| Focus ||| Handling stress ||| Teamwork ||| Social Connections ||| Speaking up""]",Confident,Very easy,"",[],[],"[""make me feel comfortable asking them for help ||| help me feel more confident ||| positively influence my experience ||| help create safe environments ||| make me feel included""]","Yes, a lot",Better places to play ||| Supportive coaches ||| Free or low-cost activities,Often,1994-01-01,United States,Male,8,20,22,55,10,5,22,9,6,0,21,6,25,10,0,0,0,"",Mobile,Safari 604.1
QSkuPYHDGSA,QSkuPXbl7qc,false,Anonymous,Guest,03:57:18 PM,07/07/2026,false,03:57:18 PM,07/07/2026,"",true,true,26.32,5/19,en,"[1, 2, 3, 4, 5]",false,"",4,I’m not active at the moment,I don’t regularly take part,Learning new skills,4,4,5,4,4,4,4,4,"","",[],[],[],"","","",[],[],[],"","","","","","",12,9,20,22,0,0,0,0,0,0,0,0,0,0,0,0,0,"",Mobile,Safari 604.1
QSk7tjrBnu0,QSk7tjM4ano,false,Anonymous,Guest,04:11:07 PM,07/07/2026,false,04:11:07 PM,07/07/2026,"",true,true,10.53,2/19,en,"[1, 2]",false,"",1,2+ hours a week,"","","","","","","","","","","","",[],[],[],"","","",[],[],[],"","","","","","",8,0,0,0,0,0,0,0,0,0,0,0,0,0,0,0,0,"",Desktop,Chrome 149.0
QSk8tpjfgRs,QSk8tpF5ZdQ,false,Anonymous,Guest,04:12:06 PM,07/07/2026,false,"","","",true,false,"","",en,"",false,"",0,"","","","","","","","","","","","","",[],[],[],"","","",[],[],[],"","","","","","",0,0,0,0,0,0,0,0,0,0,0,0,0,0,0,0,0,"",Mobile,Safari 604.1
QSk25jpa-js,QSk25i8f6iY,false,Anonymous,Guest,04:14:31 PM,07/07/2026,false,04:14:31 PM,07/07/2026,"",true,false,"","",en,"",false,"",14,About 1–2 hours a week,Community sport club ||| Physical education (PE) or school sport ||| Informal play with friends ||| Online/virtual fitness,Relaxing or reducing stress,5,5,5,5,4,5,5,5,Sometimes,Very important,[],[],"[""Leadership ||| Social Connections ||| Handling stress ||| Teamwork ||| Confidence ||| Speaking up ||| Focus ||| Problem-solving""]",Very confident,Quite easy,"",[],[],"[""make me feel comfortable asking them for help ||| help create safe environments ||| positively influence my experience ||| help me feel more confident ||| make me feel included""]","Yes, a lot",Supportive coaches ||| Fun social activities ||| Better places to play,Often,2005-03-01,"Congo, Democratic Republic of the",Prefer not to say,17,29,31,77,15,9,41,16,12,0,21,10,40,17,0,0,0,"",Mobile,Chrome 148.0
QSk-m-7EMR4,QSk-m-Vcl2U,false,Anonymous,Guest,04:19:08 PM,07/07/2026,false,04:19:08 PM,07/07/2026,"",true,true,100.00,19/19,en,"[1, 2, 3, 4, 5, 6, 7, 8, 9, 10, 12, 13, 14, 15, 16, 17, 18, 19]",false,"",14,2+ hours a week,Gym or exercise,Feeling healthy or strong,2,4,3,3,3,2,3,2,Sometimes,Very important,"[""Problem-solving ||| Leadership""]",[],"[""Handling stress ||| Speaking up ||| Confidence ||| Social Connections ||| Teamwork ||| Focus""]",Very confident,Quite easy,"",[],[],"[""make me feel comfortable asking them for help ||| make me feel included ||| help me feel more confident ||| positively influence my experience ||| help create safe environments""]","Yes, a lot",Free or low-cost activities ||| Supportive coaches ||| Better places to play,Rarely,2005-11-01,Brazil,Female,15,12,13,34,7,4,22,8,7,0,18,6,19,14,0,0,0,"",Mobile,Safari 604.1
QSkcoa8FpGU,QSkcoaYsk6Q,false,Anonymous,Guest,04:29:03 PM,07/07/2026,false,04:29:03 PM,07/07/2026,"",true,true,26.32,5/19,en,"[1, 2, 3, 4, 5]",false,"",4,Less than 30 minutes a week,Informal play with friends ||| Community sport club,Relaxing or reducing stress,5,5,5,5,5,5,5,5,"","",[],[],[],"","","",[],[],[],"","","","","","",3013,65,15,30,0,0,0,0,0,0,0,0,0,0,0,0,0,"",Desktop,Chrome 149.0
QSlStyIh_Ao,QSlStxb2pDs,false,Anonymous,Guest,04:37:04 PM,07/07/2026,false,04:37:04 PM,07/07/2026,"",true,true,21.05,4/19,en,"[1, 2, 3, 4]",false,"",3,About 1–2 hours a week,Dance or movement ||| Online/virtual fitness ||| Informal play with friends ||| Gym or exercise ||| Physical education (PE) or school sport ||| Community sport club,Being part of a team,"","","","","","","","","","",[],[],[],"","","",[],[],[],"","","","","","",6,21,12,0,0,0,0,0,0,0,0,0,0,0,0,0,0,"",Mobile,Safari 604.1
QSleqnFUiGc,QSleqmL0lFI,false,Anonymous,Guest,04:55:10 PM,07/07/2026,false,04:55:10 PM,07/07/2026,"",true,false,"","",en,"",false,"",15,2+ hours a week,Community sport club,Having fun,1,1,2,1,2,3,4,2,"Yes, a lot",Very important,[],[],"[""Social Connections ||| Leadership ||| Handling stress ||| Speaking up ||| Confidence ||| Teamwork ||| Problem-solving ||| Focus""]",Very confident,Difficult,Cost,[],[],"[""help create safe environments ||| make me feel included ||| make me feel comfortable asking them for help ||| help me feel more confident ||| positively influence my experience""]","Yes, a lot",Better places to play ||| Free or low-cost activities ||| More choice in activities,Always,1993-03-01,Nigeria,Male,17,21,29,28,10,7,28,16,7,11,17,44,36,8,0,0,0,"",Mobile,Chrome 148.0
QSl_6Wj_mLI,QSl_6VwsFsk,false,Anonymous,Guest,05:24:28 PM,07/07/2026,false,05:24:28 PM,07/07/2026,"",true,true,5.26,1/19,en,[1],false,"",0,"","","","","","","","","","","","","",[],[],[],"","","",[],[],[],"","","","","","",0,0,0,0,0,0,0,0,0,0,0,0,0,0,0,0,0,"",Mobile,Safari 604.1
QSmFZun8JVw,QSmFZuDhAHU,false,Anonymous,Guest,05:38:28 PM,07/07/2026,false,05:38:28 PM,07/07/2026,"",true,true,100.00,19/19,en,"[1, 2, 3, 4, 5, 6, 7, 8, 9, 10, 12, 13, 14, 15, 16, 17, 18, 19]",false,"",14,2+ hours a week,Online/virtual fitness ||| Informal play with friends ||| Community sport club ||| Dance or movement ||| Gym or exercise ||| Physical education (PE) or school sport,Learning new skills,1,5,4,1,2,3,5,4,"Yes, a lot",Very important,[],[],"[""Teamwork ||| Confidence ||| Handling stress ||| Speaking up ||| Focus ||| Social Connections ||| Problem-solving ||| Leadership""]",Very confident,Very easy,"",[],[],"[""help create safe environments ||| make me feel comfortable asking them for help ||| help me feel more confident ||| make me feel included ||| positively influence my experience""]","Yes, a lot",Feeling welcome ||| Supportive coaches ||| Fun social activities,Always,1996-11-01,United States,Male,26,36,17,34,11,10,40,29,11,0,18,32,32,14,0,0,0,"",Desktop,Chrome 149.0
QSmmWkMfaRM,QSmmWjfCiA4,false,Anonymous,Guest,06:07:58 PM,07/07/2026,false,06:07:58 PM,07/07/2026,"",true,true,10.53,2/19,en,"[1, 2]",false,"",1,About 30–60 minutes a week,"","","","","","","","","","","","",[],[],[],"","","",[],[],[],"","","","","","",30,0,0,0,0,0,0,0,0,0,0,0,0,0,0,0,0,"",Mobile,Chrome 143.0
QSm0LMb3Rd8,QSm0LLvBFC8,false,Anonymous,Guest,06:22:33 PM,07/07/2026,false,06:22:33 PM,07/07/2026,"",true,true,5.26,1/19,en,[1],false,"",0,"","","","","","","","","","","","","",[],[],[],"","","",[],[],[],"","","","","","",0,0,0,0,0,0,0,0,0,0,0,0,0,0,0,0,0,"",Desktop,Chrome 149.0
QSnElJ017sI,QSnElJJPOZI,false,Anonymous,Guest,06:48:27 PM,07/07/2026,false,06:48:27 PM,07/07/2026,"",true,true,100.00,19/19,en,"[1, 2, 3, 4, 5, 6, 7, 8, 9, 10, 12, 13, 14, 15, 16, 17, 18, 19]",false,"",14,2+ hours a week,Informal play with friends ||| Physical education (PE) or school sport ||| Online/virtual fitness ||| Dance or movement ||| Gym or exercise ||| Community sport club,Relaxing or reducing stress,5,5,5,5,5,1,5,5,"Yes, a lot",Very important,[],[],"[""Handling stress ||| Teamwork ||| Problem-solving ||| Speaking up ||| Confidence ||| Focus ||| Leadership ||| Social Connections""]",Very confident,Very easy,"",[],[],"[""make me feel comfortable asking them for help ||| make me feel included ||| help me feel more confident ||| positively influence my experience ||| help create safe environments""]","Yes, a lot",Free or low-cost activities ||| Fun social activities ||| Better places to play,Always,1995-02-01,United Kingdom,Female,-36,-41,-44,-2,-38,-38,-48,-46,-50,0,-51,-53,-34,-58,0,0,0,"",Desktop,Chrome 148.0
QSnLDMmHca0,QSnLDMAFfZw,false,Anonymous,Guest,06:53:28 PM,07/07/2026,false,06:53:28 PM,07/07/2026,"",true,true,100.00,19/19,en,"[1, 2, 3, 4, 5, 6, 7, 8, 9, 10, 12, 13, 14, 15, 16, 17, 18, 19]",false,"",14,2+ hours a week,Physical education (PE) or school sport,Learning new skills,5,5,5,5,5,5,3,5,"Yes, a lot",Very important,[],[],"[""Speaking up ||| Handling stress ||| Problem-solving ||| Focus ||| Confidence ||| Leadership ||| Teamwork ||| Social Connections""]",Somewhat confident,Quite easy,"","[""positively influence my experience ||| make me feel included ||| make me feel comfortable asking them for help""]",[],"[""help me feel more confident ||| help create safe environments""]","Yes, a lot",Feeling welcome ||| Supportive coaches ||| Free or low-cost activities,Never,2004-02-01,United States,Female,29,19,23,46,7,7,18,27,10,0,20,8,40,9,0,0,0,"",Desktop,Chrome 150.0
QSnXQMc35TU,QSnXQLqlLj4,false,Anonymous,Guest,07:05:06 PM,07/07/2026,false,07:05:06 PM,07/07/2026,"",true,true,100.00,19/19,en,"[1, 2, 3, 4, 5, 6, 7, 8, 9, 10, 11, 12, 13, 14, 15, 16, 17, 18, 19]",false,"",15,Less than 30 minutes a week,I don’t regularly take part,Relaxing or reducing stress,4,5,3,5,5,4,5,5,"Yes, a lot",Very important,[],[],"[""Leadership ||| Focus ||| Social Connections ||| Teamwork ||| Handling stress ||| Speaking up ||| Confidence ||| Problem-solving""]",Very confident,No access,Cost,[],[],"[""help me feel more confident ||| make me feel comfortable asking them for help ||| help create safe environments ||| make me feel included ||| positively influence my experience""]","Yes, a lot",Better places to play ||| Fun social activities ||| Free or low-cost activities,Rarely,2004-02-01,Nepal,Female,11,4,41,45,8,4,13,7,7,5,10,4,23,6,0,0,0,"",Mobile,Safari 604.1
QSnj-xXN9ig,QSnj-vrPo-o,false,Anonymous,Guest,07:17:59 PM,07/07/2026,false,07:17:59 PM,07/07/2026,"",true,false,"","",en,"",false,"",15,Less than 30 minutes a week,Dance or movement,Feeling healthy or strong,3,3,3,3,3,3,3,3,Not at all,Quite important,"[""Speaking up""]",[],"[""Leadership ||| Focus ||| Problem-solving ||| Teamwork ||| Confidence ||| Handling stress ||| Social Connections""]",Somewhat confident,Very difficult,Cost,"[""positively influence my experience ||| make me feel included ||| make me feel comfortable asking them for help""]",[],"[""help me feel more confident ||| help create safe environments""]","Yes, a lot",Fun social activities ||| Free or low-cost activities ||| Better places to play,Rarely,2000-10-01,United States,Female,7,23,7,14,4,6,19,6,5,5,10,5,17,5,0,0,0,"",Desktop,Safari 605.1
QSoF2p6sINA,QSoF2pDJJao,false,Anonymous,Guest,07:53:59 PM,07/07/2026,false,07:53:59 PM,07/07/2026,"",true,true,5.26,1/19,en,[1],false,"",0,"","","","","","","","","","","","","",[],[],[],"","","",[],[],[],"","","","","","",0,0,0,0,0,0,0,0,0,0,0,0,0,0,0,0,0,"",Desktop,Chrome 138.0
QSoV_XYjYYE,QSoV_WnLFKE,false,Anonymous,Guest,08:10:50 PM,07/07/2026,false,08:10:50 PM,07/07/2026,"",true,true,31.58,6/19,en,"[1, 2, 3, 4, 5, 6]",false,"",5,About 1–2 hours a week,Physical education (PE) or school sport ||| Informal play with friends,Spending time with friends,2,1,5,3,3,3,2,3,Sometimes,"",[],[],[],"","","",[],[],[],"","","","","","",11,15,12,28,9,0,0,0,0,0,0,0,0,0,0,0,0,"",Desktop,Chrome 149.0
QSo7OxT3k1Y,QSo7OwoCLkY,false,Anonymous,Guest,08:50:37 PM,07/07/2026,false,08:50:37 PM,07/07/2026,"",true,true,15.79,3/19,en,"[1, 2, 3]",false,"",2,2+ hours a week,Informal play with friends ||| Community sport club ||| Dance or movement ||| Gym or exercise,"","","","","","","","","","","",[],[],[],"","","",[],[],[],"","","","","","",6,27,0,0,0,0,0,0,0,0,0,0,0,0,0,0,0,"",Mobile,Safari 604.1
QSpdUR7sdFc,QSpdURMAtu0,false,Anonymous,Guest,09:30:49 PM,07/07/2026,false,09:30:49 PM,07/07/2026,"",true,true,100.00,19/19,en,"[1, 2, 3, 4, 5, 6, 7, 8, 9, 10, 12, 13, 14, 15, 16, 17, 18, 19]",false,"",14,2+ hours a week,Gym or exercise,Being part of a team,5,3,5,4,5,5,5,5,"Yes, a lot",Very important,[],[],"[""Focus ||| Problem-solving ||| Handling stress ||| Teamwork ||| Leadership ||| Confidence ||| Speaking up ||| Social Connections""]",Very confident,Quite easy,"",[],[],"[""make me feel included ||| help create safe environments ||| help me feel more confident ||| positively influence my experience ||| make me feel comfortable asking them for help""]","Yes, a lot",Free or low-cost activities ||| Feeling welcome ||| Better places to play,Often,2002-05-01,United States,Female,10,6,20,26,10,6,27,7,7,0,14,6,29,6,0,0,0,"",Mobile,Safari 604.1
QSpolTKDNK8,QSpolSeBPXU,false,Anonymous,Guest,09:39:37 PM,07/07/2026,false,09:39:37 PM,07/07/2026,"",true,true,5.26,1/19,en,[1],false,"",0,"","","","","","","","","","","","","",[],[],[],"","","",[],[],[],"","","","","","",0,0,0,0,0,0,0,0,0,0,0,0,0,0,0,0,0,"",Desktop,Chrome 149.0
QSizu7unZas,QSizu65ghvU,false,Anonymous,Guest,10:18:30 PM,07/07/2026,false,10:18:30 PM,07/07/2026,"",true,true,100.00,19/19,en,"[1, 2, 3, 4, 5, 6, 7, 8, 9, 10, 12, 13, 14, 15, 16, 17, 18, 19]",false,"",14,About 30–60 minutes a week,Physical education (PE) or school sport,Feeling confident,5,5,3,5,3,2,1,2,"Yes, a lot",Very important,[],[],"[""Speaking up ||| Social Connections ||| Focus ||| Problem-solving ||| Leadership ||| Teamwork ||| Handling stress ||| Confidence""]",Somewhat confident,Quite easy,"","[""make me feel included""]",[],"[""make me feel comfortable asking them for help ||| help me feel more confident ||| positively influence my experience ||| help create safe environments""]","Yes, a lot",Better places to play ||| Fun social activities ||| Free or low-cost activities,Often,2008-04-01,Peru,Female,9,7,13,47,7,7,20,10,7,0,22,78,5,8,0,0,0,"",Desktop,Chrome 149.0
QSqsFI24050,QSqsFIJLo5Y,false,Anonymous,Guest,10:53:35 PM,07/07/2026,false,"","","",true,false,"","",en,"",false,"",0,"","","","","","","","","","","","","",[],[],[],"","","",[],[],[],"","","","","","",0,0,0,0,0,0,0,0,0,0,0,0,0,0,0,0,0,"",Mobile,Safari 604.1
QSrMaMDIBTU,QSrMaLRnWHM,false,Anonymous,Guest,11:37:47 PM,07/07/2026,false,11:37:47 PM,07/07/2026,"",true,true,100.00,19/19,en,"[1, 2, 3, 4, 5, 6, 7, 8, 9, 10, 12, 13, 14, 15, 16, 17, 18, 19]",false,unyo-linkedin,14,About 1–2 hours a week,I don’t regularly take part,Being part of a team,4,5,5,5,5,4,4,4,Sometimes,Quite important,[],[],"[""Leadership ||| Teamwork ||| Problem-solving ||| Confidence ||| Focus ||| Speaking up ||| Handling stress ||| Social Connections""]",Confident,Quite easy,"","[""make me feel included""]",[],"[""make me feel comfortable asking them for help ||| help me feel more confident ||| help create safe environments ||| positively influence my experience""]",A little,Feeling welcome ||| Free or low-cost activities ||| Better places to play,Rarely,1996-03-01,United States,Female,11,30,25,47,8,21,17,9,58,0,43,11,22,8,0,0,0,"",Desktop,Edge 150.0
QSre_2dAxyk,QSre_1oX5Ys,false,Anonymous,Guest,11:49:18 PM,07/07/2026,false,11:49:18 PM,07/07/2026,"",true,true,21.05,4/19,en,"[1, 2, 3, 4]",false,"",3,Less than 30 minutes a week,Gym or exercise ||| Dance or movement,Relaxing or reducing stress,"","","","","","","","","","",[],[],[],"","","",[],[],[],"","","","","","",10,8,6,0,0,0,0,0,0,0,0,0,0,0,0,0,0,"",Desktop,Chrome 149.0
QSueZ0t2v8c,QSueZz86gBA,false,Anonymous,Guest,03:20:48 AM,08/07/2026,false,03:20:48 AM,08/07/2026,"",true,true,84.21,16/19,en,"[1, 2, 3, 4, 5, 6, 7, 8, 9, 10, 12, 13, 14, 15, 16]",false,"",13,About 1–2 hours a week,Gym or exercise,Relaxing or reducing stress,4,4,3,4,5,4,5,4,Sometimes,Very important,"[""Speaking up""]",[],"[""Social Connections ||| Leadership ||| Teamwork ||| Handling stress ||| Focus ||| Problem-solving ||| Confidence""]",Confident,Very easy,"",[],[],"[""help create safe environments ||| make me feel comfortable asking them for help ||| help me feel more confident ||| positively influence my experience ||| make me feel included""]",A little,Free or low-cost activities ||| Better places to play ||| Supportive coaches,Often,1988-06-30,"","",8,16,6,25,7,5,18,6,6,0,7,15,5,6,0,0,0,"",Mobile,Safari 604.1
QSvlH_Jd3Bw,QSvlH9cz2-M,false,Anonymous,Guest,04:35:49 AM,08/07/2026,false,04:35:49 AM,08/07/2026,"",true,true,10.53,2/19,en,"[1, 2]",false,"",1,2+ hours a week,"","","","","","","","","","","","",[],[],[],"","","",[],[],[],"","","","","","",8,0,0,0,0,0,0,0,0,0,0,0,0,0,0,0,0,"",Mobile,Chrome 149.0
QSwRETwaVEo,QSwRETNDcG4,false,Anonymous,Guest,05:23:26 AM,08/07/2026,false,05:23:26 AM,08/07/2026,"",true,true,5.26,1/19,en,[1],false,"",0,"","","","","","","","","","","","","",[],[],[],"","","",[],[],[],"","","","","","",0,0,0,0,0,0,0,0,0,0,0,0,0,0,0,0,0,"",Mobile,Safari 604.1
QSw-PgHMKGc,QSw-Pfi04I8,false,Anonymous,Guest,06:28:15 AM,08/07/2026,false,06:28:16 AM,08/07/2026,"",true,true,100.00,19/19,en,"[1, 2, 3, 4, 5, 6, 7, 8, 9, 10, 12, 13, 14, 15, 16, 17, 18, 19]",false,"",14,2+ hours a week,Online/virtual fitness ||| Informal play with friends ||| Physical education (PE) or school sport ||| Community sport club,Learning new skills,5,5,5,5,5,5,5,5,"Yes, a lot",Very important,[],[],"[""Leadership ||| Speaking up ||| Social Connections ||| Teamwork ||| Handling stress ||| Confidence ||| Problem-solving ||| Focus""]",Very confident,Very easy,"",[],[],"[""make me feel comfortable asking them for help ||| help create safe environments ||| positively influence my experience ||| make me feel included ||| help me feel more confident""]","Yes, a lot",Better places to play ||| Supportive coaches ||| Fun social activities,Sometimes,1983-08-01,Kenya,Female,27,59,83,71,19,11,30,27,34,0,27,25,93,26,0,0,0,"",Mobile,Chrome 149.0
QSyE818yK78,QSyE81PkA6U,false,Anonymous,Guest,07:31:13 AM,08/07/2026,false,07:31:13 AM,08/07/2026,"",true,true,42.11,8/19,en,"[1, 2, 3, 4, 5, 6, 7, 8]",false,"",7,2+ hours a week,Gym or exercise ||| Dance or movement,Learning new skills,4,4,4,4,5,3,5,5,Sometimes,Very important,"[""Speaking up""]",[],"[""Handling stress ||| Focus ||| Confidence ||| Problem-solving ||| Leadership ||| Social Connections ||| Teamwork""]","","","",[],[],[],"","","","","","",7,12,14,22,5,3,17,0,0,0,0,0,0,0,0,0,0,"",Mobile,Safari 604.1
QSzNqegXros,QSzNqd_ESTI,false,Anonymous,Guest,09:22:31 AM,08/07/2026,false,09:22:31 AM,08/07/2026,"",true,true,100.00,19/19,en,"[1, 2, 3, 4, 5, 6, 7, 8, 9, 10, 12, 13, 14, 15, 16, 17, 18, 19]",false,"",14,2+ hours a week,Dance or movement ||| Online/virtual fitness ||| Community sport club ||| Gym or exercise,Feeling healthy or strong,5,5,5,5,5,5,5,5,"Yes, a lot",Very important,[],[],"[""Speaking up ||| Confidence ||| Leadership ||| Handling stress ||| Problem-solving ||| Teamwork ||| Focus ||| Social Connections""]",Very confident,Very easy,"",[],[],"[""help me feel more confident ||| positively influence my experience ||| make me feel included ||| help create safe environments ||| make me feel comfortable asking them for help""]","Yes, a lot",Better places to play ||| Supportive coaches ||| Free or low-cost activities,Sometimes,1999-07-01,Nigeria,Female,20,43,27,32,11,11,22,29,18,0,23,9,42,13,0,0,0,"",Desktop,Chrome 149.0
QS0gi8VoErs,QS0gi6URHoM,false,Anonymous,Guest,10:20:57 AM,08/07/2026,false,"","","",true,false,"","",en,"",false,"",3,Less than 30 minutes a week,Online/virtual fitness ||| Community sport club,Feeling healthy or strong,"","","","","","","","","","",[],[],[],"","","",[],[],[],"","","","","","",11,32,20,0,0,0,0,0,0,0,0,0,0,0,0,0,0,"",Mobile,Chrome 149.0
QS1tIhQbFNc,QS1tIggR6dw,false,Anonymous,Guest,11:45:50 AM,08/07/2026,false,11:45:50 AM,08/07/2026,"",true,true,21.05,4/19,en,"[1, 2, 3, 4]",false,"",3,2+ hours a week,Gym or exercise ||| Informal play with friends ||| Physical education (PE) or school sport,Being part of a team,"","","","","","","","","","",[],[],[],"","","",[],[],[],"","","","","","",11,16,100,0,0,0,0,0,0,0,0,0,0,0,0,0,0,"",Desktop,Safari 605.1
QS18yRsPj6w,QS18yRG9M3c,false,Anonymous,Guest,12:00:40 PM,08/07/2026,false,12:00:40 PM,08/07/2026,"",true,true,5.26,1/19,en,[1],false,"",0,"","","","","","","","","","","","","",[],[],[],"","","",[],[],[],"","","","","","",0,0,0,0,0,0,0,0,0,0,0,0,0,0,0,0,0,"",Mobile,Chrome 149.0
QS2x0dB0n_Q,QS2x0cPbJVo,false,Anonymous,Guest,12:58:38 PM,08/07/2026,false,12:58:38 PM,08/07/2026,"",true,true,10.53,2/19,en,"[1, 2]",false,"",1,Less than 30 minutes a week,"","","","","","","","","","","","",[],[],[],"","","",[],[],[],"","","","","","",12,0,0,0,0,0,0,0,0,0,0,0,0,0,0,0,0,"",Mobile,Safari 604.1
QS3BrsVTzdE,QS3BrpJug7w,false,Anonymous,Guest,01:18:23 PM,08/07/2026,false,01:18:23 PM,08/07/2026,"",true,true,100.00,19/19,en,"[1, 2, 3, 4, 5, 6, 7, 8, 9, 10, 12, 13, 14, 15, 16, 17, 18, 19]",false,"",14,Less than 30 minutes a week,Online/virtual fitness ||| Gym or exercise,Feeling healthy or strong,5,5,5,5,5,5,5,5,"Yes, a lot",Very important,[],[],"[""Handling stress ||| Problem-solving ||| Speaking up ||| Leadership ||| Social Connections ||| Confidence ||| Focus ||| Teamwork""]",Very confident,Quite easy,"",[],[],"[""make me feel included ||| help me feel more confident ||| help create safe environments ||| make me feel comfortable asking them for help ||| positively influence my experience""]","Yes, a lot",Fun social activities ||| Better places to play ||| Feeling welcome,Often,1999-12-01,United States,Female,9,14,12,15,5,6,13,7,5,0,8,4,8,4,0,0,0,"",Mobile,Safari 604.1
QS3jIcOyquc,QS3jIbel0MQ,false,Anonymous,Guest,02:01:48 PM,08/07/2026,false,02:01:48 PM,08/07/2026,"",true,true,94.74,18/19,en,"[1, 2, 3, 4, 5, 6, 7, 8, 9, 10, 12, 13, 14, 15, 16, 17, 18]",false,"",13,2+ hours a week,Dance or movement,Learning new skills,5,5,4,4,4,4,4,4,Sometimes,Neutral,[],[],"[""Handling stress ||| Focus ||| Speaking up ||| Social Connections ||| Confidence ||| Teamwork ||| Leadership ||| Problem-solving""]",Very confident,Very easy,"",[],[],"[""help me feel more confident ||| help create safe environments ||| make me feel included ||| make me feel comfortable asking them for help ||| positively influence my experience""]",Not sure,Free or low-cost activities ||| Feeling welcome ||| Better places to play,Never,2006-06-01,Nigeria,Female,38,27,17,64,29,33,29,26,9,0,21,34,82,58,0,0,0,"",Mobile,Chrome 149.0
QS35nj2Vm6Q,QS35njGMziw,false,Anonymous,Guest,02:23:22 PM,08/07/2026,false,02:23:22 PM,08/07/2026,"",true,true,100.00,19/19,en,"[1, 2, 3, 4, 5, 6, 7, 8, 9, 10, 12, 13, 14, 15, 16, 17, 18, 19]",false,"",14,2+ hours a week,Physical education (PE) or school sport,Feeling healthy or strong,4,5,5,5,4,4,4,4,"Yes, a lot",Very important,[],[],"[""Confidence ||| Problem-solving ||| Speaking up ||| Focus ||| Teamwork ||| Social Connections ||| Handling stress ||| Leadership""]",Confident,Very easy,"",[],[],"[""help me feel more confident ||| help create safe environments ||| positively influence my experience ||| make me feel comfortable asking them for help ||| make me feel included""]","Yes, a lot",Feeling welcome ||| Supportive coaches ||| Fun social activities,Rarely,2011-05-01,United States,Male,25,31,26,70,16,7,27,27,8,0,20,10,32,23,0,0,0,"",Desktop,Edge 149.0
QS3-vLPYISU,QS3-vKvgYzc,false,Anonymous,Guest,02:24:05 PM,08/07/2026,false,02:24:06 PM,08/07/2026,"",true,true,10.53,2/19,en,"[1, 2]",false,"",1,Less than 30 minutes a week,"","","","","","","","","","","","",[],[],[],"","","",[],[],[],"","","","","","",8,0,0,0,0,0,0,0,0,0,0,0,0,0,0,0,0,"",Mobile,Safari 604.1
QS4bnUj6YjI,QS4bnSaO7EM,false,Anonymous,Guest,02:58:53 PM,08/07/2026,false,02:58:53 PM,08/07/2026,"",true,true,100.00,19/19,en,"[1, 2, 3, 4, 5, 6, 7, 8, 9, 10, 12, 13, 14, 15, 16, 17, 18, 19]",false,unyo-instagram,14,I’m not active at the moment,I don’t regularly take part,Being part of a team,5,4,3,4,4,5,4,4,"No, I don't take part in sport",Quite important,[],[],"[""Handling stress ||| Problem-solving ||| Social Connections ||| Teamwork ||| Focus ||| Speaking up ||| Leadership ||| Confidence""]",Confident,Quite easy,"",[],[],"[""make me feel comfortable asking them for help ||| help create safe environments ||| make me feel included ||| help me feel more confident ||| positively influence my experience""]",A little,Free or low-cost activities ||| Feeling welcome ||| Supportive coaches,Often,2006-03-01,Guatemala,Male,5,6,9,28,5,4,30,10,7,0,11,5,70,7,0,0,0,"",Mobile,Chrome 149.0
QS4f5oglxdY,QS4f5n_NusY,false,Anonymous,Guest,03:04:01 PM,08/07/2026,false,03:04:01 PM,08/07/2026,"",true,true,100.00,19/19,en,"[1, 2, 3, 4, 5, 6, 7, 8, 9, 10, 12, 13, 14, 15, 16, 17, 18, 19]",false,"",14,2+ hours a week,Gym or exercise,Feeling healthy or strong,3,5,3,5,5,2,2,4,Sometimes,Very important,"[""Speaking up""]",[],"[""Confidence ||| Teamwork ||| Social Connections ||| Handling stress ||| Problem-solving ||| Focus ||| Leadership""]",Very confident,Very easy,"","[""help create safe environments""]",[],"[""make me feel included ||| positively influence my experience ||| help me feel more confident ||| make me feel comfortable asking them for help""]",A little,More choice in activities ||| Better places to play ||| Free or low-cost activities,Sometimes,1988-01-01,Brazil,Male,22,12,19,47,10,6,31,17,9,0,26,9,27,9,0,0,0,"",Desktop,Chrome 149.0
QS4iHh5ys74,QS4iHhXfJ9c,false,Anonymous,Guest,03:04:06 PM,08/07/2026,false,03:04:06 PM,08/07/2026,"",true,true,100.00,19/19,en,"[1, 2, 3, 4, 5, 6, 7, 8, 9, 10, 12, 13, 14, 15, 16, 17, 18, 19]",false,"",14,About 30–60 minutes a week,Informal play with friends ||| Dance or movement,Feeling confident,4,4,4,5,3,2,2,5,"Yes, a lot",Very important,"[""Speaking up""]",[],"[""Confidence ||| Handling stress ||| Social Connections ||| Focus ||| Teamwork ||| Leadership ||| Problem-solving""]",Somewhat confident,Very easy,"","[""make me feel comfortable asking them for help""]",[],"[""help create safe environments ||| positively influence my experience ||| make me feel included ||| help me feel more confident""]","Yes, a lot",Free or low-cost activities ||| Feeling welcome ||| Better places to play,Sometimes,2006-03-01,United Kingdom,Male,4,12,10,32,6,6,14,8,5,0,14,4,23,5,0,0,0,"",Mobile,Safari 604.1
QS4lVKDkaBA,QS4lVJhKR2k,false,Anonymous,Guest,03:09:11 PM,08/07/2026,false,03:09:11 PM,08/07/2026,"",true,true,100.00,19/19,en,"[1, 2, 3, 4, 5, 6, 7, 8, 9, 10, 11, 12, 13, 14, 15, 16, 17, 18, 19]",false,"",15,About 1–2 hours a week,Physical education (PE) or school sport,Learning new skills,5,3,3,5,4,5,5,4,"Yes, a lot",Very important,[],[],"[""Focus ||| Handling stress ||| Speaking up ||| Social Connections ||| Problem-solving ||| Teamwork ||| Confidence ||| Leadership""]",Very confident,Difficult,Lack of time,[],[],"[""help me feel more confident ||| positively influence my experience ||| make me feel comfortable asking them for help ||| help create safe environments ||| make me feel included""]","Yes, a lot",More choice in activities ||| Free or low-cost activities ||| Better places to play,Sometimes,2009-12-01,India,Male,10,10,17,35,9,5,18,14,16,13,16,6,20,10,0,0,0,"",Desktop,Chrome 149.0
QS4xSjTAy0Q,QS4xSiuD_1c,false,Anonymous,Guest,03:19:41 PM,08/07/2026,false,03:19:41 PM,08/07/2026,"",true,true,68.42,13/19,en,"[1, 2, 3, 4, 5, 6, 7, 8, 9, 10, 12, 13]",false,"",11,2+ hours a week,Gym or exercise,Feeling healthy or strong,4,4,3,4,4,3,3,4,"Yes, a lot",Quite important,"[""Leadership ||| Teamwork ||| Speaking up""]",[],"[""Problem-solving ||| Handling stress ||| Focus ||| Social Connections ||| Confidence""]",Very confident,Very easy,"",[],[],"[""help create safe environments ||| positively influence my experience ||| make me feel comfortable asking them for help ||| help me feel more confident ||| make me feel included""]","Yes, a lot","","","","","",7,10,9,27,5,5,17,10,7,0,14,7,0,0,0,0,0,"",Mobile,Chrome 149.0
QS4okPi9MLY,QS4okPAMivk,false,Anonymous,Guest,03:25:31 PM,08/07/2026,false,03:25:31 PM,08/07/2026,"",true,true,100.00,19/19,en,"[1, 2, 3, 4, 5, 6, 7, 8, 9, 10, 12, 13, 14, 15, 16, 17, 18, 19]",false,"",14,About 1–2 hours a week,Community sport club,Learning new skills,5,4,4,5,5,2,4,5,"Yes, a lot",Very important,[],[],"[""Teamwork ||| Social Connections ||| Leadership ||| Handling stress ||| Confidence ||| Focus ||| Problem-solving ||| Speaking up""]",Very confident,Very easy,"","[""make me feel comfortable asking them for help""]",[],"[""make me feel included ||| positively influence my experience ||| help create safe environments ||| help me feel more confident""]",A little,Free or low-cost activities ||| Supportive coaches ||| Better places to play,Rarely,2009-01-01,Trinidad and Tobago,Female,23,16,29,146,14,8,27,10,9,0,64,10,14,9,0,0,0,"",Mobile,Chrome 149.0
QS4515oQZMk,QS4515ICeiM,false,Anonymous,Guest,03:29:34 PM,08/07/2026,false,03:29:34 PM,08/07/2026,"",true,false,"","",en,"",false,"",14,About 1–2 hours a week,Dance or movement,Having fun,5,5,5,5,5,5,5,5,"Yes, a lot",Quite important,[],[],"[""Social Connections ||| Confidence ||| Focus ||| Teamwork ||| Leadership ||| Speaking up ||| Problem-solving ||| Handling stress""]",Very confident,Quite easy,"",[],[],"[""make me feel comfortable asking them for help ||| help me feel more confident ||| positively influence my experience ||| make me feel included ||| help create safe environments""]","Yes, a lot",Fun social activities ||| More choice in activities ||| Supportive coaches,Often,2005-05-01,Canada,Female,8,13,7,18,7,4,11,6,9,0,8,5,19,8,0,0,0,"",Mobile,Safari 604.1
QS4-4_CcvlE,QS4-49b-pi0,false,Anonymous,Guest,03:40:37 PM,08/07/2026,false,03:40:37 PM,08/07/2026,"",true,true,10.53,2/19,en,"[1, 2]",false,"",1,About 1–2 hours a week,"","","","","","","","","","","","",[],[],[],"","","",[],[],[],"","","","","","",7,0,0,0,0,0,0,0,0,0,0,0,0,0,0,0,0,"",Desktop,Chrome 150.0
QS5ViQyzZA8,QS5ViQIaAVU,false,Anonymous,Guest,04:02:47 PM,08/07/2026,false,04:02:47 PM,08/07/2026,"",true,true,100.00,19/19,en,"[1, 2, 3, 4, 5, 6, 7, 8, 9, 10, 11, 12, 13, 14, 15, 16, 17, 18, 19]",false,"",15,2+ hours a week,I don’t regularly take part,Relaxing or reducing stress,3,1,5,5,4,5,5,5,Sometimes,Neutral,"[""Handling stress""]",[],"[""Leadership ||| Problem-solving ||| Confidence ||| Focus ||| Speaking up ||| Social Connections ||| Teamwork""]",Somewhat confident,Difficult,Other (please share) [Lack of place don't have sufficient sports option nearby also not so possible for hijabi girls ],[],[],"[""positively influence my experience ||| make me feel comfortable asking them for help ||| help create safe environments ||| help me feel more confident ||| make me feel included""]",Not really,More choice in activities ||| Better places to play ||| Supportive coaches,Rarely,2007-06-01,Bangladesh,Female,13,13,16,31,12,10,23,18,8,62,11,8,31,11,0,0,0,"",Mobile,Chrome 149.0
QS5baUo9xnQ,QS5baUGdzRo,false,Anonymous,Guest,04:03:41 PM,08/07/2026,false,04:03:41 PM,08/07/2026,"",true,true,5.26,1/19,en,[1],false,"",0,"","","","","","","","","","","","","",[],[],[],"","","",[],[],[],"","","","","","",0,0,0,0,0,0,0,0,0,0,0,0,0,0,0,0,0,"",Mobile,Chrome 149.0
QS55UobbSpg,QS55Unmi8IY,false,Anonymous,Guest,04:36:36 PM,08/07/2026,false,04:36:36 PM,08/07/2026,"",true,true,10.53,2/19,en,"[1, 2]",false,"",1,Less than 30 minutes a week,"","","","","","","","","","","","",[],[],[],"","","",[],[],[],"","","","","","",14,0,0,0,0,0,0,0,0,0,0,0,0,0,0,0,0,"",Desktop,Chrome 148.0
QS6YZJI8iAU,QS6YZIl1FtE,false,Anonymous,Guest,05:11:42 PM,08/07/2026,false,05:11:42 PM,08/07/2026,"",true,true,42.11,8/19,en,"[1, 2, 3, 4, 5, 6, 7, 8]",false,unyo-instagram,7,I’m not active at the moment,I don’t regularly take part,Spending time with friends,4,4,4,1,2,5,5,1,"No, I don't take part in sport",Not very important,[],[],"[""Problem-solving ||| Handling stress ||| Focus ||| Speaking up ||| Confidence ||| Leadership ||| Teamwork ||| Social Connections""]","","","",[],[],[],"","","","","","",7,9,7,25,4,8,19,0,0,0,0,0,0,0,0,0,0,"",Mobile,Chrome 150.0
QS6qsvjpB5g,QS6qsuqPvzA,false,Anonymous,Guest,05:30:23 PM,08/07/2026,false,05:30:23 PM,08/07/2026,"",true,true,10.53,2/19,en,"[1, 2]",false,"",1,2+ hours a week,"","","","","","","","","","","","",[],[],[],"","","",[],[],[],"","","","","","",4,0,0,0,0,0,0,0,0,0,0,0,0,0,0,0,0,"",Desktop,Chrome 149.0
QS63rAJdH68,QS63q-kL22g,false,Anonymous,Guest,05:44:51 PM,08/07/2026,false,"","","",true,false,"","",en,"",false,unyo-instagram,1,2+ hours a week,"","","","","","","","","","","","",[],[],[],"","","",[],[],[],"","","","","","",23,0,0,0,0,0,0,0,0,0,0,0,0,0,0,0,0,"",Mobile,Safari 604.1
QS6_wUZSDKA,QS6_wTr8djg,false,Anonymous,Guest,05:52:27 PM,08/07/2026,false,"","","",true,false,"","",en,"",false,unyo-instagram,0,"","","","","","","","","","","","","",[],[],[],"","","",[],[],[],"","","","","","",0,0,0,0,0,0,0,0,0,0,0,0,0,0,0,0,0,"",Mobile,Safari 604.1
QS71vEHhpls,QS71vDWc5vk,false,Anonymous,Guest,06:52:22 PM,08/07/2026,false,06:52:22 PM,08/07/2026,"",true,true,5.26,1/19,en,[1],false,"",0,"","","","","","","","","","","","","",[],[],[],"","","",[],[],[],"","","","","","",0,0,0,0,0,0,0,0,0,0,0,0,0,0,0,0,0,"",Mobile,Chrome 150.0
QS8YhXF0kwU,QS8YhWeWvnM,false,Anonymous,Guest,07:31:01 PM,08/07/2026,false,07:31:01 PM,08/07/2026,"",true,true,15.79,3/19,en,"[1, 2, 3]",false,"",2,About 30–60 minutes a week,Physical education (PE) or school sport,"","","","","","","","","","","",[],[],[],"","","",[],[],[],"","","","","","",14,7,0,0,0,0,0,0,0,0,0,0,0,0,0,0,0,"",Desktop,Chrome 150.0
QS8oHipvDEM,QS8oHiFa_K8,false,Anonymous,Guest,07:51:50 PM,08/07/2026,false,07:51:50 PM,08/07/2026,"",true,false,"","",en,"",false,"",14,Less than 30 minutes a week,Dance or movement,Having fun,3,3,3,4,4,3,3,3,Very little,Neutral,"[""Teamwork ||| Social Connections ||| Leadership ||| Speaking up ||| Problem-solving ||| Confidence""]",[],"[""Handling stress ||| Focus""]",Confident,Quite easy,"",[],[],"[""help create safe environments ||| make me feel comfortable asking them for help ||| help me feel more confident ||| positively influence my experience ||| make me feel included""]",Not really,Free or low-cost activities ||| Feeling welcome ||| Fun social activities,Sometimes,2007-03-01,Hungary,Female,12,11,22,36,11,5,24,13,16,0,28,11,26,12,0,0,0,"",Mobile,Chrome 150.0
QS8nHrKGsDk,QS8nHqKp9Ws,false,Anonymous,Guest,07:52:41 PM,08/07/2026,false,07:52:41 PM,08/07/2026,"",true,true,100.00,19/19,en,"[1, 2, 3, 4, 5, 6, 7, 8, 9, 10, 12, 13, 14, 15, 16, 17, 18, 19]",false,unyo-instagram,14,About 1–2 hours a week,Informal play with friends ||| Gym or exercise,Learning new skills,2,3,2,5,5,1,4,5,"Yes, a lot",Very important,[],[],"[""Focus ||| Confidence ||| Teamwork ||| Leadership ||| Speaking up ||| Problem-solving ||| Social Connections ||| Handling stress""]",Confident,Very easy,"",[],[],"[""help create safe environments ||| make me feel included ||| positively influence my experience ||| help me feel more confident ||| make me feel comfortable asking them for help""]",A little,Supportive coaches ||| Fun social activities ||| Free or low-cost activities,Often,2006-10-01,United States,Female,175,21,53,35,6,4,13,5,3,0,9,4,16,5,0,0,0,"",Mobile,Safari 604.1
QS63x7kTetc,QS63x63fq9M,false,Anonymous,Guest,07:56:00 PM,08/07/2026,false,07:56:00 PM,08/07/2026,"",true,true,10.53,2/19,en,"[1, 2]",false,"",1,2+ hours a week,"","","","","","","","","","","","",[],[],[],"","","",[],[],[],"","","","","","",7877,0,0,0,0,0,0,0,0,0,0,0,0,0,0,0,0,"",Desktop,Safari 605.1
QS8xaPLCtFY,QS8xaOn7F50,false,Anonymous,Guest,08:03:40 PM,08/07/2026,false,08:03:40 PM,08/07/2026,"",true,true,100.00,19/19,en,"[1, 2, 3, 4, 5, 6, 7, 8, 9, 10, 12, 13, 14, 15, 16, 17, 18, 19]",false,"",14,2+ hours a week,Gym or exercise ||| Community sport club ||| Informal play with friends,Feeling healthy or strong,5,5,4,5,5,4,4,5,Sometimes,Very important,"[""Speaking up ||| Teamwork""]",[],"[""Problem-solving ||| Focus ||| Handling stress ||| Leadership ||| Social Connections ||| Confidence""]",Confident,Very easy,"","[""make me feel comfortable asking them for help""]",[],"[""help me feel more confident ||| help create safe environments ||| positively influence my experience ||| make me feel included""]","Yes, a lot",Free or low-cost activities ||| Better places to play ||| Fun social activities,Sometimes,Invalid date,Armenia,Female,16,29,36,51,17,8,42,13,7,0,33,9,36,12,0,0,0,"",Mobile,Safari 604.1
QS8-EBwW-JQ,QS8-EBN626Q,false,Anonymous,Guest,08:12:38 PM,08/07/2026,false,08:12:38 PM,08/07/2026,"",true,true,15.79,3/19,en,"[1, 2, 3]",false,"",2,2+ hours a week,Community sport club ||| Gym or exercise,"","","","","","","","","","","",[],[],[],"","","",[],[],[],"","","","","","",10,8,0,0,0,0,0,0,0,0,0,0,0,0,0,0,0,"",Desktop,Safari 605.1
QS87APfNH2M,QS87AO0WYWg,false,Anonymous,Guest,08:17:11 PM,08/07/2026,false,08:17:11 PM,08/07/2026,"",true,true,31.58,6/19,en,"[""1"", 2, 3, 4, 5, 6]",false,"",4,2+ hours a week,"",Being part of a team,2,2,2,1,2,2,2,1,"Yes, a lot","",[],[],[],"","","",[],[],[],"","","","","","",37,0,35,126,11,0,0,0,0,0,0,0,0,0,0,0,0,"",Desktop,Chrome 149.0
QS4HoqPfZKA,QS4HoppmYYw,false,Anonymous,Guest,08:55:29 PM,08/07/2026,false,08:55:29 PM,08/07/2026,"",true,true,100.00,19/19,en,"[1, 2, 3, 4, 5, 6, 7, 8, 9, 10, 12, 13, 14, 15, 16, 17, 18, 19]",false,"",14,2+ hours a week,Gym or exercise ||| Informal play with friends,Having fun,4,3,4,5,5,1,4,4,"Yes, a lot",Quite important,[],[],"[""Handling stress ||| Social Connections ||| Problem-solving ||| Leadership ||| Teamwork ||| Speaking up ||| Focus ||| Confidence""]",Very confident,Quite easy,"",[],[],"[""make me feel comfortable asking them for help ||| positively influence my experience ||| help create safe environments ||| help me feel more confident ||| make me feel included""]","Yes, a lot",Better places to play ||| Feeling welcome ||| Free or low-cost activities,Sometimes,2005-10-01,Canada,Male,118,13,9,40,11,6,19,10,240,0,37,12,99,56,0,0,0,"",Desktop,Chrome 149.0
QS_Ztrvu2BA,QS_ZtrBGzpo,false,Anonymous,Guest,10:05:43 PM,08/07/2026,false,09:58:39 PM,08/07/2026,"",true,true,100.00,19/19,en,"[1, 2, 3, 4, 5, 6, 7, 8, 9, 10, 11, 12, 13, 14, 15, 16, 17, 18, 19]",false,"",15,About 1–2 hours a week,Dance or movement ||| Online/virtual fitness ||| Informal play with friends,Learning new skills,5,5,5,3,4,5,5,4,Sometimes,Very important,"[""Speaking up""]",[],"[""Social Connections ||| Handling stress ||| Confidence ||| Teamwork ||| Problem-solving ||| Leadership ||| Focus""]",Confident,Very difficult,Cost,[],[],"[""help create safe environments ||| positively influence my experience ||| make me feel comfortable asking them for help ||| make me feel included ||| help me feel more confident""]","Yes, a lot",Feeling welcome ||| Better places to play ||| More choice in activities,Never,2001-07-01,Iraq,Male,15,30,33,53,10,19,30,20,8,14,24,12,22,14,0,0,0,"",Desktop,Chrome 150.0
QS-WMBCBKDk,QS-WMAN2rnY,false,Anonymous,Guest,10:57:51 PM,08/07/2026,false,10:57:51 PM,08/07/2026,"",true,true,10.53,2/19,en,"[""1"", 2]",false,"",1,2+ hours a week,"","","","","","","","","","","","",[],[],[],"","","",[],[],[],"","","","","","",9,0,0,0,0,0,0,0,0,0,0,0,0,0,0,0,0,"",Mobile,Safari 604.1
QS-yN_JzKFY,QS-yN9X1Nvo,false,Anonymous,Guest,11:32:39 PM,08/07/2026,false,11:32:39 PM,08/07/2026,"",true,true,100.00,19/19,en,"[1, 2, 3, 4, 5, 6, 7, 8, 9, 10, 11, 12, 13, 14, 15, 16, 17, 18, 19]",false,"",15,About 30–60 minutes a week,Gym or exercise ||| Dance or movement ||| Informal play with friends,Feeling healthy or strong,4,3,1,4,3,5,3,2,Very little,Not important at all,"[""Handling stress ||| Confidence ||| Focus""]",[],"[""Problem-solving ||| Speaking up ||| Social Connections ||| Leadership ||| Teamwork""]",Very confident,Very difficult,School or work pressure,"[""make me feel included ||| help me feel more confident ||| positively influence my experience""]",[],"[""help create safe environments ||| make me feel comfortable asking them for help""]",A little,More choice in activities ||| Free or low-cost activities ||| Better places to play,Never,2010-09-01,Canada,Male,17,26,33,59,11,10,23,8,6,13,17,6,21,7,0,0,0,"",Mobile,Chrome 149.0
QTAI0t9BAXg,QTAI0tAmnmQ,false,Anonymous,Guest,11:52:44 PM,08/07/2026,false,11:52:44 PM,08/07/2026,"",true,true,5.26,1/19,en,[1],false,"",0,"","","","","","","","","","","","","",[],[],[],"","","",[],[],[],"","","","","","",0,0,0,0,0,0,0,0,0,0,0,0,0,0,0,0,0,"",Mobile,Chrome 149.0
QTAzDa2N44U,QTAzDZ3UKGs,false,Anonymous,Guest,12:49:18 AM,09/07/2026,false,12:49:18 AM,09/07/2026,"",true,true,100.00,19/19,en,"[""1"", ""2"", ""3"", ""4"", ""5"", ""6"", ""7"", ""8"", ""9"", ""10"", ""12"", ""13"", 14, 15, 16, 17, 18, 19]",false,unyo-instagram,14,2+ hours a week,Online/virtual fitness ||| Informal play with friends,Feeling healthy or strong,5,1,2,5,3,4,5,5,Sometimes,Very important,"[""Social Connections ||| Speaking up""]",[],"[""Handling stress ||| Confidence ||| Problem-solving ||| Teamwork ||| Leadership ||| Focus""]",Very confident,Quite easy,"","[""make me feel comfortable asking them for help""]",[],"[""positively influence my experience ||| make me feel included ||| help create safe environments ||| help me feel more confident""]","Yes, a lot",Fun social activities ||| Better places to play ||| Free or low-cost activities,Often,2011-11-01,Ghana,Female,50,114,44,47,10,14,30,24,37,0,22,11,33,22,0,0,0,"",Mobile,Chrome 149.0
QTBuUAl7WTE,QTBuT-uJLRk,false,Anonymous,Guest,01:43:34 AM,09/07/2026,false,01:43:34 AM,09/07/2026,"",true,true,5.26,1/19,en,[1],false,"",0,"","","","","","","","","","","","","",[],[],[],"","","",[],[],[],"","","","","","",0,0,0,0,0,0,0,0,0,0,0,0,0,0,0,0,0,"",Desktop,Chrome 149.0
QTCKWjE1NL8,QTCKWiVoQ80,false,Anonymous,Guest,02:14:15 AM,09/07/2026,false,02:14:15 AM,09/07/2026,"",true,true,5.26,1/19,en,[1],false,"",0,"","","","","","","","","","","","","",[],[],[],"","","",[],[],[],"","","","","","",0,0,0,0,0,0,0,0,0,0,0,0,0,0,0,0,0,"",Mobile,Safari 604.1
QTCTshhXj0o,QTCTsg0nFB8,false,Anonymous,Guest,02:27:26 AM,09/07/2026,false,02:27:26 AM,09/07/2026,"",true,true,100.00,19/19,en,"[1, 2, 3, 4, 5, 6, 7, 8, 9, 10, 12, 13, 14, 15, 16, 17, 18, 19]",false,"",14,2+ hours a week,Physical education (PE) or school sport ||| Informal play with friends ||| Dance or movement ||| Gym or exercise,Feeling healthy or strong,5,5,5,5,3,5,5,5,"Yes, a lot",Very important,[],[],"[""Problem-solving ||| Leadership ||| Social Connections ||| Handling stress ||| Teamwork ||| Speaking up ||| Focus ||| Confidence""]",Confident,Quite easy,"",[],[],"[""make me feel included ||| help create safe environments ||| help me feel more confident ||| make me feel comfortable asking them for help ||| positively influence my experience""]","Yes, a lot",Supportive coaches ||| Better places to play ||| Fun social activities,Sometimes,Invalid date,Barbados,Female,6,15,12,23,8,5,16,10,4,0,16,5,26,5,0,0,0,"",Mobile,Mozilla 5.0
QTCfHHIZc14,QTCfHGdKcOQ,false,Anonymous,Guest,02:42:21 AM,09/07/2026,false,02:42:21 AM,09/07/2026,"",true,false,"","",en,"",false,unyo-instagram,14,About 1–2 hours a week,Informal play with friends ||| Gym or exercise,Feeling confident,5,5,5,5,5,3,4,4,"Yes, a lot",Very important,[],[],"[""Focus ||| Handling stress ||| Social Connections ||| Confidence ||| Teamwork ||| Leadership ||| Speaking up ||| Problem-solving""]",Confident,Very easy,"",[],[],"[""help create safe environments ||| make me feel included ||| help me feel more confident ||| positively influence my experience ||| make me feel comfortable asking them for help""]","Yes, a lot",Feeling welcome ||| Free or low-cost activities ||| Supportive coaches,Always,2010-04-01,United Arab Emirates,Female,14,19,23,60,12,6,17,22,5,0,23,19,36,10,0,0,0,"",Mobile,Chrome 149.0
QTCj8hwJvv4,QTCj8hRRncg,false,Anonymous,Guest,02:45:04 AM,09/07/2026,false,02:45:04 AM,09/07/2026,"",true,true,100.00,19/19,en,"[1, 2, 3, 4, 5, 6, 7, 8, 9, 10, 12, 13, 14, 15, 16, 17, 18, 19]",false,unyo-instagram,14,2+ hours a week,Community sport club ||| Gym or exercise,Feeling healthy or strong,4,5,4,4,4,4,4,4,Sometimes,Very important,[],[],"[""Speaking up ||| Leadership ||| Handling stress ||| Teamwork ||| Confidence ||| Focus ||| Problem-solving ||| Social Connections""]",Confident,Very easy,"",[],[],"[""help me feel more confident ||| help create safe environments ||| positively influence my experience ||| make me feel comfortable asking them for help ||| make me feel included""]",Not sure,Free or low-cost activities ||| Fun social activities ||| Better places to play,Often,2000-11-01,New Zealand,Female,11,7,9,21,6,5,17,9,3,0,9,6,7,7,0,0,0,"",Desktop,Edge 149.0
QTCxxJUoY6Q,QTCxxIr222w,false,Anonymous,Guest,02:57:57 AM,09/07/2026,false,02:57:57 AM,09/07/2026,"",true,true,21.05,4/19,en,"[1, 2, 3, 4]",false,"",3,2+ hours a week,Gym or exercise ||| Informal play with friends,Having fun,"","","","","","","","","","",[],[],[],"","","",[],[],[],"","","","","","",12,17,10,0,0,0,0,0,0,0,0,0,0,0,0,0,0,"",Mobile,Safari 604.1
QTDOUV1kyXs,QTDOUVKvz2o,false,Anonymous,Guest,03:43:52 AM,09/07/2026,false,03:43:52 AM,09/07/2026,"",true,false,"","",en,"",false,"",14,About 30–60 minutes a week,Gym or exercise,Spending time with friends,4,2,3,2,4,5,3,2,"Yes, a lot",Very important,"[""Social Connections ||| Handling stress""]",[],"[""Leadership ||| Confidence ||| Problem-solving ||| Speaking up ||| Focus ||| Teamwork""]",Confident,Very easy,"",[],[],"[""make me feel comfortable asking them for help ||| positively influence my experience ||| make me feel included ||| help me feel more confident ||| help create safe environments""]","Yes, a lot",Supportive coaches ||| More choice in activities ||| Feeling welcome,Always,2008-12-01,Uzbekistan,Female,23,59,79,76,18,14,52,69,32,0,49,45,115,19,0,0,0,"",Mobile,Chrome 149.0
QTDeLyPscyQ,QTDeLxqNeqA,false,Anonymous,Guest,03:48:48 AM,09/07/2026,false,03:48:48 AM,09/07/2026,"",true,false,"","",en,"",false,"",14,About 1–2 hours a week,Physical education (PE) or school sport,Learning new skills,"","","",3,"","","",3,Sometimes,Quite important,[],[],"[""Focus ||| Social Connections ||| Teamwork ||| Leadership ||| Handling stress ||| Speaking up ||| Confidence ||| Problem-solving""]",Very confident,Quite easy,"",[],[],"[""make me feel included ||| make me feel comfortable asking them for help ||| positively influence my experience ||| help create safe environments ||| help me feel more confident""]",A little,Free or low-cost activities ||| More choice in activities ||| Fun social activities,Often,2007-01-01,Bangladesh,Male,13,14,6,14,10,21,13,7,4,0,9,3,10,3,0,0,0,"",Mobile,Chrome 149.0
QTDwXk3qVL4,QTDwXkI_Kig,false,Anonymous,Guest,04:05:38 AM,09/07/2026,false,04:05:38 AM,09/07/2026,"",true,true,5.26,1/19,en,[1],false,"",0,"","","","","","","","","","","","","",[],[],[],"","","",[],[],[],"","","","","","",0,0,0,0,0,0,0,0,0,0,0,0,0,0,0,0,0,"",Desktop,Chrome 150.0
QTE3sU_Qtjo,QTE3sUPDpjs,false,Anonymous,Guest,05:24:55 AM,09/07/2026,false,05:24:55 AM,09/07/2026,"",true,true,5.26,1/19,en,[1],false,"",0,"","","","","","","","","","","","","",[],[],[],"","","",[],[],[],"","","","","","",0,0,0,0,0,0,0,0,0,0,0,0,0,0,0,0,0,"",Mobile,Chrome 150.0
QTE8Rw3PT8Y,QTE8RwWG160,false,Anonymous,Guest,05:32:28 AM,09/07/2026,false,05:32:28 AM,09/07/2026,"",true,true,84.21,16/19,en,"[1, 2, 3, 4, 5, 6, 7, 8, 9, 10, 12, 13, 14, 15, 16]",false,"",13,About 1–2 hours a week,Community sport club,Learning new skills,5,4,5,5,4,4,3,4,Sometimes,Quite important,"[""Problem-solving""]",[],"[""Focus ||| Leadership ||| Speaking up ||| Teamwork ||| Social Connections ||| Handling stress ||| Confidence""]",Very confident,Quite easy,"",[],[],"[""make me feel comfortable asking them for help ||| help me feel more confident ||| make me feel included ||| positively influence my experience ||| help create safe environments""]",Not sure,Better places to play ||| Free or low-cost activities ||| Fun social activities,Sometimes,2010-07-01,"","",16,23,10,38,13,8,24,9,16,0,16,11,23,12,0,0,0,"",Mobile,Chrome 148.0
QTE6lEq1pdE,QTE6lEBg0-c,false,Anonymous,Guest,05:34:16 AM,09/07/2026,false,05:34:17 AM,09/07/2026,"",true,true,100.00,19/19,en,"[1, 2, 3, 4, 5, 6, 7, 8, 9, 10, 11, 12, 13, 14, 15, 16, 17, 17, 18, 19]",false,"",14,I’m not active at the moment,Online/virtual fitness,"",1,3,1,1,1,1,1,1,Sometimes,Not very important,"[""Problem-solving ||| Social Connections ||| Speaking up ||| Teamwork ||| Leadership""]",[],"[""Focus ||| Handling stress ||| Confidence""]",Slightly confident,Difficult,Cost,"[""help create safe environments ||| positively influence my experience""]",[],"[""help me feel more confident ||| make me feel comfortable asking them for help ||| make me feel included""]",Not at all,Free or low-cost activities ||| Better places to play ||| Feeling welcome,Sometimes,2010-08-01,Egypt,Male,13,16,0,54,76,37,102,12,12,9,20,9,21,9,0,0,0,"",Mobile,Chrome 149.0
QTE-lCMg9hk,QTE-lBu0_zo,false,Anonymous,Guest,05:37:20 AM,09/07/2026,false,05:37:21 AM,09/07/2026,"",true,true,100.00,19/19,en,"[1, 2, 3, 4, 5, 6, 7, 8, 9, 10, 11, 12, 13, 14, 15, 16, 17, 18, 19]",false,"",15,Less than 30 minutes a week,I don’t regularly take part,Feeling confident,3,5,1,5,5,3,3,5,Not at all,Neutral,"[""Teamwork""]",[],"[""Focus ||| Handling stress ||| Confidence ||| Leadership ||| Speaking up ||| Problem-solving ||| Social Connections""]",Confident,Very difficult,Other (please share) [Asthma],"[""make me feel included ||| help me feel more confident ||| make me feel comfortable asking them for help""]",[],"[""positively influence my experience ||| help create safe environments""]","Yes, a lot",Supportive coaches ||| Free or low-cost activities ||| Better places to play,Never,2001-11-01,Nigeria,Female,16,11,13,65,10,9,44,9,7,15,25,8,21,6,0,0,0,"",Mobile,Safari 604.1
QTFestZtDEA,QTFessnO75w,false,Anonymous,Guest,06:08:11 AM,09/07/2026,false,06:08:11 AM,09/07/2026,"",true,true,5.26,1/19,en,[1],false,unyo-instagram,0,"","","","","","","","","","","","","",[],[],[],"","","",[],[],[],"","","","","","",0,0,0,0,0,0,0,0,0,0,0,0,0,0,0,0,0,"",Desktop,Edge 150.0
QTGyCYmQ0CM,QTGyCX5ylH0,false,Anonymous,Guest,07:43:51 AM,09/07/2026,false,07:43:51 AM,09/07/2026,"",true,true,100.00,19/19,en,"[1, 2, 3, 4, 5, 6, 7, 8, 9, 10, 11, 12, 13, 14, 15, 16, 17, 18, 19]",false,unyo-instagram,15,2+ hours a week,Gym or exercise,Feeling healthy or strong,3,4,4,4,3,4,3,4,Sometimes,Quite important,"[""Speaking up""]",[],"[""Teamwork ||| Leadership ||| Social Connections ||| Problem-solving ||| Confidence ||| Handling stress ||| Focus""]",Slightly confident,Difficult,Cost,[],[],"[""make me feel comfortable asking them for help ||| help me feel more confident ||| help create safe environments ||| positively influence my experience ||| make me feel included""]","Yes, a lot",More choice in activities ||| Supportive coaches ||| Free or low-cost activities,Rarely,Invalid date,Angola,Female,28,18,17,51,13,14,29,25,14,12,22,11,23,10,0,0,0,"",Mobile,Safari 604.1
QTG5RzZ_dqg,QTG5Rvj0UuU,false,Anonymous,Guest,07:47:44 AM,09/07/2026,false,07:47:44 AM,09/07/2026,"",true,true,100.00,19/19,en,"[1, 2, 3, 4, 5, 6, 7, 8, 9, 10, 12, 13, 14, 15, 16, 17, 18, 19]",false,"",14,About 1–2 hours a week,Informal play with friends ||| Dance or movement ||| Community sport club,Relaxing or reducing stress,4,5,5,3,5,1,5,1,"Yes, a lot",Quite important,[],[],"[""Problem-solving ||| Speaking up ||| Confidence ||| Teamwork ||| Focus ||| Leadership ||| Handling stress ||| Social Connections""]",Very confident,Quite easy,"",[],[],"[""help me feel more confident ||| make me feel included ||| make me feel comfortable asking them for help ||| help create safe environments ||| positively influence my experience""]",A little,More choice in activities ||| Fun social activities ||| Free or low-cost activities,Sometimes,2006-10-01,Romania,Female,4,14,12,27,5,5,12,4,6,0,10,4,12,4,0,0,0,"",Mobile,Safari 604.1
QTHL_a909ac,QTHL_aU0iJo,false,Anonymous,Guest,08:06:48 AM,09/07/2026,false,08:06:48 AM,09/07/2026,"",true,true,5.26,1/19,en,[1],false,"",0,"","","","","","","","","","","","","",[],[],[],"","","",[],[],[],"","","","","","",0,0,0,0,0,0,0,0,0,0,0,0,0,0,0,0,0,"",Desktop,Chrome 150.0
QTH2JRum1x8,QTH2JRWkQLM,false,Anonymous,Guest,08:51:36 AM,09/07/2026,false,08:51:36 AM,09/07/2026,"",true,true,5.26,1/19,en,[1],false,"",0,"","","","","","","","","","","","","",[],[],[],"","","",[],[],[],"","","","","","",0,0,0,0,0,0,0,0,0,0,0,0,0,0,0,0,0,"",Mobile,Chrome 149.0
QTIFOPw-OuU,QTIFOPNvJzc,false,Anonymous,Guest,09:08:01 AM,09/07/2026,false,09:08:01 AM,09/07/2026,"",true,true,5.26,1/19,en,[1],false,"",0,"","","","","","","","","","","","","",[],[],[],"","","",[],[],[],"","","","","","",0,0,0,0,0,0,0,0,0,0,0,0,0,0,0,0,0,"",Mobile,Safari 604.1
QTIDDcCcFd4,QTIDDbfuquU,false,Anonymous,Guest,09:10:49 AM,09/07/2026,false,09:10:51 AM,09/07/2026,"",true,true,100.00,19/19,en,"[1, 2, 3, 4, 5, 6, 7, 8, 9, 10, 12, 13, 14, 15, 16, 17, 18, 19]",false,"",14,2+ hours a week,Online/virtual fitness ||| Dance or movement ||| Informal play with friends,Feeling healthy or strong,5,5,5,5,5,5,5,5,"Yes, a lot",Very important,[],[],"[""Focus ||| Problem-solving ||| Social Connections ||| Confidence ||| Teamwork ||| Leadership ||| Speaking up ||| Handling stress""]",Very confident,Quite easy,"",[],[],"[""make me feel included ||| help me feel more confident ||| positively influence my experience ||| make me feel comfortable asking them for help ||| help create safe environments""]","Yes, a lot",More choice in activities ||| Free or low-cost activities ||| Better places to play,Never,2006-04-01,Afghanistan,Male,16,16,16,46,17,9,20,12,9,0,17,9,20,8,0,0,0,"",Mobile,Chrome 148.0
QTJcqL5QS-4,QTJcqLR4FTY,false,Anonymous,Guest,10:52:05 AM,09/07/2026,false,10:52:06 AM,09/07/2026,"",true,true,100.00,19/19,en,"[1, 2, 3, 4, 5, 6, 7, 8, 9, 10, 11, 12, 13, 14, 15, 16, 17, 18, 19]",false,unyo-instagram,15,Less than 30 minutes a week,Community sport club,Having fun,5,2,3,5,5,4,3,5,Very little,Quite important,"[""Speaking up ||| Leadership ||| Social Connections""]",[],"[""Problem-solving ||| Handling stress ||| Focus ||| Teamwork ||| Confidence""]",Somewhat confident,Very difficult,Lack of time,[],[],"[""positively influence my experience ||| help me feel more confident ||| make me feel included ||| make me feel comfortable asking them for help ||| help create safe environments""]",A little,Feeling welcome ||| Free or low-cost activities ||| Fun social activities,Sometimes,2006-06-01,Kenya,Female,14,29,16,50,12,11,20,15,16,21,12,7,41,10,0,0,0,"",Mobile,Chrome 149.0
QTKdwIIdkQE,QTKdwHjwSM8,false,Anonymous,Guest,12:01:27 PM,09/07/2026,false,12:01:27 PM,09/07/2026,"",true,false,"","",en,"",false,unyo-instagram,15,About 30–60 minutes a week,Gym or exercise ||| Online/virtual fitness,Having fun,4,2,3,1,1,5,5,1,"Yes, a lot",Very important,[],[],"[""Problem-solving ||| Confidence ||| Teamwork ||| Speaking up ||| Handling stress ||| Leadership ||| Focus ||| Social Connections""]",Very confident,Very difficult,School or work pressure,"[""make me feel included""]",[],"[""help me feel more confident ||| make me feel comfortable asking them for help ||| positively influence my experience ||| help create safe environments""]",A little,Feeling welcome ||| More choice in activities ||| Free or low-cost activities,Rarely,2009-06-01,Angola,Male,22,23,12,38,9,14,34,43,12,27,27,11,32,10,0,0,0,"",Mobile,Chrome 149.0
QTLLSfUlLV0,QTLLSejw1gM,false,Anonymous,Guest,12:55:50 PM,09/07/2026,false,12:55:50 PM,09/07/2026,"",true,true,5.26,1/19,en,[1],false,"",0,"","","","","","","","","","","","","",[],[],[],"","","",[],[],[],"","","","","","",0,0,0,0,0,0,0,0,0,0,0,0,0,0,0,0,0,"",Desktop,Chrome 149.0
QTLVdgk5nmo,QTLVdfyOHNw,false,Anonymous,Guest,01:00:04 PM,09/07/2026,false,01:00:04 PM,09/07/2026,"",true,true,100.00,19/19,en,"[1, 2, 3, 4, 5, 6, 7, 8, 9, 10, 12, 13, 14, 15, 16, 17, 18, 19]",false,"",14,2+ hours a week,Community sport club ||| Physical education (PE) or school sport,Feeling confident,5,5,5,5,5,5,5,5,"Yes, a lot",Very important,[],[],"[""Problem-solving ||| Leadership ||| Handling stress ||| Teamwork ||| Speaking up ||| Focus ||| Social Connections ||| Confidence""]",Very confident,Very easy,"",[],[],"[""make me feel comfortable asking them for help ||| help create safe environments ||| help me feel more confident ||| make me feel included ||| positively influence my experience""]","Yes, a lot",More choice in activities ||| Better places to play ||| Feeling welcome,Always,2012-07-01,Philippines,Male,233842,233831,233833,233855,233830,233828,233839,233843,233826,0,233833,233832,233855,233828,0,0,0,"",Desktop,Chrome 149.0
QTLXAeArJlU,QTLXAdmmdlo,false,Anonymous,Guest,01:03:09 PM,09/07/2026,false,01:03:10 PM,09/07/2026,"",true,true,100.00,19/19,en,"[1, 2, 3, 4, 5, 6, 7, 8, 9, 10, 11, 12, 13, 14, 15, 16, 17, 18, 19]",false,"",15,About 30–60 minutes a week,I don’t regularly take part,Having fun,5,4,5,4,5,5,5,4,Sometimes,Quite important,[],[],"[""Problem-solving ||| Handling stress ||| Leadership ||| Focus ||| Speaking up ||| Confidence ||| Teamwork ||| Social Connections""]",Very confident,Difficult,School or work pressure,"[""positively influence my experience ||| make me feel comfortable asking them for help""]",[],"[""help create safe environments ||| make me feel included ||| help me feel more confident""]","Yes, a lot",Better places to play ||| Free or low-cost activities ||| Supportive coaches,Rarely,2003-03-01,India,Prefer not to say,25,22,33,31,14,16,29,15,22,13,29,7,35,8,0,0,0,"",Mobile,Safari 604.1
QTNL2sOYhOc,QTNL2rUdWUQ,false,Anonymous,Guest,03:06:18 PM,09/07/2026,false,03:06:18 PM,09/07/2026,"",true,true,10.53,2/19,en,"[1, 2]",false,"",1,About 30–60 minutes a week,"","","","","","","","","","","","",[],[],[],"","","",[],[],[],"","","","","","",11,0,0,0,0,0,0,0,0,0,0,0,0,0,0,0,0,"",Desktop,Edge 150.0
QTNeiecoyoQ,QTNeid2y64g,false,Anonymous,Guest,03:36:05 PM,09/07/2026,false,03:36:05 PM,09/07/2026,"",true,false,"","",en,"",false,"",14,Less than 30 minutes a week,Dance or movement,Having fun,2,5,1,2,2,2,2,2,Sometimes,Quite important,"[""Speaking up ||| Teamwork""]",[],"[""Social Connections ||| Leadership ||| Handling stress ||| Confidence ||| Focus ||| Problem-solving""]",Very confident,Quite easy,"",[],[],"[""make me feel included ||| make me feel comfortable asking them for help ||| positively influence my experience ||| help create safe environments ||| help me feel more confident""]","Yes, a lot",Free or low-cost activities ||| Supportive coaches ||| Better places to play,Sometimes,2010-10-01,India,Female,48,86,40,131,39,51,35,21,31,0,18,14,36,35,0,0,0,"",Desktop,Chrome 149.0
QTN_g8h_FaM,QTN_g7FI04k,false,Anonymous,Guest,04:07:59 PM,09/07/2026,false,04:08:00 PM,09/07/2026,"",true,true,100.00,19/19,en,"[1, 2, 3, 4, 5, 6, 7, 8, 9, 10, 11, 12, 13, 14, 15, 16, 17, 18, 19]",false,"",15,About 30–60 minutes a week,I don’t regularly take part,Having fun,3,4,4,"",5,4,4,4,Sometimes,Quite important,"[""Social Connections""]",[],"[""Confidence ||| Teamwork ||| Speaking up ||| Leadership ||| Problem-solving ||| Handling stress ||| Focus""]",Somewhat confident,Difficult,Cost,"[""make me feel comfortable asking them for help ||| help me feel more confident ||| help create safe environments ||| make me feel included ||| positively influence my experience""]",[],[],Not sure,Fun social activities ||| Better places to play ||| More choice in activities,Rarely,2000-03-01,India,Female,24,20,30,64,28,13,45,20,32,17,27,11,37,13,0,0,0,"",Mobile,Safari 604.1
QTQyDTd0Epw,QTQyDSn3Ahw,false,Anonymous,Guest,07:20:39 PM,09/07/2026,false,07:20:40 PM,09/07/2026,"",true,true,100.00,19/19,en,"[1, 2, 3, 4, 5, 6, 7, 8, 9, 10, 11, 12, 13, 14, 15, 16, 17, 18, 19]",false,"",15,About 1–2 hours a week,Informal play with friends,Feeling healthy or strong,3,4,2,2,2,2,1,2,Very little,Neutral,"[""Leadership ||| Handling stress ||| Speaking up ||| Teamwork""]",[],"[""Problem-solving ||| Social Connections ||| Focus ||| Confidence""]",Confident,Difficult,Lack of time,"[""make me feel comfortable asking them for help ||| make me feel included""]",[],"[""help create safe environments ||| help me feel more confident ||| positively influence my experience""]",A little,More choice in activities ||| Better places to play ||| Free or low-cost activities,Never,2007-07-01,Ghana,Female,12,28,12,33,8,5,24,13,22,17,21,10,19,7,0,0,0,"",Mobile,Chrome 148.0
QTRefABdVIY,QTRee-SYNX4,false,Anonymous,Guest,08:11:39 PM,09/07/2026,false,08:11:39 PM,09/07/2026,"",true,true,100.00,19/19,en,"[1, 2, 3, 4, 5, 6, 7, 8, 9, 10, 12, 13, 14, 15, 16, 17, 18, 19]",false,"",14,About 1–2 hours a week,Informal play with friends ||| Gym or exercise,Feeling healthy or strong,5,5,5,5,5,5,4,4,"Yes, a lot",Very important,[],[],"[""Problem-solving ||| Focus ||| Confidence ||| Social Connections ||| Leadership ||| Speaking up ||| Handling stress ||| Teamwork""]",Confident,Quite easy,"",[],[],"[""make me feel comfortable asking them for help ||| help me feel more confident ||| positively influence my experience ||| make me feel included ||| help create safe environments""]","Yes, a lot",Free or low-cost activities ||| More choice in activities ||| Feeling welcome,Often,1997-03-01,United States,Male,13,31,24,76,12,7,43,23,26,0,12,7,29,15,0,0,0,"",Mobile,Safari 604.1
QTWbyJG4AFQ,QTWbyIdbpvQ,false,Anonymous,Guest,01:51:21 AM,10/07/2026,false,"","","",true,false,"","",en,"",false,"",0,"","","","","","","","","","","","","",[],[],[],"","","",[],[],[],"","","","","","",0,0,0,0,0,0,0,0,0,0,0,0,0,0,0,0,0,"",Mobile,Safari 604.1
QTWZLN6SOKA,QTWZLNTb1GM,false,Anonymous,Guest,01:56:58 AM,10/07/2026,false,01:56:59 AM,10/07/2026,"",true,true,100.00,19/19,en,"[1, 2, 3, 4, 5, 6, 7, 8, 9, 10, 11, 12, 13, 14, 15, 16, 17, 18, 19]",false,"",15,About 30–60 minutes a week,Informal play with friends,Relaxing or reducing stress,5,5,5,5,5,3,5,5,"Yes, a lot",Very important,[],[],"[""Focus ||| Problem-solving ||| Leadership ||| Teamwork ||| Confidence ||| Social Connections ||| Handling stress ||| Speaking up""]",Very confident,Difficult,Cost,[],[],"[""help create safe environments ||| make me feel included ||| help me feel more confident ||| make me feel comfortable asking them for help ||| positively influence my experience""]","Yes, a lot",Supportive coaches ||| Better places to play ||| Free or low-cost activities,Often,2008-08-01,Peru,Female,12,12,11,149,9,9,19,15,12,53,15,9,38,14,0,0,0,"",Desktop,Chrome 150.0
QTYW1gu5Iq0,QTYW1f6rAPs,false,Anonymous,Guest,04:07:23 AM,10/07/2026,false,"","","",true,false,"","",en,"",false,unyo-instagram,9,About 1–2 hours a week,Dance or movement,Feeling healthy or strong,5,4,4,5,4,3,5,5,Sometimes,Quite important,[],[],"[""Focus ||| Confidence ||| Speaking up ||| Leadership ||| Problem-solving ||| Social Connections ||| Handling stress ||| Teamwork""]",Confident,Very easy,"",[],[],[],"","","","","","",6,7,11,27,7,5,15,7,5,0,0,0,0,0,0,0,0,"",Mobile,Chrome 150.0
QTcMFjZ7seg,QTcMFi22Vis,false,Anonymous,Guest,08:36:20 AM,10/07/2026,false,"","","",true,false,"","",en,"",false,"",10,2+ hours a week,Community sport club,Feeling healthy or strong,5,5,5,5,5,3,3,5,"Yes, a lot",Very important,[],[],"[""Leadership ||| Problem-solving ||| Speaking up ||| Teamwork ||| Focus ||| Handling stress ||| Confidence ||| Social Connections""]",Very confident,Very easy,"",[],[],"[""make me feel comfortable asking them for help ||| help me feel more confident ||| positively influence my experience ||| help create safe environments ||| make me feel included""]","","","","","","",10,26,14,33,10,7,19,16,8,0,21,0,0,0,0,0,0,"",Desktop,Edge 150.0
QTcscsFtjRE,QTcscrWF5c8,false,Anonymous,Guest,09:18:51 AM,10/07/2026,false,09:18:51 AM,10/07/2026,"",true,false,"","",en,"",false,"",15,2+ hours a week,Dance or movement ||| Informal play with friends,Spending time with friends,5,4,5,5,4,4,4,5,"Yes, a lot",Very important,[],[],"[""Social Connections ||| Focus ||| Confidence ||| Problem-solving ||| Teamwork ||| Leadership ||| Speaking up ||| Handling stress""]",Confident,Difficult,Cost,[],[],"[""make me feel included ||| help create safe environments ||| positively influence my experience ||| make me feel comfortable asking them for help ||| help me feel more confident""]","Yes, a lot",Free or low-cost activities ||| Fun social activities ||| Feeling welcome,Sometimes,2005-03-01,Uganda,Male,50,39,26,91,20,29,28,19,15,18,24,26,37,15,0,0,0,"",Mobile,Chrome 149.0
QTdwa6PTniY,QTdwa5aOJgg,false,Anonymous,Guest,10:34:53 AM,10/07/2026,false,10:34:54 AM,10/07/2026,"",true,true,100.00,19/19,en,"[1, 2, 3, 4, 5, 6, 7, 8, 9, 10, 12, 13, 14, 15, 16, 17, 18, 19]",false,"",14,2+ hours a week,Community sport club ||| Physical education (PE) or school sport ||| Gym or exercise,Having fun,5,5,3,3,5,3,5,5,Sometimes,Quite important,"[""Speaking up ||| Problem-solving""]",[],"[""Focus ||| Teamwork ||| Handling stress ||| Confidence ||| Social Connections ||| Leadership""]",Very confident,Quite easy,"","[""help me feel more confident""]",[],"[""positively influence my experience ||| make me feel included ||| help create safe environments ||| make me feel comfortable asking them for help""]",A little,Better places to play ||| Feeling welcome ||| Free or low-cost activities,Always,2003-03-01,Ethiopia,Male,25,55,37,133,20,10,54,33,16,0,32,20,55,39,0,0,0,"",Desktop,Chrome 149.0
